{
  "type": "FeatureCollection",
  "features": [
    {
      "type": "Feature",
      "geometry": {
        "type": "Point",
        "coordinates": [
          72.5714,
          23.0225
        ]
      },
      "properties": {
        "name": "Ahmedabad Central Core",
        "population": 1020000,
        "density_per_sq_km": 21275.0,
        "city": "Ahmedabad",
        "district": "Ahmedabad",
        "income_index": 0.85,
        "value": 0.93
      }
    },
    {
      "type": "Feature",
      "geometry": {
        "type": "Point",
        "coordinates": [
          72.58461,
          23.09925
        ]
      },
      "properties": {
        "name": "Ahmedabad Ward 1",
        "population": 32808,
        "density_per_sq_km": 13263.6,
        "city": "Ahmedabad",
        "district": "Ahmedabad",
        "income_index": 0.71,
        "value": 0.585
      }
    },
    {
      "type": "Feature",
      "geometry": {
        "type": "Point",
        "coordinates": [
          72.5395,
          23.059
        ]
      },
      "properties": {
        "name": "Ahmedabad Ward 2",
        "population": 45022,
        "density_per_sq_km": 11896.5,
        "city": "Ahmedabad",
        "district": "Ahmedabad",
        "income_index": 0.77,
        "value": 0.628
      }
    },
    {
      "type": "Feature",
      "geometry": {
        "type": "Point",
        "coordinates": [
          72.57034,
          22.99341
        ]
      },
      "properties": {
        "name": "Ahmedabad Ward 3",
        "population": 42894,
        "density_per_sq_km": 17075.1,
        "city": "Ahmedabad",
        "district": "Ahmedabad",
        "income_index": 0.8,
        "value": 0.747
      }
    },
    {
      "type": "Feature",
      "geometry": {
        "type": "Point",
        "coordinates": [
          72.69444,
          23.04378
        ]
      },
      "properties": {
        "name": "Ahmedabad Ward 4",
        "population": 34199,
        "density_per_sq_km": 7252.1,
        "city": "Ahmedabad",
        "district": "Ahmedabad",
        "income_index": 0.65,
        "value": 0.464
      }
    },
    {
      "type": "Feature",
      "geometry": {
        "type": "Point",
        "coordinates": [
          72.48327,
          22.99509
        ]
      },
      "properties": {
        "name": "Ahmedabad Ward 5",
        "population": 29620,
        "density_per_sq_km": 13564.5,
        "city": "Ahmedabad",
        "district": "Ahmedabad",
        "income_index": 0.7,
        "value": 0.501
      }
    },
    {
      "type": "Feature",
      "geometry": {
        "type": "Point",
        "coordinates": [
          72.60071,
          23.06342
        ]
      },
      "properties": {
        "name": "Ahmedabad Ward 6",
        "population": 55795,
        "density_per_sq_km": 15074.7,
        "city": "Ahmedabad",
        "district": "Ahmedabad",
        "income_index": 0.76,
        "value": 0.714
      }
    },
    {
      "type": "Feature",
      "geometry": {
        "type": "Point",
        "coordinates": [
          72.45464,
          23.00874
        ]
      },
      "properties": {
        "name": "Ahmedabad Ward 7",
        "population": 39228,
        "density_per_sq_km": 9135.0,
        "city": "Ahmedabad",
        "district": "Ahmedabad",
        "income_index": 0.66,
        "value": 0.449
      }
    },
    {
      "type": "Feature",
      "geometry": {
        "type": "Point",
        "coordinates": [
          72.45766,
          23.07954
        ]
      },
      "properties": {
        "name": "Ahmedabad Ward 8",
        "population": 33795,
        "density_per_sq_km": 8977.5,
        "city": "Ahmedabad",
        "district": "Ahmedabad",
        "income_index": 0.64,
        "value": 0.433
      }
    },
    {
      "type": "Feature",
      "geometry": {
        "type": "Point",
        "coordinates": [
          72.59342,
          23.09094
        ]
      },
      "properties": {
        "name": "Ahmedabad Ward 9",
        "population": 35751,
        "density_per_sq_km": 10512.8,
        "city": "Ahmedabad",
        "district": "Ahmedabad",
        "income_index": 0.72,
        "value": 0.538
      }
    },
    {
      "type": "Feature",
      "geometry": {
        "type": "Point",
        "coordinates": [
          72.6217,
          23.08538
        ]
      },
      "properties": {
        "name": "Ahmedabad Ward 10",
        "population": 41886,
        "density_per_sq_km": 11433.0,
        "city": "Ahmedabad",
        "district": "Ahmedabad",
        "income_index": 0.71,
        "value": 0.535
      }
    },
    {
      "type": "Feature",
      "geometry": {
        "type": "Point",
        "coordinates": [
          72.65202,
          23.0418
        ]
      },
      "properties": {
        "name": "Ahmedabad Ward 11",
        "population": 49039,
        "density_per_sq_km": 12925.4,
        "city": "Ahmedabad",
        "district": "Ahmedabad",
        "income_index": 0.71,
        "value": 0.578
      }
    },
    {
      "type": "Feature",
      "geometry": {
        "type": "Point",
        "coordinates": [
          72.70129,
          23.08711
        ]
      },
      "properties": {
        "name": "Ahmedabad Ward 12",
        "population": 19060,
        "density_per_sq_km": 6984.0,
        "city": "Ahmedabad",
        "district": "Ahmedabad",
        "income_index": 0.61,
        "value": 0.415
      }
    },
    {
      "type": "Feature",
      "geometry": {
        "type": "Point",
        "coordinates": [
          72.47849,
          22.95176
        ]
      },
      "properties": {
        "name": "Ahmedabad Ward 13",
        "population": 33366,
        "density_per_sq_km": 10671.5,
        "city": "Ahmedabad",
        "district": "Ahmedabad",
        "income_index": 0.65,
        "value": 0.475
      }
    },
    {
      "type": "Feature",
      "geometry": {
        "type": "Point",
        "coordinates": [
          72.60511,
          23.02661
        ]
      },
      "properties": {
        "name": "Ahmedabad Ward 14",
        "population": 45830,
        "density_per_sq_km": 14449.8,
        "city": "Ahmedabad",
        "district": "Ahmedabad",
        "income_index": 0.79,
        "value": 0.686
      }
    },
    {
      "type": "Feature",
      "geometry": {
        "type": "Point",
        "coordinates": [
          72.50851,
          23.17688
        ]
      },
      "properties": {
        "name": "Ahmedabad Ward 15",
        "population": 14255,
        "density_per_sq_km": 5265.6,
        "city": "Ahmedabad",
        "district": "Ahmedabad",
        "income_index": 0.56,
        "value": 0.211
      }
    },
    {
      "type": "Feature",
      "geometry": {
        "type": "Point",
        "coordinates": [
          72.5164,
          23.10753
        ]
      },
      "properties": {
        "name": "Ahmedabad Ward 16",
        "population": 28875,
        "density_per_sq_km": 9320.4,
        "city": "Ahmedabad",
        "district": "Ahmedabad",
        "income_index": 0.67,
        "value": 0.486
      }
    },
    {
      "type": "Feature",
      "geometry": {
        "type": "Point",
        "coordinates": [
          72.69551,
          23.01334
        ]
      },
      "properties": {
        "name": "Ahmedabad Ward 17",
        "population": 35869,
        "density_per_sq_km": 8721.4,
        "city": "Ahmedabad",
        "district": "Ahmedabad",
        "income_index": 0.65,
        "value": 0.373
      }
    },
    {
      "type": "Feature",
      "geometry": {
        "type": "Point",
        "coordinates": [
          72.56963,
          23.1275
        ]
      },
      "properties": {
        "name": "Ahmedabad Ward 18",
        "population": 24333,
        "density_per_sq_km": 8085.3,
        "city": "Ahmedabad",
        "district": "Ahmedabad",
        "income_index": 0.66,
        "value": 0.391
      }
    },
    {
      "type": "Feature",
      "geometry": {
        "type": "Point",
        "coordinates": [
          72.45677,
          22.92019
        ]
      },
      "properties": {
        "name": "Ahmedabad Ward 19",
        "population": 19756,
        "density_per_sq_km": 5306.5,
        "city": "Ahmedabad",
        "district": "Ahmedabad",
        "income_index": 0.59,
        "value": 0.276
      }
    },
    {
      "type": "Feature",
      "geometry": {
        "type": "Point",
        "coordinates": [
          72.56856,
          23.12991
        ]
      },
      "properties": {
        "name": "Ahmedabad Ward 20",
        "population": 39492,
        "density_per_sq_km": 11071.0,
        "city": "Ahmedabad",
        "district": "Ahmedabad",
        "income_index": 0.66,
        "value": 0.366
      }
    },
    {
      "type": "Feature",
      "geometry": {
        "type": "Point",
        "coordinates": [
          72.8311,
          21.1702
        ]
      },
      "properties": {
        "name": "Surat Central Core",
        "population": 780000,
        "density_per_sq_km": 18400.0,
        "city": "Surat",
        "district": "Surat",
        "income_index": 0.85,
        "value": 0.94
      }
    },
    {
      "type": "Feature",
      "geometry": {
        "type": "Point",
        "coordinates": [
          72.74614,
          21.13395
        ]
      },
      "properties": {
        "name": "Surat Ward 1",
        "population": 20366,
        "density_per_sq_km": 8728.9,
        "city": "Surat",
        "district": "Surat",
        "income_index": 0.66,
        "value": 0.377
      }
    },
    {
      "type": "Feature",
      "geometry": {
        "type": "Point",
        "coordinates": [
          72.86491,
          21.09764
        ]
      },
      "properties": {
        "name": "Surat Ward 2",
        "population": 32141,
        "density_per_sq_km": 10324.4,
        "city": "Surat",
        "district": "Surat",
        "income_index": 0.67,
        "value": 0.439
      }
    },
    {
      "type": "Feature",
      "geometry": {
        "type": "Point",
        "coordinates": [
          72.83089,
          21.11822
        ]
      },
      "properties": {
        "name": "Surat Ward 3",
        "population": 40007,
        "density_per_sq_km": 13071.6,
        "city": "Surat",
        "district": "Surat",
        "income_index": 0.73,
        "value": 0.573
      }
    },
    {
      "type": "Feature",
      "geometry": {
        "type": "Point",
        "coordinates": [
          72.75331,
          21.10938
        ]
      },
      "properties": {
        "name": "Surat Ward 4",
        "population": 17310,
        "density_per_sq_km": 8390.7,
        "city": "Surat",
        "district": "Surat",
        "income_index": 0.64,
        "value": 0.41
      }
    },
    {
      "type": "Feature",
      "geometry": {
        "type": "Point",
        "coordinates": [
          72.73987,
          21.18567
        ]
      },
      "properties": {
        "name": "Surat Ward 5",
        "population": 16911,
        "density_per_sq_km": 7736.5,
        "city": "Surat",
        "district": "Surat",
        "income_index": 0.66,
        "value": 0.365
      }
    },
    {
      "type": "Feature",
      "geometry": {
        "type": "Point",
        "coordinates": [
          72.76985,
          21.28982
        ]
      },
      "properties": {
        "name": "Surat Ward 6",
        "population": 14304,
        "density_per_sq_km": 3903.3,
        "city": "Surat",
        "district": "Surat",
        "income_index": 0.56,
        "value": 0.154
      }
    },
    {
      "type": "Feature",
      "geometry": {
        "type": "Point",
        "coordinates": [
          72.72051,
          21.2773
        ]
      },
      "properties": {
        "name": "Surat Ward 7",
        "population": 6070,
        "density_per_sq_km": 2781.2,
        "city": "Surat",
        "district": "Surat",
        "income_index": 0.52,
        "value": 0.15
      }
    },
    {
      "type": "Feature",
      "geometry": {
        "type": "Point",
        "coordinates": [
          72.70911,
          21.17779
        ]
      },
      "properties": {
        "name": "Surat Ward 8",
        "population": 13161,
        "density_per_sq_km": 5818.1,
        "city": "Surat",
        "district": "Surat",
        "income_index": 0.6,
        "value": 0.32
      }
    },
    {
      "type": "Feature",
      "geometry": {
        "type": "Point",
        "coordinates": [
          72.97131,
          21.15779
        ]
      },
      "properties": {
        "name": "Surat Ward 9",
        "population": 11791,
        "density_per_sq_km": 3837.1,
        "city": "Surat",
        "district": "Surat",
        "income_index": 0.56,
        "value": 0.237
      }
    },
    {
      "type": "Feature",
      "geometry": {
        "type": "Point",
        "coordinates": [
          72.77289,
          21.16332
        ]
      },
      "properties": {
        "name": "Surat Ward 10",
        "population": 28274,
        "density_per_sq_km": 13348.1,
        "city": "Surat",
        "district": "Surat",
        "income_index": 0.73,
        "value": 0.616
      }
    },
    {
      "type": "Feature",
      "geometry": {
        "type": "Point",
        "coordinates": [
          72.86575,
          21.09136
        ]
      },
      "properties": {
        "name": "Surat Ward 11",
        "population": 18790,
        "density_per_sq_km": 7505.4,
        "city": "Surat",
        "district": "Surat",
        "income_index": 0.66,
        "value": 0.422
      }
    },
    {
      "type": "Feature",
      "geometry": {
        "type": "Point",
        "coordinates": [
          72.79832,
          21.12089
        ]
      },
      "properties": {
        "name": "Surat Ward 12",
        "population": 25916,
        "density_per_sq_km": 8986.4,
        "city": "Surat",
        "district": "Surat",
        "income_index": 0.72,
        "value": 0.597
      }
    },
    {
      "type": "Feature",
      "geometry": {
        "type": "Point",
        "coordinates": [
          72.97793,
          21.18842
        ]
      },
      "properties": {
        "name": "Surat Ward 13",
        "population": 12802,
        "density_per_sq_km": 3093.4,
        "city": "Surat",
        "district": "Surat",
        "income_index": 0.54,
        "value": 0.156
      }
    },
    {
      "type": "Feature",
      "geometry": {
        "type": "Point",
        "coordinates": [
          72.77844,
          21.14279
        ]
      },
      "properties": {
        "name": "Surat Ward 14",
        "population": 24723,
        "density_per_sq_km": 12923.7,
        "city": "Surat",
        "district": "Surat",
        "income_index": 0.73,
        "value": 0.596
      }
    },
    {
      "type": "Feature",
      "geometry": {
        "type": "Point",
        "coordinates": [
          72.85249,
          21.0552
        ]
      },
      "properties": {
        "name": "Surat Ward 15",
        "population": 18842,
        "density_per_sq_km": 4937.6,
        "city": "Surat",
        "district": "Surat",
        "income_index": 0.59,
        "value": 0.235
      }
    },
    {
      "type": "Feature",
      "geometry": {
        "type": "Point",
        "coordinates": [
          72.86547,
          21.1009
        ]
      },
      "properties": {
        "name": "Surat Ward 16",
        "population": 25723,
        "density_per_sq_km": 10064.1,
        "city": "Surat",
        "district": "Surat",
        "income_index": 0.68,
        "value": 0.518
      }
    },
    {
      "type": "Feature",
      "geometry": {
        "type": "Point",
        "coordinates": [
          72.82679,
          21.21044
        ]
      },
      "properties": {
        "name": "Surat Ward 17",
        "population": 33324,
        "density_per_sq_km": 11611.5,
        "city": "Surat",
        "district": "Surat",
        "income_index": 0.76,
        "value": 0.717
      }
    },
    {
      "type": "Feature",
      "geometry": {
        "type": "Point",
        "coordinates": [
          72.88837,
          21.17065
        ]
      },
      "properties": {
        "name": "Surat Ward 18",
        "population": 31074,
        "density_per_sq_km": 10906.0,
        "city": "Surat",
        "district": "Surat",
        "income_index": 0.73,
        "value": 0.563
      }
    },
    {
      "type": "Feature",
      "geometry": {
        "type": "Point",
        "coordinates": [
          72.9837,
          21.17037
        ]
      },
      "properties": {
        "name": "Surat Ward 19",
        "population": 9254,
        "density_per_sq_km": 3850.0,
        "city": "Surat",
        "district": "Surat",
        "income_index": 0.53,
        "value": 0.187
      }
    },
    {
      "type": "Feature",
      "geometry": {
        "type": "Point",
        "coordinates": [
          72.89026,
          21.33788
        ]
      },
      "properties": {
        "name": "Surat Ward 20",
        "population": 6508,
        "density_per_sq_km": 2280.2,
        "city": "Surat",
        "district": "Surat",
        "income_index": 0.5,
        "value": 0.17
      }
    },
    {
      "type": "Feature",
      "geometry": {
        "type": "Point",
        "coordinates": [
          73.1812,
          22.3072
        ]
      },
      "properties": {
        "name": "Vadodara Central Core",
        "population": 276000,
        "density_per_sq_km": 10925.0,
        "city": "Vadodara",
        "district": "Vadodara",
        "income_index": 0.85,
        "value": 0.95
      }
    },
    {
      "type": "Feature",
      "geometry": {
        "type": "Point",
        "coordinates": [
          73.24299,
          22.34038
        ]
      },
      "properties": {
        "name": "Vadodara Ward 1",
        "population": 7291,
        "density_per_sq_km": 4940.3,
        "city": "Vadodara",
        "district": "Vadodara",
        "income_index": 0.67,
        "value": 0.39
      }
    },
    {
      "type": "Feature",
      "geometry": {
        "type": "Point",
        "coordinates": [
          73.27876,
          22.21232
        ]
      },
      "properties": {
        "name": "Vadodara Ward 2",
        "population": 1672,
        "density_per_sq_km": 1269.5,
        "city": "Vadodara",
        "district": "Vadodara",
        "income_index": 0.5,
        "value": 0.15
      }
    },
    {
      "type": "Feature",
      "geometry": {
        "type": "Point",
        "coordinates": [
          73.24236,
          22.1995
        ]
      },
      "properties": {
        "name": "Vadodara Ward 3",
        "population": 3222,
        "density_per_sq_km": 1514.8,
        "city": "Vadodara",
        "district": "Vadodara",
        "income_index": 0.51,
        "value": 0.168
      }
    },
    {
      "type": "Feature",
      "geometry": {
        "type": "Point",
        "coordinates": [
          73.22808,
          22.33675
        ]
      },
      "properties": {
        "name": "Vadodara Ward 4",
        "population": 12980,
        "density_per_sq_km": 6232.4,
        "city": "Vadodara",
        "district": "Vadodara",
        "income_index": 0.7,
        "value": 0.547
      }
    },
    {
      "type": "Feature",
      "geometry": {
        "type": "Point",
        "coordinates": [
          73.15193,
          22.30686
        ]
      },
      "properties": {
        "name": "Vadodara Ward 5",
        "population": 13704,
        "density_per_sq_km": 7724.1,
        "city": "Vadodara",
        "district": "Vadodara",
        "income_index": 0.77,
        "value": 0.747
      }
    },
    {
      "type": "Feature",
      "geometry": {
        "type": "Point",
        "coordinates": [
          73.29192,
          22.37455
        ]
      },
      "properties": {
        "name": "Vadodara Ward 6",
        "population": 1829,
        "density_per_sq_km": 1241.9,
        "city": "Vadodara",
        "district": "Vadodara",
        "income_index": 0.51,
        "value": 0.15
      }
    },
    {
      "type": "Feature",
      "geometry": {
        "type": "Point",
        "coordinates": [
          73.13541,
          22.28568
        ]
      },
      "properties": {
        "name": "Vadodara Ward 7",
        "population": 8448,
        "density_per_sq_km": 7362.5,
        "city": "Vadodara",
        "district": "Vadodara",
        "income_index": 0.72,
        "value": 0.529
      }
    },
    {
      "type": "Feature",
      "geometry": {
        "type": "Point",
        "coordinates": [
          73.13462,
          22.24338
        ]
      },
      "properties": {
        "name": "Vadodara Ward 8",
        "population": 7152,
        "density_per_sq_km": 4573.0,
        "city": "Vadodara",
        "district": "Vadodara",
        "income_index": 0.64,
        "value": 0.4
      }
    },
    {
      "type": "Feature",
      "geometry": {
        "type": "Point",
        "coordinates": [
          73.1619,
          22.34826
        ]
      },
      "properties": {
        "name": "Vadodara Ward 9",
        "population": 12470,
        "density_per_sq_km": 5864.7,
        "city": "Vadodara",
        "district": "Vadodara",
        "income_index": 0.73,
        "value": 0.569
      }
    },
    {
      "type": "Feature",
      "geometry": {
        "type": "Point",
        "coordinates": [
          73.13096,
          22.28229
        ]
      },
      "properties": {
        "name": "Vadodara Ward 10",
        "population": 9137,
        "density_per_sq_km": 6631.6,
        "city": "Vadodara",
        "district": "Vadodara",
        "income_index": 0.7,
        "value": 0.471
      }
    },
    {
      "type": "Feature",
      "geometry": {
        "type": "Point",
        "coordinates": [
          73.22037,
          22.17211
        ]
      },
      "properties": {
        "name": "Vadodara Ward 11",
        "population": 2479,
        "density_per_sq_km": 945.4,
        "city": "Vadodara",
        "district": "Vadodara",
        "income_index": 0.5,
        "value": 0.15
      }
    },
    {
      "type": "Feature",
      "geometry": {
        "type": "Point",
        "coordinates": [
          73.30604,
          22.29614
        ]
      },
      "properties": {
        "name": "Vadodara Ward 12",
        "population": 3823,
        "density_per_sq_km": 2134.0,
        "city": "Vadodara",
        "district": "Vadodara",
        "income_index": 0.53,
        "value": 0.15
      }
    },
    {
      "type": "Feature",
      "geometry": {
        "type": "Point",
        "coordinates": [
          73.27143,
          22.36185
        ]
      },
      "properties": {
        "name": "Vadodara Ward 13",
        "population": 5532,
        "density_per_sq_km": 3055.1,
        "city": "Vadodara",
        "district": "Vadodara",
        "income_index": 0.57,
        "value": 0.34
      }
    },
    {
      "type": "Feature",
      "geometry": {
        "type": "Point",
        "coordinates": [
          73.16824,
          22.29894
        ]
      },
      "properties": {
        "name": "Vadodara Ward 14",
        "population": 17096,
        "density_per_sq_km": 7855.1,
        "city": "Vadodara",
        "district": "Vadodara",
        "income_index": 0.81,
        "value": 0.79
      }
    },
    {
      "type": "Feature",
      "geometry": {
        "type": "Point",
        "coordinates": [
          70.8022,
          22.3039
        ]
      },
      "properties": {
        "name": "Rajkot Central Core",
        "population": 228000,
        "density_per_sq_km": 9775.0,
        "city": "Rajkot",
        "district": "Rajkot",
        "income_index": 0.65,
        "value": 0.96
      }
    },
    {
      "type": "Feature",
      "geometry": {
        "type": "Point",
        "coordinates": [
          70.82926,
          22.32617
        ]
      },
      "properties": {
        "name": "Rajkot Ward 1",
        "population": 7756,
        "density_per_sq_km": 6528.4,
        "city": "Rajkot",
        "district": "Rajkot",
        "income_index": 0.75,
        "value": 0.603
      }
    },
    {
      "type": "Feature",
      "geometry": {
        "type": "Point",
        "coordinates": [
          70.7486,
          22.23983
        ]
      },
      "properties": {
        "name": "Rajkot Ward 2",
        "population": 4424,
        "density_per_sq_km": 3587.0,
        "city": "Rajkot",
        "district": "Rajkot",
        "income_index": 0.61,
        "value": 0.303
      }
    },
    {
      "type": "Feature",
      "geometry": {
        "type": "Point",
        "coordinates": [
          70.81028,
          22.20037
        ]
      },
      "properties": {
        "name": "Rajkot Ward 3",
        "population": 3693,
        "density_per_sq_km": 1649.6,
        "city": "Rajkot",
        "district": "Rajkot",
        "income_index": 0.54,
        "value": 0.185
      }
    },
    {
      "type": "Feature",
      "geometry": {
        "type": "Point",
        "coordinates": [
          70.81479,
          22.30193
        ]
      },
      "properties": {
        "name": "Rajkot Ward 4",
        "population": 14017,
        "density_per_sq_km": 8182.1,
        "city": "Rajkot",
        "district": "Rajkot",
        "income_index": 0.82,
        "value": 0.738
      }
    },
    {
      "type": "Feature",
      "geometry": {
        "type": "Point",
        "coordinates": [
          70.72995,
          22.30021
        ]
      },
      "properties": {
        "name": "Rajkot Ward 5",
        "population": 6434,
        "density_per_sq_km": 3448.0,
        "city": "Rajkot",
        "district": "Rajkot",
        "income_index": 0.65,
        "value": 0.361
      }
    },
    {
      "type": "Feature",
      "geometry": {
        "type": "Point",
        "coordinates": [
          70.72718,
          22.38077
        ]
      },
      "properties": {
        "name": "Rajkot Ward 6",
        "population": 3187,
        "density_per_sq_km": 2251.3,
        "city": "Rajkot",
        "district": "Rajkot",
        "income_index": 0.54,
        "value": 0.212
      }
    },
    {
      "type": "Feature",
      "geometry": {
        "type": "Point",
        "coordinates": [
          70.8324,
          22.32472
        ]
      },
      "properties": {
        "name": "Rajkot Ward 7",
        "population": 8789,
        "density_per_sq_km": 7315.1,
        "city": "Rajkot",
        "district": "Rajkot",
        "income_index": 0.75,
        "value": 0.678
      }
    },
    {
      "type": "Feature",
      "geometry": {
        "type": "Point",
        "coordinates": [
          70.71694,
          22.36975
        ]
      },
      "properties": {
        "name": "Rajkot Ward 8",
        "population": 2658,
        "density_per_sq_km": 1832.6,
        "city": "Rajkot",
        "district": "Rajkot",
        "income_index": 0.55,
        "value": 0.15
      }
    },
    {
      "type": "Feature",
      "geometry": {
        "type": "Point",
        "coordinates": [
          70.69555,
          22.3228
        ]
      },
      "properties": {
        "name": "Rajkot Ward 9",
        "population": 3229,
        "density_per_sq_km": 2285.8,
        "city": "Rajkot",
        "district": "Rajkot",
        "income_index": 0.55,
        "value": 0.163
      }
    },
    {
      "type": "Feature",
      "geometry": {
        "type": "Point",
        "coordinates": [
          70.75718,
          22.39223
        ]
      },
      "properties": {
        "name": "Rajkot Ward 10",
        "population": 4691,
        "density_per_sq_km": 2650.2,
        "city": "Rajkot",
        "district": "Rajkot",
        "income_index": 0.56,
        "value": 0.297
      }
    },
    {
      "type": "Feature",
      "geometry": {
        "type": "Point",
        "coordinates": [
          70.81609,
          22.38576
        ]
      },
      "properties": {
        "name": "Rajkot Ward 11",
        "population": 4651,
        "density_per_sq_km": 3854.6,
        "city": "Rajkot",
        "district": "Rajkot",
        "income_index": 0.6,
        "value": 0.377
      }
    },
    {
      "type": "Feature",
      "geometry": {
        "type": "Point",
        "coordinates": [
          70.72818,
          22.36356
        ]
      },
      "properties": {
        "name": "Rajkot Ward 12",
        "population": 3779,
        "density_per_sq_km": 3107.2,
        "city": "Rajkot",
        "district": "Rajkot",
        "income_index": 0.58,
        "value": 0.216
      }
    },
    {
      "type": "Feature",
      "geometry": {
        "type": "Point",
        "coordinates": [
          70.72688,
          22.37114
        ]
      },
      "properties": {
        "name": "Rajkot Ward 13",
        "population": 3171,
        "density_per_sq_km": 2714.0,
        "city": "Rajkot",
        "district": "Rajkot",
        "income_index": 0.56,
        "value": 0.235
      }
    },
    {
      "type": "Feature",
      "geometry": {
        "type": "Point",
        "coordinates": [
          70.89273,
          22.27363
        ]
      },
      "properties": {
        "name": "Rajkot Ward 14",
        "population": 3828,
        "density_per_sq_km": 2345.9,
        "city": "Rajkot",
        "district": "Rajkot",
        "income_index": 0.59,
        "value": 0.241
      }
    },
    {
      "type": "Feature",
      "geometry": {
        "type": "Point",
        "coordinates": [
          72.6369,
          23.2156
        ]
      },
      "properties": {
        "name": "Gandhinagar Central Core",
        "population": 54000,
        "density_per_sq_km": 5175.0,
        "city": "Gandhinagar",
        "district": "Gandhinagar",
        "income_index": 0.85,
        "value": 0.89
      }
    },
    {
      "type": "Feature",
      "geometry": {
        "type": "Point",
        "coordinates": [
          72.5604,
          23.27707
        ]
      },
      "properties": {
        "name": "Gandhinagar Ward 1",
        "population": 500,
        "density_per_sq_km": 647.4,
        "city": "Gandhinagar",
        "district": "Gandhinagar",
        "income_index": 0.5,
        "value": 0.15
      }
    },
    {
      "type": "Feature",
      "geometry": {
        "type": "Point",
        "coordinates": [
          72.63008,
          23.26824
        ]
      },
      "properties": {
        "name": "Gandhinagar Ward 2",
        "population": 2008,
        "density_per_sq_km": 1940.5,
        "city": "Gandhinagar",
        "district": "Gandhinagar",
        "income_index": 0.65,
        "value": 0.508
      }
    },
    {
      "type": "Feature",
      "geometry": {
        "type": "Point",
        "coordinates": [
          72.72753,
          23.25571
        ]
      },
      "properties": {
        "name": "Gandhinagar Ward 3",
        "population": 500,
        "density_per_sq_km": 549.7,
        "city": "Gandhinagar",
        "district": "Gandhinagar",
        "income_index": 0.51,
        "value": 0.15
      }
    },
    {
      "type": "Feature",
      "geometry": {
        "type": "Point",
        "coordinates": [
          72.59271,
          23.21009
        ]
      },
      "properties": {
        "name": "Gandhinagar Ward 4",
        "population": 2074,
        "density_per_sq_km": 2807.0,
        "city": "Gandhinagar",
        "district": "Gandhinagar",
        "income_index": 0.7,
        "value": 0.509
      }
    },
    {
      "type": "Feature",
      "geometry": {
        "type": "Point",
        "coordinates": [
          72.61794,
          23.18223
        ]
      },
      "properties": {
        "name": "Gandhinagar Ward 5",
        "population": 2298,
        "density_per_sq_km": 2348.6,
        "city": "Gandhinagar",
        "district": "Gandhinagar",
        "income_index": 0.71,
        "value": 0.622
      }
    },
    {
      "type": "Feature",
      "geometry": {
        "type": "Point",
        "coordinates": [
          72.61991,
          23.15224
        ]
      },
      "properties": {
        "name": "Gandhinagar Ward 6",
        "population": 1421,
        "density_per_sq_km": 1905.5,
        "city": "Gandhinagar",
        "district": "Gandhinagar",
        "income_index": 0.61,
        "value": 0.315
      }
    },
    {
      "type": "Feature",
      "geometry": {
        "type": "Point",
        "coordinates": [
          72.66526,
          23.27101
        ]
      },
      "properties": {
        "name": "Gandhinagar Ward 7",
        "population": 1233,
        "density_per_sq_km": 1806.1,
        "city": "Gandhinagar",
        "district": "Gandhinagar",
        "income_index": 0.62,
        "value": 0.424
      }
    },
    {
      "type": "Feature",
      "geometry": {
        "type": "Point",
        "coordinates": [
          72.59389,
          23.208
        ]
      },
      "properties": {
        "name": "Gandhinagar Ward 8",
        "population": 1761,
        "density_per_sq_km": 2721.0,
        "city": "Gandhinagar",
        "district": "Gandhinagar",
        "income_index": 0.7,
        "value": 0.518
      }
    },
    {
      "type": "Feature",
      "geometry": {
        "type": "Point",
        "coordinates": [
          72.66687,
          23.20747
        ]
      },
      "properties": {
        "name": "Gandhinagar Ward 9",
        "population": 2207,
        "density_per_sq_km": 3886.6,
        "city": "Gandhinagar",
        "district": "Gandhinagar",
        "income_index": 0.74,
        "value": 0.653
      }
    },
    {
      "type": "Feature",
      "geometry": {
        "type": "Point",
        "coordinates": [
          72.60075,
          23.26307
        ]
      },
      "properties": {
        "name": "Gandhinagar Ward 10",
        "population": 1295,
        "density_per_sq_km": 2128.1,
        "city": "Gandhinagar",
        "district": "Gandhinagar",
        "income_index": 0.64,
        "value": 0.314
      }
    },
    {
      "type": "Feature",
      "geometry": {
        "type": "Point",
        "coordinates": [
          72.6867,
          23.20479
        ]
      },
      "properties": {
        "name": "Gandhinagar Ward 11",
        "population": 1861,
        "density_per_sq_km": 2700.0,
        "city": "Gandhinagar",
        "district": "Gandhinagar",
        "income_index": 0.68,
        "value": 0.475
      }
    },
    {
      "type": "Feature",
      "geometry": {
        "type": "Point",
        "coordinates": [
          72.65047,
          23.18281
        ]
      },
      "properties": {
        "name": "Gandhinagar Ward 12",
        "population": 2095,
        "density_per_sq_km": 3527.5,
        "city": "Gandhinagar",
        "district": "Gandhinagar",
        "income_index": 0.72,
        "value": 0.622
      }
    },
    {
      "type": "Feature",
      "geometry": {
        "type": "Point",
        "coordinates": [
          72.66049,
          23.22757
        ]
      },
      "properties": {
        "name": "Gandhinagar Ward 13",
        "population": 2449,
        "density_per_sq_km": 3653.6,
        "city": "Gandhinagar",
        "district": "Gandhinagar",
        "income_index": 0.76,
        "value": 0.629
      }
    },
    {
      "type": "Feature",
      "geometry": {
        "type": "Point",
        "coordinates": [
          72.56989,
          23.24384
        ]
      },
      "properties": {
        "name": "Gandhinagar Ward 14",
        "population": 1292,
        "density_per_sq_km": 1494.9,
        "city": "Gandhinagar",
        "district": "Gandhinagar",
        "income_index": 0.6,
        "value": 0.269
      }
    },
    {
      "type": "Feature",
      "geometry": {
        "type": "Point",
        "coordinates": [
          72.1519,
          21.7645
        ]
      },
      "properties": {
        "name": "Bhavnagar Central Core",
        "population": 90000,
        "density_per_sq_km": 6325.0,
        "city": "Bhavnagar",
        "district": "Bhavnagar",
        "income_index": 0.65,
        "value": 0.85
      }
    },
    {
      "type": "Feature",
      "geometry": {
        "type": "Point",
        "coordinates": [
          72.20517,
          21.7661
        ]
      },
      "properties": {
        "name": "Bhavnagar Ward 1",
        "population": 3415,
        "density_per_sq_km": 2472.3,
        "city": "Bhavnagar",
        "district": "Bhavnagar",
        "income_index": 0.67,
        "value": 0.447
      }
    },
    {
      "type": "Feature",
      "geometry": {
        "type": "Point",
        "coordinates": [
          72.12541,
          21.74133
        ]
      },
      "properties": {
        "name": "Bhavnagar Ward 2",
        "population": 4013,
        "density_per_sq_km": 3772.1,
        "city": "Bhavnagar",
        "district": "Bhavnagar",
        "income_index": 0.72,
        "value": 0.543
      }
    },
    {
      "type": "Feature",
      "geometry": {
        "type": "Point",
        "coordinates": [
          72.14144,
          21.75799
        ]
      },
      "properties": {
        "name": "Bhavnagar Ward 3",
        "population": 5353,
        "density_per_sq_km": 5434.7,
        "city": "Bhavnagar",
        "district": "Bhavnagar",
        "income_index": 0.81,
        "value": 0.695
      }
    },
    {
      "type": "Feature",
      "geometry": {
        "type": "Point",
        "coordinates": [
          72.16776,
          21.73553
        ]
      },
      "properties": {
        "name": "Bhavnagar Ward 4",
        "population": 4632,
        "density_per_sq_km": 3874.4,
        "city": "Bhavnagar",
        "district": "Bhavnagar",
        "income_index": 0.73,
        "value": 0.523
      }
    },
    {
      "type": "Feature",
      "geometry": {
        "type": "Point",
        "coordinates": [
          72.23438,
          21.76489
        ]
      },
      "properties": {
        "name": "Bhavnagar Ward 5",
        "population": 1491,
        "density_per_sq_km": 1796.1,
        "city": "Bhavnagar",
        "district": "Bhavnagar",
        "income_index": 0.57,
        "value": 0.275
      }
    },
    {
      "type": "Feature",
      "geometry": {
        "type": "Point",
        "coordinates": [
          72.14726,
          21.82099
        ]
      },
      "properties": {
        "name": "Bhavnagar Ward 6",
        "population": 3141,
        "density_per_sq_km": 3027.7,
        "city": "Bhavnagar",
        "district": "Bhavnagar",
        "income_index": 0.64,
        "value": 0.423
      }
    },
    {
      "type": "Feature",
      "geometry": {
        "type": "Point",
        "coordinates": [
          72.09782,
          21.75468
        ]
      },
      "properties": {
        "name": "Bhavnagar Ward 7",
        "population": 3286,
        "density_per_sq_km": 2951.8,
        "city": "Bhavnagar",
        "district": "Bhavnagar",
        "income_index": 0.66,
        "value": 0.511
      }
    },
    {
      "type": "Feature",
      "geometry": {
        "type": "Point",
        "coordinates": [
          72.09867,
          21.76253
        ]
      },
      "properties": {
        "name": "Bhavnagar Ward 8",
        "population": 2455,
        "density_per_sq_km": 2681.5,
        "city": "Bhavnagar",
        "district": "Bhavnagar",
        "income_index": 0.67,
        "value": 0.483
      }
    },
    {
      "type": "Feature",
      "geometry": {
        "type": "Point",
        "coordinates": [
          70.0577,
          22.4707
        ]
      },
      "properties": {
        "name": "Jamnagar Central Core",
        "population": 84000,
        "density_per_sq_km": 5750.0,
        "city": "Jamnagar",
        "district": "Jamnagar",
        "income_index": 0.65,
        "value": 0.94
      }
    },
    {
      "type": "Feature",
      "geometry": {
        "type": "Point",
        "coordinates": [
          70.04923,
          22.41254
        ]
      },
      "properties": {
        "name": "Jamnagar Ward 1",
        "population": 1951,
        "density_per_sq_km": 1899.6,
        "city": "Jamnagar",
        "district": "Jamnagar",
        "income_index": 0.63,
        "value": 0.354
      }
    },
    {
      "type": "Feature",
      "geometry": {
        "type": "Point",
        "coordinates": [
          70.10198,
          22.46508
        ]
      },
      "properties": {
        "name": "Jamnagar Ward 2",
        "population": 3097,
        "density_per_sq_km": 2642.8,
        "city": "Jamnagar",
        "district": "Jamnagar",
        "income_index": 0.7,
        "value": 0.482
      }
    },
    {
      "type": "Feature",
      "geometry": {
        "type": "Point",
        "coordinates": [
          69.99241,
          22.44853
        ]
      },
      "properties": {
        "name": "Jamnagar Ward 3",
        "population": 1492,
        "density_per_sq_km": 1952.4,
        "city": "Jamnagar",
        "district": "Jamnagar",
        "income_index": 0.61,
        "value": 0.351
      }
    },
    {
      "type": "Feature",
      "geometry": {
        "type": "Point",
        "coordinates": [
          70.07662,
          22.44081
        ]
      },
      "properties": {
        "name": "Jamnagar Ward 4",
        "population": 3178,
        "density_per_sq_km": 3948.6,
        "city": "Jamnagar",
        "district": "Jamnagar",
        "income_index": 0.72,
        "value": 0.591
      }
    },
    {
      "type": "Feature",
      "geometry": {
        "type": "Point",
        "coordinates": [
          69.97871,
          22.44469
        ]
      },
      "properties": {
        "name": "Jamnagar Ward 5",
        "population": 1598,
        "density_per_sq_km": 1348.5,
        "city": "Jamnagar",
        "district": "Jamnagar",
        "income_index": 0.56,
        "value": 0.162
      }
    },
    {
      "type": "Feature",
      "geometry": {
        "type": "Point",
        "coordinates": [
          70.1167,
          22.43016
        ]
      },
      "properties": {
        "name": "Jamnagar Ward 6",
        "population": 2188,
        "density_per_sq_km": 2194.7,
        "city": "Jamnagar",
        "district": "Jamnagar",
        "income_index": 0.6,
        "value": 0.303
      }
    },
    {
      "type": "Feature",
      "geometry": {
        "type": "Point",
        "coordinates": [
          69.9997,
          22.46986
        ]
      },
      "properties": {
        "name": "Jamnagar Ward 7",
        "population": 2616,
        "density_per_sq_km": 2239.0,
        "city": "Jamnagar",
        "district": "Jamnagar",
        "income_index": 0.65,
        "value": 0.384
      }
    },
    {
      "type": "Feature",
      "geometry": {
        "type": "Point",
        "coordinates": [
          70.06512,
          22.45462
        ]
      },
      "properties": {
        "name": "Jamnagar Ward 8",
        "population": 3723,
        "density_per_sq_km": 4491.9,
        "city": "Jamnagar",
        "district": "Jamnagar",
        "income_index": 0.79,
        "value": 0.697
      }
    },
    {
      "type": "Feature",
      "geometry": {
        "type": "Point",
        "coordinates": [
          70.4579,
          21.5222
        ]
      },
      "properties": {
        "name": "Junagadh Central Core",
        "population": 50400,
        "density_per_sq_km": 4600.0,
        "city": "Junagadh",
        "district": "Junagadh",
        "income_index": 0.65,
        "value": 0.87
      }
    },
    {
      "type": "Feature",
      "geometry": {
        "type": "Point",
        "coordinates": [
          70.4633,
          21.49805
        ]
      },
      "properties": {
        "name": "Junagadh Ward 1",
        "population": 2284,
        "density_per_sq_km": 2355.0,
        "city": "Junagadh",
        "district": "Junagadh",
        "income_index": 0.74,
        "value": 0.6
      }
    },
    {
      "type": "Feature",
      "geometry": {
        "type": "Point",
        "coordinates": [
          70.45145,
          21.50818
        ]
      },
      "properties": {
        "name": "Junagadh Ward 2",
        "population": 2641,
        "density_per_sq_km": 2838.5,
        "city": "Junagadh",
        "district": "Junagadh",
        "income_index": 0.78,
        "value": 0.7
      }
    },
    {
      "type": "Feature",
      "geometry": {
        "type": "Point",
        "coordinates": [
          70.47037,
          21.5577
        ]
      },
      "properties": {
        "name": "Junagadh Ward 3",
        "population": 1437,
        "density_per_sq_km": 2179.5,
        "city": "Junagadh",
        "district": "Junagadh",
        "income_index": 0.68,
        "value": 0.539
      }
    },
    {
      "type": "Feature",
      "geometry": {
        "type": "Point",
        "coordinates": [
          70.49991,
          21.48104
        ]
      },
      "properties": {
        "name": "Junagadh Ward 4",
        "population": 1294,
        "density_per_sq_km": 1333.3,
        "city": "Junagadh",
        "district": "Junagadh",
        "income_index": 0.6,
        "value": 0.248
      }
    },
    {
      "type": "Feature",
      "geometry": {
        "type": "Point",
        "coordinates": [
          70.46373,
          21.56653
        ]
      },
      "properties": {
        "name": "Junagadh Ward 5",
        "population": 1905,
        "density_per_sq_km": 1895.8,
        "city": "Junagadh",
        "district": "Junagadh",
        "income_index": 0.65,
        "value": 0.453
      }
    },
    {
      "type": "Feature",
      "geometry": {
        "type": "Point",
        "coordinates": [
          70.40456,
          21.53206
        ]
      },
      "properties": {
        "name": "Junagadh Ward 6",
        "population": 1476,
        "density_per_sq_km": 2069.2,
        "city": "Junagadh",
        "district": "Junagadh",
        "income_index": 0.63,
        "value": 0.325
      }
    },
    {
      "type": "Feature",
      "geometry": {
        "type": "Point",
        "coordinates": [
          70.46151,
          21.54827
        ]
      },
      "properties": {
        "name": "Junagadh Ward 7",
        "population": 1637,
        "density_per_sq_km": 3024.8,
        "city": "Junagadh",
        "district": "Junagadh",
        "income_index": 0.73,
        "value": 0.612
      }
    },
    {
      "type": "Feature",
      "geometry": {
        "type": "Point",
        "coordinates": [
          70.51414,
          21.53288
        ]
      },
      "properties": {
        "name": "Junagadh Ward 8",
        "population": 1380,
        "density_per_sq_km": 1412.7,
        "city": "Junagadh",
        "district": "Junagadh",
        "income_index": 0.61,
        "value": 0.363
      }
    },
    {
      "type": "Feature",
      "geometry": {
        "type": "Point",
        "coordinates": [
          72.9289,
          22.5645
        ]
      },
      "properties": {
        "name": "Anand Central Core",
        "population": 45600,
        "density_per_sq_km": 4370.0,
        "city": "Anand",
        "district": "Anand",
        "income_index": 0.65,
        "value": 0.94
      }
    },
    {
      "type": "Feature",
      "geometry": {
        "type": "Point",
        "coordinates": [
          72.97289,
          22.61085
        ]
      },
      "properties": {
        "name": "Anand Ward 1",
        "population": 1063,
        "density_per_sq_km": 1012.0,
        "city": "Anand",
        "district": "Anand",
        "income_index": 0.58,
        "value": 0.193
      }
    },
    {
      "type": "Feature",
      "geometry": {
        "type": "Point",
        "coordinates": [
          72.98107,
          22.54474
        ]
      },
      "properties": {
        "name": "Anand Ward 2",
        "population": 1416,
        "density_per_sq_km": 1537.4,
        "city": "Anand",
        "district": "Anand",
        "income_index": 0.62,
        "value": 0.393
      }
    },
    {
      "type": "Feature",
      "geometry": {
        "type": "Point",
        "coordinates": [
          72.95521,
          22.61145
        ]
      },
      "properties": {
        "name": "Anand Ward 3",
        "population": 1179,
        "density_per_sq_km": 1320.3,
        "city": "Anand",
        "district": "Anand",
        "income_index": 0.62,
        "value": 0.395
      }
    },
    {
      "type": "Feature",
      "geometry": {
        "type": "Point",
        "coordinates": [
          72.8871,
          22.59266
        ]
      },
      "properties": {
        "name": "Anand Ward 4",
        "population": 978,
        "density_per_sq_km": 2130.1,
        "city": "Anand",
        "district": "Anand",
        "income_index": 0.64,
        "value": 0.444
      }
    },
    {
      "type": "Feature",
      "geometry": {
        "type": "Point",
        "coordinates": [
          72.96393,
          22.54186
        ]
      },
      "properties": {
        "name": "Anand Ward 5",
        "population": 1383,
        "density_per_sq_km": 2139.6,
        "city": "Anand",
        "district": "Anand",
        "income_index": 0.67,
        "value": 0.452
      }
    },
    {
      "type": "Feature",
      "geometry": {
        "type": "Point",
        "coordinates": [
          72.87459,
          22.60074
        ]
      },
      "properties": {
        "name": "Anand Ward 6",
        "population": 645,
        "density_per_sq_km": 1409.4,
        "city": "Anand",
        "district": "Anand",
        "income_index": 0.58,
        "value": 0.288
      }
    },
    {
      "type": "Feature",
      "geometry": {
        "type": "Point",
        "coordinates": [
          72.87755,
          22.59007
        ]
      },
      "properties": {
        "name": "Anand Ward 7",
        "population": 1029,
        "density_per_sq_km": 1670.3,
        "city": "Anand",
        "district": "Anand",
        "income_index": 0.61,
        "value": 0.416
      }
    },
    {
      "type": "Feature",
      "geometry": {
        "type": "Point",
        "coordinates": [
          72.99419,
          22.55685
        ]
      },
      "properties": {
        "name": "Anand Ward 8",
        "population": 884,
        "density_per_sq_km": 1228.3,
        "city": "Anand",
        "district": "Anand",
        "income_index": 0.58,
        "value": 0.266
      }
    },
    {
      "type": "Feature",
      "geometry": {
        "type": "Point",
        "coordinates": [
          72.9959,
          21.7051
        ]
      },
      "properties": {
        "name": "Bharuch Central Core",
        "population": 50400,
        "density_per_sq_km": 4485.0,
        "city": "Bharuch",
        "district": "Bharuch",
        "income_index": 0.65,
        "value": 0.94
      }
    },
    {
      "type": "Feature",
      "geometry": {
        "type": "Point",
        "coordinates": [
          73.06466,
          21.69768
        ]
      },
      "properties": {
        "name": "Bharuch Ward 1",
        "population": 1000,
        "density_per_sq_km": 931.3,
        "city": "Bharuch",
        "district": "Bharuch",
        "income_index": 0.56,
        "value": 0.304
      }
    },
    {
      "type": "Feature",
      "geometry": {
        "type": "Point",
        "coordinates": [
          73.04012,
          21.70669
        ]
      },
      "properties": {
        "name": "Bharuch Ward 2",
        "population": 1698,
        "density_per_sq_km": 2017.4,
        "city": "Bharuch",
        "district": "Bharuch",
        "income_index": 0.67,
        "value": 0.387
      }
    },
    {
      "type": "Feature",
      "geometry": {
        "type": "Point",
        "coordinates": [
          72.97158,
          21.72172
        ]
      },
      "properties": {
        "name": "Bharuch Ward 3",
        "population": 1691,
        "density_per_sq_km": 3005.6,
        "city": "Bharuch",
        "district": "Bharuch",
        "income_index": 0.73,
        "value": 0.56
      }
    },
    {
      "type": "Feature",
      "geometry": {
        "type": "Point",
        "coordinates": [
          72.95657,
          21.74417
        ]
      },
      "properties": {
        "name": "Bharuch Ward 4",
        "population": 1041,
        "density_per_sq_km": 1273.6,
        "city": "Bharuch",
        "district": "Bharuch",
        "income_index": 0.61,
        "value": 0.417
      }
    },
    {
      "type": "Feature",
      "geometry": {
        "type": "Point",
        "coordinates": [
          73.02605,
          21.75205
        ]
      },
      "properties": {
        "name": "Bharuch Ward 5",
        "population": 1148,
        "density_per_sq_km": 1691.4,
        "city": "Bharuch",
        "district": "Bharuch",
        "income_index": 0.61,
        "value": 0.365
      }
    },
    {
      "type": "Feature",
      "geometry": {
        "type": "Point",
        "coordinates": [
          72.95974,
          21.67935
        ]
      },
      "properties": {
        "name": "Bharuch Ward 6",
        "population": 1819,
        "density_per_sq_km": 1731.0,
        "city": "Bharuch",
        "district": "Bharuch",
        "income_index": 0.66,
        "value": 0.406
      }
    },
    {
      "type": "Feature",
      "geometry": {
        "type": "Point",
        "coordinates": [
          72.96147,
          21.69285
        ]
      },
      "properties": {
        "name": "Bharuch Ward 7",
        "population": 1906,
        "density_per_sq_km": 2391.2,
        "city": "Bharuch",
        "district": "Bharuch",
        "income_index": 0.7,
        "value": 0.532
      }
    },
    {
      "type": "Feature",
      "geometry": {
        "type": "Point",
        "coordinates": [
          73.02326,
          21.65481
        ]
      },
      "properties": {
        "name": "Bharuch Ward 8",
        "population": 994,
        "density_per_sq_km": 1579.0,
        "city": "Bharuch",
        "district": "Bharuch",
        "income_index": 0.6,
        "value": 0.282
      }
    },
    {
      "type": "Feature",
      "geometry": {
        "type": "Point",
        "coordinates": [
          72.3693,
          23.588
        ]
      },
      "properties": {
        "name": "Mehsana Central Core",
        "population": 40800,
        "density_per_sq_km": 3910.0,
        "city": "Mehsana",
        "district": "Mehsana",
        "income_index": 0.65,
        "value": 0.88
      }
    },
    {
      "type": "Feature",
      "geometry": {
        "type": "Point",
        "coordinates": [
          72.3908,
          23.60881
        ]
      },
      "properties": {
        "name": "Mehsana Ward 1",
        "population": 1270,
        "density_per_sq_km": 2351.7,
        "city": "Mehsana",
        "district": "Mehsana",
        "income_index": 0.72,
        "value": 0.622
      }
    },
    {
      "type": "Feature",
      "geometry": {
        "type": "Point",
        "coordinates": [
          72.3993,
          23.59987
        ]
      },
      "properties": {
        "name": "Mehsana Ward 2",
        "population": 1574,
        "density_per_sq_km": 2473.8,
        "city": "Mehsana",
        "district": "Mehsana",
        "income_index": 0.72,
        "value": 0.644
      }
    },
    {
      "type": "Feature",
      "geometry": {
        "type": "Point",
        "coordinates": [
          72.36371,
          23.55519
        ]
      },
      "properties": {
        "name": "Mehsana Ward 3",
        "population": 1159,
        "density_per_sq_km": 1884.0,
        "city": "Mehsana",
        "district": "Mehsana",
        "income_index": 0.7,
        "value": 0.493
      }
    },
    {
      "type": "Feature",
      "geometry": {
        "type": "Point",
        "coordinates": [
          72.38214,
          23.59359
        ]
      },
      "properties": {
        "name": "Mehsana Ward 4",
        "population": 2075,
        "density_per_sq_km": 2646.0,
        "city": "Mehsana",
        "district": "Mehsana",
        "income_index": 0.79,
        "value": 0.803
      }
    },
    {
      "type": "Feature",
      "geometry": {
        "type": "Point",
        "coordinates": [
          72.35017,
          23.53769
        ]
      },
      "properties": {
        "name": "Mehsana Ward 5",
        "population": 764,
        "density_per_sq_km": 1594.3,
        "city": "Mehsana",
        "district": "Mehsana",
        "income_index": 0.61,
        "value": 0.346
      }
    },
    {
      "type": "Feature",
      "geometry": {
        "type": "Point",
        "coordinates": [
          72.33298,
          23.62034
        ]
      },
      "properties": {
        "name": "Mehsana Ward 6",
        "population": 1133,
        "density_per_sq_km": 1609.4,
        "city": "Mehsana",
        "district": "Mehsana",
        "income_index": 0.64,
        "value": 0.362
      }
    },
    {
      "type": "Feature",
      "geometry": {
        "type": "Point",
        "coordinates": [
          72.39486,
          23.65803
        ]
      },
      "properties": {
        "name": "Mehsana Ward 7",
        "population": 500,
        "density_per_sq_km": 692.3,
        "city": "Mehsana",
        "district": "Mehsana",
        "income_index": 0.52,
        "value": 0.15
      }
    },
    {
      "type": "Feature",
      "geometry": {
        "type": "Point",
        "coordinates": [
          72.39347,
          23.6321
        ]
      },
      "properties": {
        "name": "Mehsana Ward 8",
        "population": 801,
        "density_per_sq_km": 1321.9,
        "city": "Mehsana",
        "district": "Mehsana",
        "income_index": 0.63,
        "value": 0.394
      }
    },
    {
      "type": "Feature",
      "geometry": {
        "type": "Point",
        "coordinates": [
          73.6149,
          22.7753
        ]
      },
      "properties": {
        "name": "Godhra Central Core",
        "population": 34800,
        "density_per_sq_km": 3220.0,
        "city": "Godhra",
        "district": "Panchmahal",
        "income_index": 0.65,
        "value": 0.89
      }
    },
    {
      "type": "Feature",
      "geometry": {
        "type": "Point",
        "coordinates": [
          73.61399,
          22.79735
        ]
      },
      "properties": {
        "name": "Godhra Ward 1",
        "population": 1700,
        "density_per_sq_km": 2124.7,
        "city": "Godhra",
        "district": "Panchmahal",
        "income_index": 0.74,
        "value": 0.665
      }
    },
    {
      "type": "Feature",
      "geometry": {
        "type": "Point",
        "coordinates": [
          73.65741,
          22.78133
        ]
      },
      "properties": {
        "name": "Godhra Ward 2",
        "population": 1007,
        "density_per_sq_km": 1397.7,
        "city": "Godhra",
        "district": "Panchmahal",
        "income_index": 0.65,
        "value": 0.492
      }
    },
    {
      "type": "Feature",
      "geometry": {
        "type": "Point",
        "coordinates": [
          73.61279,
          22.8063
        ]
      },
      "properties": {
        "name": "Godhra Ward 3",
        "population": 1338,
        "density_per_sq_km": 1803.1,
        "city": "Godhra",
        "district": "Panchmahal",
        "income_index": 0.7,
        "value": 0.563
      }
    },
    {
      "type": "Feature",
      "geometry": {
        "type": "Point",
        "coordinates": [
          73.60547,
          22.80074
        ]
      },
      "properties": {
        "name": "Godhra Ward 4",
        "population": 1132,
        "density_per_sq_km": 1991.7,
        "city": "Godhra",
        "district": "Panchmahal",
        "income_index": 0.72,
        "value": 0.513
      }
    },
    {
      "type": "Feature",
      "geometry": {
        "type": "Point",
        "coordinates": [
          73.63322,
          22.78407
        ]
      },
      "properties": {
        "name": "Godhra Ward 5",
        "population": 1111,
        "density_per_sq_km": 2100.3,
        "city": "Godhra",
        "district": "Panchmahal",
        "income_index": 0.76,
        "value": 0.665
      }
    },
    {
      "type": "Feature",
      "geometry": {
        "type": "Point",
        "coordinates": [
          73.64423,
          22.76813
        ]
      },
      "properties": {
        "name": "Godhra Ward 6",
        "population": 1486,
        "density_per_sq_km": 1982.8,
        "city": "Godhra",
        "district": "Panchmahal",
        "income_index": 0.71,
        "value": 0.549
      }
    },
    {
      "type": "Feature",
      "geometry": {
        "type": "Point",
        "coordinates": [
          73.55025,
          22.75056
        ]
      },
      "properties": {
        "name": "Godhra Ward 7",
        "population": 500,
        "density_per_sq_km": 599.6,
        "city": "Godhra",
        "district": "Panchmahal",
        "income_index": 0.53,
        "value": 0.199
      }
    },
    {
      "type": "Feature",
      "geometry": {
        "type": "Point",
        "coordinates": [
          73.59926,
          22.80788
        ]
      },
      "properties": {
        "name": "Godhra Ward 8",
        "population": 1166,
        "density_per_sq_km": 1662.3,
        "city": "Godhra",
        "district": "Panchmahal",
        "income_index": 0.67,
        "value": 0.542
      }
    },
    {
      "type": "Feature",
      "geometry": {
        "type": "Point",
        "coordinates": [
          73.4735,
          22.4985
        ]
      },
      "properties": {
        "name": "Halol Central Core",
        "population": 16800,
        "density_per_sq_km": 2760.0,
        "city": "Halol",
        "district": "Panchmahal",
        "income_index": 0.65,
        "value": 0.95
      }
    },
    {
      "type": "Feature",
      "geometry": {
        "type": "Point",
        "coordinates": [
          73.48405,
          22.51874
        ]
      },
      "properties": {
        "name": "Halol Ward 1",
        "population": 600,
        "density_per_sq_km": 1816.5,
        "city": "Halol",
        "district": "Panchmahal",
        "income_index": 0.73,
        "value": 0.596
      }
    },
    {
      "type": "Feature",
      "geometry": {
        "type": "Point",
        "coordinates": [
          73.49495,
          22.4936
        ]
      },
      "properties": {
        "name": "Halol Ward 2",
        "population": 778,
        "density_per_sq_km": 1857.7,
        "city": "Halol",
        "district": "Panchmahal",
        "income_index": 0.74,
        "value": 0.68
      }
    },
    {
      "type": "Feature",
      "geometry": {
        "type": "Point",
        "coordinates": [
          73.47339,
          22.46411
        ]
      },
      "properties": {
        "name": "Halol Ward 3",
        "population": 500,
        "density_per_sq_km": 1023.8,
        "city": "Halol",
        "district": "Panchmahal",
        "income_index": 0.66,
        "value": 0.434
      }
    },
    {
      "type": "Feature",
      "geometry": {
        "type": "Point",
        "coordinates": [
          73.49873,
          22.48711
        ]
      },
      "properties": {
        "name": "Halol Ward 4",
        "population": 500,
        "density_per_sq_km": 1819.8,
        "city": "Halol",
        "district": "Panchmahal",
        "income_index": 0.71,
        "value": 0.598
      }
    },
    {
      "type": "Feature",
      "geometry": {
        "type": "Point",
        "coordinates": [
          73.44379,
          22.44479
        ]
      },
      "properties": {
        "name": "Halol Ward 5",
        "population": 500,
        "density_per_sq_km": 418.2,
        "city": "Halol",
        "district": "Panchmahal",
        "income_index": 0.52,
        "value": 0.15
      }
    },
    {
      "type": "Feature",
      "geometry": {
        "type": "Point",
        "coordinates": [
          73.48593,
          22.54297
        ]
      },
      "properties": {
        "name": "Halol Ward 6",
        "population": 500,
        "density_per_sq_km": 923.5,
        "city": "Halol",
        "district": "Panchmahal",
        "income_index": 0.6,
        "value": 0.375
      }
    },
    {
      "type": "Feature",
      "geometry": {
        "type": "Point",
        "coordinates": [
          73.51085,
          22.51434
        ]
      },
      "properties": {
        "name": "Halol Ward 7",
        "population": 500,
        "density_per_sq_km": 1131.9,
        "city": "Halol",
        "district": "Panchmahal",
        "income_index": 0.64,
        "value": 0.337
      }
    },
    {
      "type": "Feature",
      "geometry": {
        "type": "Point",
        "coordinates": [
          73.49898,
          22.48186
        ]
      },
      "properties": {
        "name": "Halol Ward 8",
        "population": 645,
        "density_per_sq_km": 1646.1,
        "city": "Halol",
        "district": "Panchmahal",
        "income_index": 0.69,
        "value": 0.483
      }
    },
    {
      "type": "Feature",
      "geometry": {
        "type": "Point",
        "coordinates": [
          74.2552,
          22.8362
        ]
      },
      "properties": {
        "name": "Dahod Central Core",
        "population": 31200,
        "density_per_sq_km": 2760.0,
        "city": "Dahod",
        "district": "Dahod",
        "income_index": 0.65,
        "value": 0.93
      }
    },
    {
      "type": "Feature",
      "geometry": {
        "type": "Point",
        "coordinates": [
          74.32586,
          22.82025
        ]
      },
      "properties": {
        "name": "Dahod Ward 1",
        "population": 500,
        "density_per_sq_km": 423.7,
        "city": "Dahod",
        "district": "Dahod",
        "income_index": 0.52,
        "value": 0.15
      }
    },
    {
      "type": "Feature",
      "geometry": {
        "type": "Point",
        "coordinates": [
          74.28686,
          22.82368
        ]
      },
      "properties": {
        "name": "Dahod Ward 2",
        "population": 1404,
        "density_per_sq_km": 1404.2,
        "city": "Dahod",
        "district": "Dahod",
        "income_index": 0.69,
        "value": 0.519
      }
    },
    {
      "type": "Feature",
      "geometry": {
        "type": "Point",
        "coordinates": [
          74.25148,
          22.88208
        ]
      },
      "properties": {
        "name": "Dahod Ward 3",
        "population": 806,
        "density_per_sq_km": 1002.2,
        "city": "Dahod",
        "district": "Dahod",
        "income_index": 0.62,
        "value": 0.318
      }
    },
    {
      "type": "Feature",
      "geometry": {
        "type": "Point",
        "coordinates": [
          74.29785,
          22.80293
        ]
      },
      "properties": {
        "name": "Dahod Ward 4",
        "population": 711,
        "density_per_sq_km": 966.8,
        "city": "Dahod",
        "district": "Dahod",
        "income_index": 0.6,
        "value": 0.263
      }
    },
    {
      "type": "Feature",
      "geometry": {
        "type": "Point",
        "coordinates": [
          74.23375,
          22.77432
        ]
      },
      "properties": {
        "name": "Dahod Ward 5",
        "population": 500,
        "density_per_sq_km": 515.1,
        "city": "Dahod",
        "district": "Dahod",
        "income_index": 0.53,
        "value": 0.15
      }
    },
    {
      "type": "Feature",
      "geometry": {
        "type": "Point",
        "coordinates": [
          74.24726,
          22.87917
        ]
      },
      "properties": {
        "name": "Dahod Ward 6",
        "population": 716,
        "density_per_sq_km": 958.1,
        "city": "Dahod",
        "district": "Dahod",
        "income_index": 0.63,
        "value": 0.401
      }
    },
    {
      "type": "Feature",
      "geometry": {
        "type": "Point",
        "coordinates": [
          74.24807,
          22.8169
        ]
      },
      "properties": {
        "name": "Dahod Ward 7",
        "population": 1745,
        "density_per_sq_km": 2093.3,
        "city": "Dahod",
        "district": "Dahod",
        "income_index": 0.75,
        "value": 0.63
      }
    },
    {
      "type": "Feature",
      "geometry": {
        "type": "Point",
        "coordinates": [
          74.29646,
          22.87801
        ]
      },
      "properties": {
        "name": "Dahod Ward 8",
        "population": 550,
        "density_per_sq_km": 790.0,
        "city": "Dahod",
        "district": "Dahod",
        "income_index": 0.57,
        "value": 0.259
      }
    },
    {
      "type": "Feature",
      "geometry": {
        "type": "Point",
        "coordinates": [
          72.4344,
          24.1724
        ]
      },
      "properties": {
        "name": "Palanpur Central Core",
        "population": 32400,
        "density_per_sq_km": 2990.0,
        "city": "Palanpur",
        "district": "Banaskantha",
        "income_index": 0.65,
        "value": 0.88
      }
    },
    {
      "type": "Feature",
      "geometry": {
        "type": "Point",
        "coordinates": [
          72.36578,
          24.20928
        ]
      },
      "properties": {
        "name": "Palanpur Ward 1",
        "population": 500,
        "density_per_sq_km": 350.0,
        "city": "Palanpur",
        "district": "Banaskantha",
        "income_index": 0.5,
        "value": 0.15
      }
    },
    {
      "type": "Feature",
      "geometry": {
        "type": "Point",
        "coordinates": [
          72.41423,
          24.20683
        ]
      },
      "properties": {
        "name": "Palanpur Ward 2",
        "population": 1192,
        "density_per_sq_km": 1544.4,
        "city": "Palanpur",
        "district": "Banaskantha",
        "income_index": 0.66,
        "value": 0.405
      }
    },
    {
      "type": "Feature",
      "geometry": {
        "type": "Point",
        "coordinates": [
          72.397,
          24.18116
        ]
      },
      "properties": {
        "name": "Palanpur Ward 3",
        "population": 1334,
        "density_per_sq_km": 1474.9,
        "city": "Palanpur",
        "district": "Banaskantha",
        "income_index": 0.68,
        "value": 0.532
      }
    },
    {
      "type": "Feature",
      "geometry": {
        "type": "Point",
        "coordinates": [
          72.46744,
          24.16609
        ]
      },
      "properties": {
        "name": "Palanpur Ward 4",
        "population": 1230,
        "density_per_sq_km": 1934.3,
        "city": "Palanpur",
        "district": "Banaskantha",
        "income_index": 0.7,
        "value": 0.526
      }
    },
    {
      "type": "Feature",
      "geometry": {
        "type": "Point",
        "coordinates": [
          72.46996,
          24.19641
        ]
      },
      "properties": {
        "name": "Palanpur Ward 5",
        "population": 865,
        "density_per_sq_km": 1332.9,
        "city": "Palanpur",
        "district": "Banaskantha",
        "income_index": 0.65,
        "value": 0.434
      }
    },
    {
      "type": "Feature",
      "geometry": {
        "type": "Point",
        "coordinates": [
          72.44402,
          24.14194
        ]
      },
      "properties": {
        "name": "Palanpur Ward 6",
        "population": 946,
        "density_per_sq_km": 1708.8,
        "city": "Palanpur",
        "district": "Banaskantha",
        "income_index": 0.69,
        "value": 0.529
      }
    },
    {
      "type": "Feature",
      "geometry": {
        "type": "Point",
        "coordinates": [
          72.49183,
          24.17783
        ]
      },
      "properties": {
        "name": "Palanpur Ward 7",
        "population": 500,
        "density_per_sq_km": 999.9,
        "city": "Palanpur",
        "district": "Banaskantha",
        "income_index": 0.59,
        "value": 0.331
      }
    },
    {
      "type": "Feature",
      "geometry": {
        "type": "Point",
        "coordinates": [
          72.39976,
          24.18524
        ]
      },
      "properties": {
        "name": "Palanpur Ward 8",
        "population": 1197,
        "density_per_sq_km": 1699.5,
        "city": "Palanpur",
        "district": "Banaskantha",
        "income_index": 0.68,
        "value": 0.569
      }
    },
    {
      "type": "Feature",
      "geometry": {
        "type": "Point",
        "coordinates": [
          72.13,
          23.85
        ]
      },
      "properties": {
        "name": "Patan Central Core",
        "population": 27600,
        "density_per_sq_km": 2530.0,
        "city": "Patan",
        "district": "Patan",
        "income_index": 0.65,
        "value": 0.91
      }
    },
    {
      "type": "Feature",
      "geometry": {
        "type": "Point",
        "coordinates": [
          72.13875,
          23.88377
        ]
      },
      "properties": {
        "name": "Patan Ward 1",
        "population": 877,
        "density_per_sq_km": 1309.2,
        "city": "Patan",
        "district": "Patan",
        "income_index": 0.66,
        "value": 0.501
      }
    },
    {
      "type": "Feature",
      "geometry": {
        "type": "Point",
        "coordinates": [
          72.14426,
          23.81687
        ]
      },
      "properties": {
        "name": "Patan Ward 2",
        "population": 794,
        "density_per_sq_km": 1212.1,
        "city": "Patan",
        "district": "Patan",
        "income_index": 0.65,
        "value": 0.416
      }
    },
    {
      "type": "Feature",
      "geometry": {
        "type": "Point",
        "coordinates": [
          72.1102,
          23.83765
        ]
      },
      "properties": {
        "name": "Patan Ward 3",
        "population": 1100,
        "density_per_sq_km": 1818.2,
        "city": "Patan",
        "district": "Patan",
        "income_index": 0.73,
        "value": 0.566
      }
    },
    {
      "type": "Feature",
      "geometry": {
        "type": "Point",
        "coordinates": [
          72.08832,
          23.83565
        ]
      },
      "properties": {
        "name": "Patan Ward 4",
        "population": 840,
        "density_per_sq_km": 1091.5,
        "city": "Patan",
        "district": "Patan",
        "income_index": 0.62,
        "value": 0.427
      }
    },
    {
      "type": "Feature",
      "geometry": {
        "type": "Point",
        "coordinates": [
          72.15117,
          23.82938
        ]
      },
      "properties": {
        "name": "Patan Ward 5",
        "population": 1100,
        "density_per_sq_km": 1475.4,
        "city": "Patan",
        "district": "Patan",
        "income_index": 0.69,
        "value": 0.576
      }
    },
    {
      "type": "Feature",
      "geometry": {
        "type": "Point",
        "coordinates": [
          72.13416,
          23.86657
        ]
      },
      "properties": {
        "name": "Patan Ward 6",
        "population": 1322,
        "density_per_sq_km": 1964.0,
        "city": "Patan",
        "district": "Patan",
        "income_index": 0.76,
        "value": 0.729
      }
    },
    {
      "type": "Feature",
      "geometry": {
        "type": "Point",
        "coordinates": [
          72.09477,
          23.84935
        ]
      },
      "properties": {
        "name": "Patan Ward 7",
        "population": 685,
        "density_per_sq_km": 1281.4,
        "city": "Patan",
        "district": "Patan",
        "income_index": 0.67,
        "value": 0.53
      }
    },
    {
      "type": "Feature",
      "geometry": {
        "type": "Point",
        "coordinates": [
          72.14621,
          23.80988
        ]
      },
      "properties": {
        "name": "Patan Ward 8",
        "population": 805,
        "density_per_sq_km": 731.9,
        "city": "Patan",
        "district": "Patan",
        "income_index": 0.61,
        "value": 0.393
      }
    },
    {
      "type": "Feature",
      "geometry": {
        "type": "Point",
        "coordinates": [
          73.0725,
          23.5979
        ]
      },
      "properties": {
        "name": "Himatnagar Central Core",
        "population": 26400,
        "density_per_sq_km": 2645.0,
        "city": "Himatnagar",
        "district": "Sabarkantha",
        "income_index": 0.65,
        "value": 0.89
      }
    },
    {
      "type": "Feature",
      "geometry": {
        "type": "Point",
        "coordinates": [
          73.0891,
          23.58272
        ]
      },
      "properties": {
        "name": "Himatnagar Ward 1",
        "population": 1099,
        "density_per_sq_km": 1656.6,
        "city": "Himatnagar",
        "district": "Sabarkantha",
        "income_index": 0.73,
        "value": 0.643
      }
    },
    {
      "type": "Feature",
      "geometry": {
        "type": "Point",
        "coordinates": [
          73.08945,
          23.60644
        ]
      },
      "properties": {
        "name": "Himatnagar Ward 2",
        "population": 1407,
        "density_per_sq_km": 1817.2,
        "city": "Himatnagar",
        "district": "Sabarkantha",
        "income_index": 0.75,
        "value": 0.599
      }
    },
    {
      "type": "Feature",
      "geometry": {
        "type": "Point",
        "coordinates": [
          73.06035,
          23.61615
        ]
      },
      "properties": {
        "name": "Himatnagar Ward 3",
        "population": 1059,
        "density_per_sq_km": 1458.7,
        "city": "Himatnagar",
        "district": "Sabarkantha",
        "income_index": 0.73,
        "value": 0.559
      }
    },
    {
      "type": "Feature",
      "geometry": {
        "type": "Point",
        "coordinates": [
          73.07563,
          23.64648
        ]
      },
      "properties": {
        "name": "Himatnagar Ward 4",
        "population": 614,
        "density_per_sq_km": 800.1,
        "city": "Himatnagar",
        "district": "Sabarkantha",
        "income_index": 0.58,
        "value": 0.221
      }
    },
    {
      "type": "Feature",
      "geometry": {
        "type": "Point",
        "coordinates": [
          73.08392,
          23.57061
        ]
      },
      "properties": {
        "name": "Himatnagar Ward 5",
        "population": 961,
        "density_per_sq_km": 1443.3,
        "city": "Himatnagar",
        "district": "Sabarkantha",
        "income_index": 0.69,
        "value": 0.493
      }
    },
    {
      "type": "Feature",
      "geometry": {
        "type": "Point",
        "coordinates": [
          73.12842,
          23.59787
        ]
      },
      "properties": {
        "name": "Himatnagar Ward 6",
        "population": 500,
        "density_per_sq_km": 634.1,
        "city": "Himatnagar",
        "district": "Sabarkantha",
        "income_index": 0.57,
        "value": 0.243
      }
    },
    {
      "type": "Feature",
      "geometry": {
        "type": "Point",
        "coordinates": [
          73.1132,
          23.6009
        ]
      },
      "properties": {
        "name": "Himatnagar Ward 7",
        "population": 772,
        "density_per_sq_km": 1323.8,
        "city": "Himatnagar",
        "district": "Sabarkantha",
        "income_index": 0.64,
        "value": 0.376
      }
    },
    {
      "type": "Feature",
      "geometry": {
        "type": "Point",
        "coordinates": [
          73.0663,
          23.63862
        ]
      },
      "properties": {
        "name": "Himatnagar Ward 8",
        "population": 576,
        "density_per_sq_km": 1014.1,
        "city": "Himatnagar",
        "district": "Sabarkantha",
        "income_index": 0.62,
        "value": 0.395
      }
    },
    {
      "type": "Feature",
      "geometry": {
        "type": "Point",
        "coordinates": [
          73.2984,
          23.4633
        ]
      },
      "properties": {
        "name": "Modasa Central Core",
        "population": 19200,
        "density_per_sq_km": 2185.0,
        "city": "Modasa",
        "district": "Aravalli",
        "income_index": 0.65,
        "value": 0.94
      }
    },
    {
      "type": "Feature",
      "geometry": {
        "type": "Point",
        "coordinates": [
          73.31124,
          23.50032
        ]
      },
      "properties": {
        "name": "Modasa Ward 1",
        "population": 515,
        "density_per_sq_km": 1017.5,
        "city": "Modasa",
        "district": "Aravalli",
        "income_index": 0.63,
        "value": 0.358
      }
    },
    {
      "type": "Feature",
      "geometry": {
        "type": "Point",
        "coordinates": [
          73.258,
          23.47505
        ]
      },
      "properties": {
        "name": "Modasa Ward 2",
        "population": 500,
        "density_per_sq_km": 923.0,
        "city": "Modasa",
        "district": "Aravalli",
        "income_index": 0.63,
        "value": 0.411
      }
    },
    {
      "type": "Feature",
      "geometry": {
        "type": "Point",
        "coordinates": [
          73.2552,
          23.44397
        ]
      },
      "properties": {
        "name": "Modasa Ward 3",
        "population": 500,
        "density_per_sq_km": 837.4,
        "city": "Modasa",
        "district": "Aravalli",
        "income_index": 0.61,
        "value": 0.35
      }
    },
    {
      "type": "Feature",
      "geometry": {
        "type": "Point",
        "coordinates": [
          73.27317,
          23.49663
        ]
      },
      "properties": {
        "name": "Modasa Ward 4",
        "population": 500,
        "density_per_sq_km": 810.7,
        "city": "Modasa",
        "district": "Aravalli",
        "income_index": 0.62,
        "value": 0.384
      }
    },
    {
      "type": "Feature",
      "geometry": {
        "type": "Point",
        "coordinates": [
          73.27841,
          23.46126
        ]
      },
      "properties": {
        "name": "Modasa Ward 5",
        "population": 735,
        "density_per_sq_km": 1553.5,
        "city": "Modasa",
        "district": "Aravalli",
        "income_index": 0.75,
        "value": 0.581
      }
    },
    {
      "type": "Feature",
      "geometry": {
        "type": "Point",
        "coordinates": [
          73.32747,
          23.48767
        ]
      },
      "properties": {
        "name": "Modasa Ward 6",
        "population": 709,
        "density_per_sq_km": 959.3,
        "city": "Modasa",
        "district": "Aravalli",
        "income_index": 0.65,
        "value": 0.49
      }
    },
    {
      "type": "Feature",
      "geometry": {
        "type": "Point",
        "coordinates": [
          73.27342,
          23.47599
        ]
      },
      "properties": {
        "name": "Modasa Ward 7",
        "population": 845,
        "density_per_sq_km": 1200.7,
        "city": "Modasa",
        "district": "Aravalli",
        "income_index": 0.7,
        "value": 0.59
      }
    },
    {
      "type": "Feature",
      "geometry": {
        "type": "Point",
        "coordinates": [
          73.26679,
          23.46267
        ]
      },
      "properties": {
        "name": "Modasa Ward 8",
        "population": 522,
        "density_per_sq_km": 1345.6,
        "city": "Modasa",
        "district": "Aravalli",
        "income_index": 0.69,
        "value": 0.45
      }
    },
    {
      "type": "Feature",
      "geometry": {
        "type": "Point",
        "coordinates": [
          72.8634,
          22.6916
        ]
      },
      "properties": {
        "name": "Nadiad Central Core",
        "population": 37200,
        "density_per_sq_km": 3565.0,
        "city": "Nadiad",
        "district": "Kheda",
        "income_index": 0.65,
        "value": 0.97
      }
    },
    {
      "type": "Feature",
      "geometry": {
        "type": "Point",
        "coordinates": [
          72.82201,
          22.72325
        ]
      },
      "properties": {
        "name": "Nadiad Ward 1",
        "population": 1073,
        "density_per_sq_km": 1428.6,
        "city": "Nadiad",
        "district": "Kheda",
        "income_index": 0.61,
        "value": 0.379
      }
    },
    {
      "type": "Feature",
      "geometry": {
        "type": "Point",
        "coordinates": [
          72.90684,
          22.65592
        ]
      },
      "properties": {
        "name": "Nadiad Ward 2",
        "population": 530,
        "density_per_sq_km": 1064.0,
        "city": "Nadiad",
        "district": "Kheda",
        "income_index": 0.59,
        "value": 0.28
      }
    },
    {
      "type": "Feature",
      "geometry": {
        "type": "Point",
        "coordinates": [
          72.81855,
          22.6698
        ]
      },
      "properties": {
        "name": "Nadiad Ward 3",
        "population": 962,
        "density_per_sq_km": 1481.2,
        "city": "Nadiad",
        "district": "Kheda",
        "income_index": 0.62,
        "value": 0.43
      }
    },
    {
      "type": "Feature",
      "geometry": {
        "type": "Point",
        "coordinates": [
          72.88256,
          22.71342
        ]
      },
      "properties": {
        "name": "Nadiad Ward 4",
        "population": 1033,
        "density_per_sq_km": 2337.8,
        "city": "Nadiad",
        "district": "Kheda",
        "income_index": 0.71,
        "value": 0.565
      }
    },
    {
      "type": "Feature",
      "geometry": {
        "type": "Point",
        "coordinates": [
          72.84826,
          22.71531
        ]
      },
      "properties": {
        "name": "Nadiad Ward 5",
        "population": 1075,
        "density_per_sq_km": 2313.2,
        "city": "Nadiad",
        "district": "Kheda",
        "income_index": 0.71,
        "value": 0.627
      }
    },
    {
      "type": "Feature",
      "geometry": {
        "type": "Point",
        "coordinates": [
          72.89928,
          22.68034
        ]
      },
      "properties": {
        "name": "Nadiad Ward 6",
        "population": 980,
        "density_per_sq_km": 2077.8,
        "city": "Nadiad",
        "district": "Kheda",
        "income_index": 0.68,
        "value": 0.452
      }
    },
    {
      "type": "Feature",
      "geometry": {
        "type": "Point",
        "coordinates": [
          72.86444,
          22.67096
        ]
      },
      "properties": {
        "name": "Nadiad Ward 7",
        "population": 1974,
        "density_per_sq_km": 1973.3,
        "city": "Nadiad",
        "district": "Kheda",
        "income_index": 0.75,
        "value": 0.626
      }
    },
    {
      "type": "Feature",
      "geometry": {
        "type": "Point",
        "coordinates": [
          72.81516,
          22.66731
        ]
      },
      "properties": {
        "name": "Nadiad Ward 8",
        "population": 1020,
        "density_per_sq_km": 1124.1,
        "city": "Nadiad",
        "district": "Kheda",
        "income_index": 0.6,
        "value": 0.357
      }
    },
    {
      "type": "Feature",
      "geometry": {
        "type": "Point",
        "coordinates": [
          73.6175,
          23.1325
        ]
      },
      "properties": {
        "name": "Lunawada Central Core",
        "population": 16800,
        "density_per_sq_km": 1840.0,
        "city": "Lunawada",
        "district": "Mahisagar",
        "income_index": 0.65,
        "value": 0.87
      }
    },
    {
      "type": "Feature",
      "geometry": {
        "type": "Point",
        "coordinates": [
          73.62703,
          23.11771
        ]
      },
      "properties": {
        "name": "Lunawada Ward 1",
        "population": 708,
        "density_per_sq_km": 1121.1,
        "city": "Lunawada",
        "district": "Mahisagar",
        "income_index": 0.74,
        "value": 0.691
      }
    },
    {
      "type": "Feature",
      "geometry": {
        "type": "Point",
        "coordinates": [
          73.6234,
          23.15853
        ]
      },
      "properties": {
        "name": "Lunawada Ward 2",
        "population": 548,
        "density_per_sq_km": 1092.2,
        "city": "Lunawada",
        "district": "Mahisagar",
        "income_index": 0.68,
        "value": 0.548
      }
    },
    {
      "type": "Feature",
      "geometry": {
        "type": "Point",
        "coordinates": [
          73.6412,
          23.16276
        ]
      },
      "properties": {
        "name": "Lunawada Ward 3",
        "population": 500,
        "density_per_sq_km": 778.9,
        "city": "Lunawada",
        "district": "Mahisagar",
        "income_index": 0.61,
        "value": 0.325
      }
    },
    {
      "type": "Feature",
      "geometry": {
        "type": "Point",
        "coordinates": [
          73.63116,
          23.11563
        ]
      },
      "properties": {
        "name": "Lunawada Ward 4",
        "population": 512,
        "density_per_sq_km": 1214.9,
        "city": "Lunawada",
        "district": "Mahisagar",
        "income_index": 0.72,
        "value": 0.559
      }
    },
    {
      "type": "Feature",
      "geometry": {
        "type": "Point",
        "coordinates": [
          73.58451,
          23.11398
        ]
      },
      "properties": {
        "name": "Lunawada Ward 5",
        "population": 500,
        "density_per_sq_km": 564.5,
        "city": "Lunawada",
        "district": "Mahisagar",
        "income_index": 0.62,
        "value": 0.417
      }
    },
    {
      "type": "Feature",
      "geometry": {
        "type": "Point",
        "coordinates": [
          73.63756,
          23.13325
        ]
      },
      "properties": {
        "name": "Lunawada Ward 6",
        "population": 718,
        "density_per_sq_km": 936.3,
        "city": "Lunawada",
        "district": "Mahisagar",
        "income_index": 0.73,
        "value": 0.644
      }
    },
    {
      "type": "Feature",
      "geometry": {
        "type": "Point",
        "coordinates": [
          73.64051,
          23.13834
        ]
      },
      "properties": {
        "name": "Lunawada Ward 7",
        "population": 773,
        "density_per_sq_km": 971.6,
        "city": "Lunawada",
        "district": "Mahisagar",
        "income_index": 0.71,
        "value": 0.498
      }
    },
    {
      "type": "Feature",
      "geometry": {
        "type": "Point",
        "coordinates": [
          73.61184,
          23.13971
        ]
      },
      "properties": {
        "name": "Lunawada Ward 8",
        "population": 1014,
        "density_per_sq_km": 1179.0,
        "city": "Lunawada",
        "district": "Mahisagar",
        "income_index": 0.79,
        "value": 0.671
      }
    },
    {
      "type": "Feature",
      "geometry": {
        "type": "Point",
        "coordinates": [
          74.0135,
          22.3082
        ]
      },
      "properties": {
        "name": "Chhota Udepur Central Core",
        "population": 14400,
        "density_per_sq_km": 1610.0,
        "city": "Chhota Udepur",
        "district": "Chhota Udepur",
        "income_index": 0.45,
        "value": 0.88
      }
    },
    {
      "type": "Feature",
      "geometry": {
        "type": "Point",
        "coordinates": [
          74.0484,
          22.32478
        ]
      },
      "properties": {
        "name": "Chhota Udepur Ward 1",
        "population": 500,
        "density_per_sq_km": 478.9,
        "city": "Chhota Udepur",
        "district": "Chhota Udepur",
        "income_index": 0.62,
        "value": 0.407
      }
    },
    {
      "type": "Feature",
      "geometry": {
        "type": "Point",
        "coordinates": [
          74.04072,
          22.31011
        ]
      },
      "properties": {
        "name": "Chhota Udepur Ward 2",
        "population": 500,
        "density_per_sq_km": 689.0,
        "city": "Chhota Udepur",
        "district": "Chhota Udepur",
        "income_index": 0.69,
        "value": 0.548
      }
    },
    {
      "type": "Feature",
      "geometry": {
        "type": "Point",
        "coordinates": [
          74.00647,
          22.26886
        ]
      },
      "properties": {
        "name": "Chhota Udepur Ward 3",
        "population": 500,
        "density_per_sq_km": 571.9,
        "city": "Chhota Udepur",
        "district": "Chhota Udepur",
        "income_index": 0.6,
        "value": 0.315
      }
    },
    {
      "type": "Feature",
      "geometry": {
        "type": "Point",
        "coordinates": [
          74.03449,
          22.33196
        ]
      },
      "properties": {
        "name": "Chhota Udepur Ward 4",
        "population": 541,
        "density_per_sq_km": 587.6,
        "city": "Chhota Udepur",
        "district": "Chhota Udepur",
        "income_index": 0.66,
        "value": 0.482
      }
    },
    {
      "type": "Feature",
      "geometry": {
        "type": "Point",
        "coordinates": [
          73.98843,
          22.32916
        ]
      },
      "properties": {
        "name": "Chhota Udepur Ward 5",
        "population": 500,
        "density_per_sq_km": 837.1,
        "city": "Chhota Udepur",
        "district": "Chhota Udepur",
        "income_index": 0.65,
        "value": 0.358
      }
    },
    {
      "type": "Feature",
      "geometry": {
        "type": "Point",
        "coordinates": [
          74.01741,
          22.28094
        ]
      },
      "properties": {
        "name": "Chhota Udepur Ward 6",
        "population": 524,
        "density_per_sq_km": 786.4,
        "city": "Chhota Udepur",
        "district": "Chhota Udepur",
        "income_index": 0.68,
        "value": 0.545
      }
    },
    {
      "type": "Feature",
      "geometry": {
        "type": "Point",
        "coordinates": [
          74.02131,
          22.32273
        ]
      },
      "properties": {
        "name": "Chhota Udepur Ward 7",
        "population": 662,
        "density_per_sq_km": 859.2,
        "city": "Chhota Udepur",
        "district": "Chhota Udepur",
        "income_index": 0.75,
        "value": 0.595
      }
    },
    {
      "type": "Feature",
      "geometry": {
        "type": "Point",
        "coordinates": [
          73.9877,
          22.28664
        ]
      },
      "properties": {
        "name": "Chhota Udepur Ward 8",
        "population": 500,
        "density_per_sq_km": 821.6,
        "city": "Chhota Udepur",
        "district": "Chhota Udepur",
        "income_index": 0.65,
        "value": 0.421
      }
    },
    {
      "type": "Feature",
      "geometry": {
        "type": "Point",
        "coordinates": [
          71.6372,
          22.7274
        ]
      },
      "properties": {
        "name": "Surendranagar Central Core",
        "population": 34800,
        "density_per_sq_km": 3220.0,
        "city": "Surendranagar",
        "district": "Surendranagar",
        "income_index": 0.65,
        "value": 0.9
      }
    },
    {
      "type": "Feature",
      "geometry": {
        "type": "Point",
        "coordinates": [
          71.62333,
          22.711
        ]
      },
      "properties": {
        "name": "Surendranagar Ward 1",
        "population": 1683,
        "density_per_sq_km": 2375.4,
        "city": "Surendranagar",
        "district": "Surendranagar",
        "income_index": 0.75,
        "value": 0.656
      }
    },
    {
      "type": "Feature",
      "geometry": {
        "type": "Point",
        "coordinates": [
          71.58401,
          22.73327
        ]
      },
      "properties": {
        "name": "Surendranagar Ward 2",
        "population": 663,
        "density_per_sq_km": 1072.6,
        "city": "Surendranagar",
        "district": "Surendranagar",
        "income_index": 0.61,
        "value": 0.289
      }
    },
    {
      "type": "Feature",
      "geometry": {
        "type": "Point",
        "coordinates": [
          71.671,
          22.70791
        ]
      },
      "properties": {
        "name": "Surendranagar Ward 3",
        "population": 1056,
        "density_per_sq_km": 1282.6,
        "city": "Surendranagar",
        "district": "Surendranagar",
        "income_index": 0.67,
        "value": 0.453
      }
    },
    {
      "type": "Feature",
      "geometry": {
        "type": "Point",
        "coordinates": [
          71.60578,
          22.71028
        ]
      },
      "properties": {
        "name": "Surendranagar Ward 4",
        "population": 951,
        "density_per_sq_km": 1914.6,
        "city": "Surendranagar",
        "district": "Surendranagar",
        "income_index": 0.68,
        "value": 0.428
      }
    },
    {
      "type": "Feature",
      "geometry": {
        "type": "Point",
        "coordinates": [
          71.61795,
          22.73742
        ]
      },
      "properties": {
        "name": "Surendranagar Ward 5",
        "population": 1169,
        "density_per_sq_km": 2296.1,
        "city": "Surendranagar",
        "district": "Surendranagar",
        "income_index": 0.75,
        "value": 0.686
      }
    },
    {
      "type": "Feature",
      "geometry": {
        "type": "Point",
        "coordinates": [
          71.62121,
          22.68751
        ]
      },
      "properties": {
        "name": "Surendranagar Ward 6",
        "population": 999,
        "density_per_sq_km": 1240.6,
        "city": "Surendranagar",
        "district": "Surendranagar",
        "income_index": 0.64,
        "value": 0.344
      }
    },
    {
      "type": "Feature",
      "geometry": {
        "type": "Point",
        "coordinates": [
          71.67722,
          22.69928
        ]
      },
      "properties": {
        "name": "Surendranagar Ward 7",
        "population": 992,
        "density_per_sq_km": 1374.0,
        "city": "Surendranagar",
        "district": "Surendranagar",
        "income_index": 0.62,
        "value": 0.399
      }
    },
    {
      "type": "Feature",
      "geometry": {
        "type": "Point",
        "coordinates": [
          71.62796,
          22.76974
        ]
      },
      "properties": {
        "name": "Surendranagar Ward 8",
        "population": 868,
        "density_per_sq_km": 1349.4,
        "city": "Surendranagar",
        "district": "Surendranagar",
        "income_index": 0.64,
        "value": 0.351
      }
    },
    {
      "type": "Feature",
      "geometry": {
        "type": "Point",
        "coordinates": [
          70.838,
          22.812
        ]
      },
      "properties": {
        "name": "Morbi Central Core",
        "population": 44400,
        "density_per_sq_km": 4140.0,
        "city": "Morbi",
        "district": "Morbi",
        "income_index": 0.85,
        "value": 0.93
      }
    },
    {
      "type": "Feature",
      "geometry": {
        "type": "Point",
        "coordinates": [
          70.86494,
          22.81605
        ]
      },
      "properties": {
        "name": "Morbi Ward 1",
        "population": 2313,
        "density_per_sq_km": 2543.5,
        "city": "Morbi",
        "district": "Morbi",
        "income_index": 0.75,
        "value": 0.676
      }
    },
    {
      "type": "Feature",
      "geometry": {
        "type": "Point",
        "coordinates": [
          70.80554,
          22.75245
        ]
      },
      "properties": {
        "name": "Morbi Ward 2",
        "population": 1015,
        "density_per_sq_km": 1402.8,
        "city": "Morbi",
        "district": "Morbi",
        "income_index": 0.58,
        "value": 0.329
      }
    },
    {
      "type": "Feature",
      "geometry": {
        "type": "Point",
        "coordinates": [
          70.799,
          22.77048
        ]
      },
      "properties": {
        "name": "Morbi Ward 3",
        "population": 842,
        "density_per_sq_km": 1880.6,
        "city": "Morbi",
        "district": "Morbi",
        "income_index": 0.63,
        "value": 0.432
      }
    },
    {
      "type": "Feature",
      "geometry": {
        "type": "Point",
        "coordinates": [
          70.87078,
          22.80867
        ]
      },
      "properties": {
        "name": "Morbi Ward 4",
        "population": 2003,
        "density_per_sq_km": 2305.1,
        "city": "Morbi",
        "district": "Morbi",
        "income_index": 0.73,
        "value": 0.564
      }
    },
    {
      "type": "Feature",
      "geometry": {
        "type": "Point",
        "coordinates": [
          70.84101,
          22.88438
        ]
      },
      "properties": {
        "name": "Morbi Ward 5",
        "population": 723,
        "density_per_sq_km": 930.2,
        "city": "Morbi",
        "district": "Morbi",
        "income_index": 0.56,
        "value": 0.171
      }
    },
    {
      "type": "Feature",
      "geometry": {
        "type": "Point",
        "coordinates": [
          70.8245,
          22.80077
        ]
      },
      "properties": {
        "name": "Morbi Ward 6",
        "population": 2454,
        "density_per_sq_km": 2650.1,
        "city": "Morbi",
        "district": "Morbi",
        "income_index": 0.78,
        "value": 0.693
      }
    },
    {
      "type": "Feature",
      "geometry": {
        "type": "Point",
        "coordinates": [
          70.8749,
          22.79014
        ]
      },
      "properties": {
        "name": "Morbi Ward 7",
        "population": 1727,
        "density_per_sq_km": 2367.2,
        "city": "Morbi",
        "district": "Morbi",
        "income_index": 0.69,
        "value": 0.514
      }
    },
    {
      "type": "Feature",
      "geometry": {
        "type": "Point",
        "coordinates": [
          70.84889,
          22.82898
        ]
      },
      "properties": {
        "name": "Morbi Ward 8",
        "population": 1668,
        "density_per_sq_km": 3019.2,
        "city": "Morbi",
        "district": "Morbi",
        "income_index": 0.77,
        "value": 0.709
      }
    },
    {
      "type": "Feature",
      "geometry": {
        "type": "Point",
        "coordinates": [
          71.6664,
          22.1704
        ]
      },
      "properties": {
        "name": "Botad Central Core",
        "population": 22800,
        "density_per_sq_km": 2300.0,
        "city": "Botad",
        "district": "Botad",
        "income_index": 0.65,
        "value": 0.88
      }
    },
    {
      "type": "Feature",
      "geometry": {
        "type": "Point",
        "coordinates": [
          71.63508,
          22.15249
        ]
      },
      "properties": {
        "name": "Botad Ward 1",
        "population": 677,
        "density_per_sq_km": 958.4,
        "city": "Botad",
        "district": "Botad",
        "income_index": 0.66,
        "value": 0.489
      }
    },
    {
      "type": "Feature",
      "geometry": {
        "type": "Point",
        "coordinates": [
          71.68912,
          22.19462
        ]
      },
      "properties": {
        "name": "Botad Ward 2",
        "population": 646,
        "density_per_sq_km": 1188.9,
        "city": "Botad",
        "district": "Botad",
        "income_index": 0.67,
        "value": 0.469
      }
    },
    {
      "type": "Feature",
      "geometry": {
        "type": "Point",
        "coordinates": [
          71.65217,
          22.16284
        ]
      },
      "properties": {
        "name": "Botad Ward 3",
        "population": 986,
        "density_per_sq_km": 1641.2,
        "city": "Botad",
        "district": "Botad",
        "income_index": 0.77,
        "value": 0.592
      }
    },
    {
      "type": "Feature",
      "geometry": {
        "type": "Point",
        "coordinates": [
          71.6914,
          22.16265
        ]
      },
      "properties": {
        "name": "Botad Ward 4",
        "population": 697,
        "density_per_sq_km": 1193.1,
        "city": "Botad",
        "district": "Botad",
        "income_index": 0.71,
        "value": 0.535
      }
    },
    {
      "type": "Feature",
      "geometry": {
        "type": "Point",
        "coordinates": [
          71.66878,
          22.21578
        ]
      },
      "properties": {
        "name": "Botad Ward 5",
        "population": 500,
        "density_per_sq_km": 703.8,
        "city": "Botad",
        "district": "Botad",
        "income_index": 0.6,
        "value": 0.347
      }
    },
    {
      "type": "Feature",
      "geometry": {
        "type": "Point",
        "coordinates": [
          71.66631,
          22.11995
        ]
      },
      "properties": {
        "name": "Botad Ward 6",
        "population": 500,
        "density_per_sq_km": 497.3,
        "city": "Botad",
        "district": "Botad",
        "income_index": 0.57,
        "value": 0.313
      }
    },
    {
      "type": "Feature",
      "geometry": {
        "type": "Point",
        "coordinates": [
          71.6699,
          22.1823
        ]
      },
      "properties": {
        "name": "Botad Ward 7",
        "population": 1367,
        "density_per_sq_km": 1897.8,
        "city": "Botad",
        "district": "Botad",
        "income_index": 0.78,
        "value": 0.717
      }
    },
    {
      "type": "Feature",
      "geometry": {
        "type": "Point",
        "coordinates": [
          71.64548,
          22.13142
        ]
      },
      "properties": {
        "name": "Botad Ward 8",
        "population": 501,
        "density_per_sq_km": 670.2,
        "city": "Botad",
        "district": "Botad",
        "income_index": 0.61,
        "value": 0.26
      }
    },
    {
      "type": "Feature",
      "geometry": {
        "type": "Point",
        "coordinates": [
          71.2221,
          21.6032
        ]
      },
      "properties": {
        "name": "Amreli Central Core",
        "population": 25200,
        "density_per_sq_km": 2415.0,
        "city": "Amreli",
        "district": "Amreli",
        "income_index": 0.65,
        "value": 0.89
      }
    },
    {
      "type": "Feature",
      "geometry": {
        "type": "Point",
        "coordinates": [
          71.18196,
          21.61567
        ]
      },
      "properties": {
        "name": "Amreli Ward 1",
        "population": 794,
        "density_per_sq_km": 1113.7,
        "city": "Amreli",
        "district": "Amreli",
        "income_index": 0.63,
        "value": 0.32
      }
    },
    {
      "type": "Feature",
      "geometry": {
        "type": "Point",
        "coordinates": [
          71.19921,
          21.61757
        ]
      },
      "properties": {
        "name": "Amreli Ward 2",
        "population": 994,
        "density_per_sq_km": 1364.7,
        "city": "Amreli",
        "district": "Amreli",
        "income_index": 0.71,
        "value": 0.53
      }
    },
    {
      "type": "Feature",
      "geometry": {
        "type": "Point",
        "coordinates": [
          71.25111,
          21.59247
        ]
      },
      "properties": {
        "name": "Amreli Ward 3",
        "population": 794,
        "density_per_sq_km": 1087.7,
        "city": "Amreli",
        "district": "Amreli",
        "income_index": 0.69,
        "value": 0.509
      }
    },
    {
      "type": "Feature",
      "geometry": {
        "type": "Point",
        "coordinates": [
          71.24682,
          21.62959
        ]
      },
      "properties": {
        "name": "Amreli Ward 4",
        "population": 931,
        "density_per_sq_km": 1015.2,
        "city": "Amreli",
        "district": "Amreli",
        "income_index": 0.66,
        "value": 0.474
      }
    },
    {
      "type": "Feature",
      "geometry": {
        "type": "Point",
        "coordinates": [
          71.17398,
          21.62389
        ]
      },
      "properties": {
        "name": "Amreli Ward 5",
        "population": 500,
        "density_per_sq_km": 569.8,
        "city": "Amreli",
        "district": "Amreli",
        "income_index": 0.58,
        "value": 0.22
      }
    },
    {
      "type": "Feature",
      "geometry": {
        "type": "Point",
        "coordinates": [
          71.19233,
          21.56629
        ]
      },
      "properties": {
        "name": "Amreli Ward 6",
        "population": 575,
        "density_per_sq_km": 658.1,
        "city": "Amreli",
        "district": "Amreli",
        "income_index": 0.59,
        "value": 0.35
      }
    },
    {
      "type": "Feature",
      "geometry": {
        "type": "Point",
        "coordinates": [
          71.22392,
          21.5574
        ]
      },
      "properties": {
        "name": "Amreli Ward 7",
        "population": 614,
        "density_per_sq_km": 749.1,
        "city": "Amreli",
        "district": "Amreli",
        "income_index": 0.6,
        "value": 0.377
      }
    },
    {
      "type": "Feature",
      "geometry": {
        "type": "Point",
        "coordinates": [
          71.2051,
          21.56636
        ]
      },
      "properties": {
        "name": "Amreli Ward 8",
        "population": 698,
        "density_per_sq_km": 1067.7,
        "city": "Amreli",
        "district": "Amreli",
        "income_index": 0.63,
        "value": 0.398
      }
    },
    {
      "type": "Feature",
      "geometry": {
        "type": "Point",
        "coordinates": [
          69.6093,
          21.6417
        ]
      },
      "properties": {
        "name": "Porbandar Central Core",
        "population": 32400,
        "density_per_sq_km": 2990.0,
        "city": "Porbandar",
        "district": "Porbandar",
        "income_index": 0.65,
        "value": 0.87
      }
    },
    {
      "type": "Feature",
      "geometry": {
        "type": "Point",
        "coordinates": [
          69.62555,
          21.67472
        ]
      },
      "properties": {
        "name": "Porbandar Ward 1",
        "population": 926,
        "density_per_sq_km": 1306.3,
        "city": "Porbandar",
        "district": "Porbandar",
        "income_index": 0.67,
        "value": 0.398
      }
    },
    {
      "type": "Feature",
      "geometry": {
        "type": "Point",
        "coordinates": [
          69.60775,
          21.61048
        ]
      },
      "properties": {
        "name": "Porbandar Ward 2",
        "population": 1129,
        "density_per_sq_km": 1314.5,
        "city": "Porbandar",
        "district": "Porbandar",
        "income_index": 0.7,
        "value": 0.575
      }
    },
    {
      "type": "Feature",
      "geometry": {
        "type": "Point",
        "coordinates": [
          69.63873,
          21.69397
        ]
      },
      "properties": {
        "name": "Porbandar Ward 3",
        "population": 619,
        "density_per_sq_km": 740.9,
        "city": "Porbandar",
        "district": "Porbandar",
        "income_index": 0.56,
        "value": 0.233
      }
    },
    {
      "type": "Feature",
      "geometry": {
        "type": "Point",
        "coordinates": [
          69.61955,
          21.60176
        ]
      },
      "properties": {
        "name": "Porbandar Ward 4",
        "population": 1088,
        "density_per_sq_km": 1486.6,
        "city": "Porbandar",
        "district": "Porbandar",
        "income_index": 0.65,
        "value": 0.412
      }
    },
    {
      "type": "Feature",
      "geometry": {
        "type": "Point",
        "coordinates": [
          69.56356,
          21.65848
        ]
      },
      "properties": {
        "name": "Porbandar Ward 5",
        "population": 740,
        "density_per_sq_km": 1123.2,
        "city": "Porbandar",
        "district": "Porbandar",
        "income_index": 0.62,
        "value": 0.315
      }
    },
    {
      "type": "Feature",
      "geometry": {
        "type": "Point",
        "coordinates": [
          69.6179,
          21.66122
        ]
      },
      "properties": {
        "name": "Porbandar Ward 6",
        "population": 1717,
        "density_per_sq_km": 1803.1,
        "city": "Porbandar",
        "district": "Porbandar",
        "income_index": 0.75,
        "value": 0.663
      }
    },
    {
      "type": "Feature",
      "geometry": {
        "type": "Point",
        "coordinates": [
          69.60853,
          21.61657
        ]
      },
      "properties": {
        "name": "Porbandar Ward 7",
        "population": 1116,
        "density_per_sq_km": 1749.2,
        "city": "Porbandar",
        "district": "Porbandar",
        "income_index": 0.73,
        "value": 0.577
      }
    },
    {
      "type": "Feature",
      "geometry": {
        "type": "Point",
        "coordinates": [
          69.60556,
          21.61754
        ]
      },
      "properties": {
        "name": "Porbandar Ward 8",
        "population": 1225,
        "density_per_sq_km": 1659.5,
        "city": "Porbandar",
        "district": "Porbandar",
        "income_index": 0.73,
        "value": 0.58
      }
    },
    {
      "type": "Feature",
      "geometry": {
        "type": "Point",
        "coordinates": [
          70.3678,
          20.9077
        ]
      },
      "properties": {
        "name": "Veraval Central Core",
        "population": 30000,
        "density_per_sq_km": 2875.0,
        "city": "Veraval",
        "district": "Gir Somnath",
        "income_index": 0.65,
        "value": 0.89
      }
    },
    {
      "type": "Feature",
      "geometry": {
        "type": "Point",
        "coordinates": [
          70.33472,
          20.86396
        ]
      },
      "properties": {
        "name": "Veraval Ward 1",
        "population": 644,
        "density_per_sq_km": 701.3,
        "city": "Veraval",
        "district": "Gir Somnath",
        "income_index": 0.59,
        "value": 0.224
      }
    },
    {
      "type": "Feature",
      "geometry": {
        "type": "Point",
        "coordinates": [
          70.33867,
          20.89456
        ]
      },
      "properties": {
        "name": "Veraval Ward 2",
        "population": 1238,
        "density_per_sq_km": 1666.5,
        "city": "Veraval",
        "district": "Gir Somnath",
        "income_index": 0.7,
        "value": 0.598
      }
    },
    {
      "type": "Feature",
      "geometry": {
        "type": "Point",
        "coordinates": [
          70.34322,
          20.93017
        ]
      },
      "properties": {
        "name": "Veraval Ward 3",
        "population": 1106,
        "density_per_sq_km": 1292.8,
        "city": "Veraval",
        "district": "Gir Somnath",
        "income_index": 0.69,
        "value": 0.489
      }
    },
    {
      "type": "Feature",
      "geometry": {
        "type": "Point",
        "coordinates": [
          70.35741,
          20.95487
        ]
      },
      "properties": {
        "name": "Veraval Ward 4",
        "population": 666,
        "density_per_sq_km": 1053.6,
        "city": "Veraval",
        "district": "Gir Somnath",
        "income_index": 0.61,
        "value": 0.415
      }
    },
    {
      "type": "Feature",
      "geometry": {
        "type": "Point",
        "coordinates": [
          70.40143,
          20.89536
        ]
      },
      "properties": {
        "name": "Veraval Ward 5",
        "population": 1191,
        "density_per_sq_km": 1642.2,
        "city": "Veraval",
        "district": "Gir Somnath",
        "income_index": 0.68,
        "value": 0.523
      }
    },
    {
      "type": "Feature",
      "geometry": {
        "type": "Point",
        "coordinates": [
          70.32031,
          20.93171
        ]
      },
      "properties": {
        "name": "Veraval Ward 6",
        "population": 731,
        "density_per_sq_km": 954.7,
        "city": "Veraval",
        "district": "Gir Somnath",
        "income_index": 0.6,
        "value": 0.345
      }
    },
    {
      "type": "Feature",
      "geometry": {
        "type": "Point",
        "coordinates": [
          70.38425,
          20.87828
        ]
      },
      "properties": {
        "name": "Veraval Ward 7",
        "population": 952,
        "density_per_sq_km": 1287.8,
        "city": "Veraval",
        "district": "Gir Somnath",
        "income_index": 0.69,
        "value": 0.456
      }
    },
    {
      "type": "Feature",
      "geometry": {
        "type": "Point",
        "coordinates": [
          70.35463,
          20.94377
        ]
      },
      "properties": {
        "name": "Veraval Ward 8",
        "population": 782,
        "density_per_sq_km": 1132.8,
        "city": "Veraval",
        "district": "Gir Somnath",
        "income_index": 0.66,
        "value": 0.383
      }
    },
    {
      "type": "Feature",
      "geometry": {
        "type": "Point",
        "coordinates": [
          68.9678,
          22.2394
        ]
      },
      "properties": {
        "name": "Dwarka Central Core",
        "population": 18000,
        "density_per_sq_km": 1955.0,
        "city": "Dwarka",
        "district": "Devbhumi Dwarka",
        "income_index": 0.65,
        "value": 0.95
      }
    },
    {
      "type": "Feature",
      "geometry": {
        "type": "Point",
        "coordinates": [
          68.99776,
          22.277
        ]
      },
      "properties": {
        "name": "Dwarka Ward 1",
        "population": 500,
        "density_per_sq_km": 689.7,
        "city": "Dwarka",
        "district": "Devbhumi Dwarka",
        "income_index": 0.59,
        "value": 0.225
      }
    },
    {
      "type": "Feature",
      "geometry": {
        "type": "Point",
        "coordinates": [
          69.01073,
          22.2153
        ]
      },
      "properties": {
        "name": "Dwarka Ward 2",
        "population": 500,
        "density_per_sq_km": 574.1,
        "city": "Dwarka",
        "district": "Devbhumi Dwarka",
        "income_index": 0.59,
        "value": 0.248
      }
    },
    {
      "type": "Feature",
      "geometry": {
        "type": "Point",
        "coordinates": [
          68.92376,
          22.26226
        ]
      },
      "properties": {
        "name": "Dwarka Ward 3",
        "population": 500,
        "density_per_sq_km": 517.7,
        "city": "Dwarka",
        "district": "Devbhumi Dwarka",
        "income_index": 0.59,
        "value": 0.289
      }
    },
    {
      "type": "Feature",
      "geometry": {
        "type": "Point",
        "coordinates": [
          68.99187,
          22.20387
        ]
      },
      "properties": {
        "name": "Dwarka Ward 4",
        "population": 500,
        "density_per_sq_km": 694.8,
        "city": "Dwarka",
        "district": "Devbhumi Dwarka",
        "income_index": 0.62,
        "value": 0.321
      }
    },
    {
      "type": "Feature",
      "geometry": {
        "type": "Point",
        "coordinates": [
          68.93241,
          22.2391
        ]
      },
      "properties": {
        "name": "Dwarka Ward 5",
        "population": 583,
        "density_per_sq_km": 856.7,
        "city": "Dwarka",
        "district": "Devbhumi Dwarka",
        "income_index": 0.67,
        "value": 0.513
      }
    },
    {
      "type": "Feature",
      "geometry": {
        "type": "Point",
        "coordinates": [
          68.97837,
          22.18979
        ]
      },
      "properties": {
        "name": "Dwarka Ward 6",
        "population": 500,
        "density_per_sq_km": 598.0,
        "city": "Dwarka",
        "district": "Devbhumi Dwarka",
        "income_index": 0.57,
        "value": 0.331
      }
    },
    {
      "type": "Feature",
      "geometry": {
        "type": "Point",
        "coordinates": [
          68.97478,
          22.21309
        ]
      },
      "properties": {
        "name": "Dwarka Ward 7",
        "population": 611,
        "density_per_sq_km": 1072.8,
        "city": "Dwarka",
        "district": "Devbhumi Dwarka",
        "income_index": 0.7,
        "value": 0.605
      }
    },
    {
      "type": "Feature",
      "geometry": {
        "type": "Point",
        "coordinates": [
          68.92,
          22.25917
        ]
      },
      "properties": {
        "name": "Dwarka Ward 8",
        "population": 500,
        "density_per_sq_km": 501.2,
        "city": "Dwarka",
        "district": "Devbhumi Dwarka",
        "income_index": 0.58,
        "value": 0.301
      }
    },
    {
      "type": "Feature",
      "geometry": {
        "type": "Point",
        "coordinates": [
          69.6669,
          23.242
        ]
      },
      "properties": {
        "name": "Bhuj Central Core",
        "population": 33600,
        "density_per_sq_km": 2875.0,
        "city": "Bhuj",
        "district": "Kutch",
        "income_index": 0.65,
        "value": 0.95
      }
    },
    {
      "type": "Feature",
      "geometry": {
        "type": "Point",
        "coordinates": [
          69.65854,
          23.22047
        ]
      },
      "properties": {
        "name": "Bhuj Ward 1",
        "population": 1751,
        "density_per_sq_km": 2127.6,
        "city": "Bhuj",
        "district": "Kutch",
        "income_index": 0.75,
        "value": 0.6
      }
    },
    {
      "type": "Feature",
      "geometry": {
        "type": "Point",
        "coordinates": [
          69.63139,
          23.2447
        ]
      },
      "properties": {
        "name": "Bhuj Ward 2",
        "population": 1536,
        "density_per_sq_km": 1367.0,
        "city": "Bhuj",
        "district": "Kutch",
        "income_index": 0.7,
        "value": 0.531
      }
    },
    {
      "type": "Feature",
      "geometry": {
        "type": "Point",
        "coordinates": [
          69.65603,
          23.27054
        ]
      },
      "properties": {
        "name": "Bhuj Ward 3",
        "population": 1265,
        "density_per_sq_km": 1560.9,
        "city": "Bhuj",
        "district": "Kutch",
        "income_index": 0.72,
        "value": 0.489
      }
    },
    {
      "type": "Feature",
      "geometry": {
        "type": "Point",
        "coordinates": [
          69.68222,
          23.28248
        ]
      },
      "properties": {
        "name": "Bhuj Ward 4",
        "population": 872,
        "density_per_sq_km": 1570.0,
        "city": "Bhuj",
        "district": "Kutch",
        "income_index": 0.66,
        "value": 0.426
      }
    },
    {
      "type": "Feature",
      "geometry": {
        "type": "Point",
        "coordinates": [
          69.6808,
          23.31335
        ]
      },
      "properties": {
        "name": "Bhuj Ward 5",
        "population": 500,
        "density_per_sq_km": 517.8,
        "city": "Bhuj",
        "district": "Kutch",
        "income_index": 0.53,
        "value": 0.213
      }
    },
    {
      "type": "Feature",
      "geometry": {
        "type": "Point",
        "coordinates": [
          69.69455,
          23.26367
        ]
      },
      "properties": {
        "name": "Bhuj Ward 6",
        "population": 1466,
        "density_per_sq_km": 1696.9,
        "city": "Bhuj",
        "district": "Kutch",
        "income_index": 0.7,
        "value": 0.477
      }
    },
    {
      "type": "Feature",
      "geometry": {
        "type": "Point",
        "coordinates": [
          69.62465,
          23.23086
        ]
      },
      "properties": {
        "name": "Bhuj Ward 7",
        "population": 775,
        "density_per_sq_km": 1147.1,
        "city": "Bhuj",
        "district": "Kutch",
        "income_index": 0.67,
        "value": 0.43
      }
    },
    {
      "type": "Feature",
      "geometry": {
        "type": "Point",
        "coordinates": [
          69.62462,
          23.26496
        ]
      },
      "properties": {
        "name": "Bhuj Ward 8",
        "population": 1105,
        "density_per_sq_km": 1261.5,
        "city": "Bhuj",
        "district": "Kutch",
        "income_index": 0.65,
        "value": 0.362
      }
    },
    {
      "type": "Feature",
      "geometry": {
        "type": "Point",
        "coordinates": [
          70.1337,
          23.0753
        ]
      },
      "properties": {
        "name": "Gandhidham Central Core",
        "population": 40800,
        "density_per_sq_km": 3910.0,
        "city": "Gandhidham",
        "district": "Kutch",
        "income_index": 0.85,
        "value": 0.88
      }
    },
    {
      "type": "Feature",
      "geometry": {
        "type": "Point",
        "coordinates": [
          70.15215,
          23.06965
        ]
      },
      "properties": {
        "name": "Gandhidham Ward 1",
        "population": 1820,
        "density_per_sq_km": 3045.2,
        "city": "Gandhidham",
        "district": "Kutch",
        "income_index": 0.77,
        "value": 0.674
      }
    },
    {
      "type": "Feature",
      "geometry": {
        "type": "Point",
        "coordinates": [
          70.18215,
          23.12859
        ]
      },
      "properties": {
        "name": "Gandhidham Ward 2",
        "population": 574,
        "density_per_sq_km": 627.5,
        "city": "Gandhidham",
        "district": "Kutch",
        "income_index": 0.54,
        "value": 0.197
      }
    },
    {
      "type": "Feature",
      "geometry": {
        "type": "Point",
        "coordinates": [
          70.16163,
          23.0766
        ]
      },
      "properties": {
        "name": "Gandhidham Ward 3",
        "population": 1631,
        "density_per_sq_km": 2540.5,
        "city": "Gandhidham",
        "district": "Kutch",
        "income_index": 0.74,
        "value": 0.566
      }
    },
    {
      "type": "Feature",
      "geometry": {
        "type": "Point",
        "coordinates": [
          70.16162,
          23.03088
        ]
      },
      "properties": {
        "name": "Gandhidham Ward 4",
        "population": 781,
        "density_per_sq_km": 1741.3,
        "city": "Gandhidham",
        "district": "Kutch",
        "income_index": 0.62,
        "value": 0.297
      }
    },
    {
      "type": "Feature",
      "geometry": {
        "type": "Point",
        "coordinates": [
          70.12606,
          23.03277
        ]
      },
      "properties": {
        "name": "Gandhidham Ward 5",
        "population": 1587,
        "density_per_sq_km": 1811.5,
        "city": "Gandhidham",
        "district": "Kutch",
        "income_index": 0.66,
        "value": 0.426
      }
    },
    {
      "type": "Feature",
      "geometry": {
        "type": "Point",
        "coordinates": [
          70.14378,
          23.02648
        ]
      },
      "properties": {
        "name": "Gandhidham Ward 6",
        "population": 1360,
        "density_per_sq_km": 1374.5,
        "city": "Gandhidham",
        "district": "Kutch",
        "income_index": 0.63,
        "value": 0.304
      }
    },
    {
      "type": "Feature",
      "geometry": {
        "type": "Point",
        "coordinates": [
          70.0958,
          23.08391
        ]
      },
      "properties": {
        "name": "Gandhidham Ward 7",
        "population": 1621,
        "density_per_sq_km": 2149.6,
        "city": "Gandhidham",
        "district": "Kutch",
        "income_index": 0.69,
        "value": 0.555
      }
    },
    {
      "type": "Feature",
      "geometry": {
        "type": "Point",
        "coordinates": [
          70.09539,
          23.07201
        ]
      },
      "properties": {
        "name": "Gandhidham Ward 8",
        "population": 1068,
        "density_per_sq_km": 2102.2,
        "city": "Gandhidham",
        "district": "Kutch",
        "income_index": 0.69,
        "value": 0.566
      }
    },
    {
      "type": "Feature",
      "geometry": {
        "type": "Point",
        "coordinates": [
          69.7214,
          22.8394
        ]
      },
      "properties": {
        "name": "Mundra Central Core",
        "population": 20400,
        "density_per_sq_km": 2530.0,
        "city": "Mundra",
        "district": "Kutch",
        "income_index": 0.85,
        "value": 0.87
      }
    },
    {
      "type": "Feature",
      "geometry": {
        "type": "Point",
        "coordinates": [
          69.68169,
          22.84618
        ]
      },
      "properties": {
        "name": "Mundra Ward 1",
        "population": 715,
        "density_per_sq_km": 1252.9,
        "city": "Mundra",
        "district": "Kutch",
        "income_index": 0.67,
        "value": 0.51
      }
    },
    {
      "type": "Feature",
      "geometry": {
        "type": "Point",
        "coordinates": [
          69.74349,
          22.88803
        ]
      },
      "properties": {
        "name": "Mundra Ward 2",
        "population": 500,
        "density_per_sq_km": 705.9,
        "city": "Mundra",
        "district": "Kutch",
        "income_index": 0.59,
        "value": 0.224
      }
    },
    {
      "type": "Feature",
      "geometry": {
        "type": "Point",
        "coordinates": [
          69.73794,
          22.84441
        ]
      },
      "properties": {
        "name": "Mundra Ward 3",
        "population": 1190,
        "density_per_sq_km": 1775.5,
        "city": "Mundra",
        "district": "Kutch",
        "income_index": 0.77,
        "value": 0.76
      }
    },
    {
      "type": "Feature",
      "geometry": {
        "type": "Point",
        "coordinates": [
          69.71301,
          22.81152
        ]
      },
      "properties": {
        "name": "Mundra Ward 4",
        "population": 876,
        "density_per_sq_km": 1240.1,
        "city": "Mundra",
        "district": "Kutch",
        "income_index": 0.71,
        "value": 0.524
      }
    },
    {
      "type": "Feature",
      "geometry": {
        "type": "Point",
        "coordinates": [
          69.65845,
          22.85078
        ]
      },
      "properties": {
        "name": "Mundra Ward 5",
        "population": 500,
        "density_per_sq_km": 506.4,
        "city": "Mundra",
        "district": "Kutch",
        "income_index": 0.56,
        "value": 0.209
      }
    },
    {
      "type": "Feature",
      "geometry": {
        "type": "Point",
        "coordinates": [
          69.68619,
          22.87837
        ]
      },
      "properties": {
        "name": "Mundra Ward 6",
        "population": 546,
        "density_per_sq_km": 786.8,
        "city": "Mundra",
        "district": "Kutch",
        "income_index": 0.6,
        "value": 0.394
      }
    },
    {
      "type": "Feature",
      "geometry": {
        "type": "Point",
        "coordinates": [
          69.7224,
          22.80082
        ]
      },
      "properties": {
        "name": "Mundra Ward 7",
        "population": 774,
        "density_per_sq_km": 1161.9,
        "city": "Mundra",
        "district": "Kutch",
        "income_index": 0.66,
        "value": 0.494
      }
    },
    {
      "type": "Feature",
      "geometry": {
        "type": "Point",
        "coordinates": [
          69.70064,
          22.83663
        ]
      },
      "properties": {
        "name": "Mundra Ward 8",
        "population": 959,
        "density_per_sq_km": 1891.4,
        "city": "Mundra",
        "district": "Kutch",
        "income_index": 0.75,
        "value": 0.655
      }
    },
    {
      "type": "Feature",
      "geometry": {
        "type": "Point",
        "coordinates": [
          72.93,
          20.61
        ]
      },
      "properties": {
        "name": "Valsad Central Core",
        "population": 31200,
        "density_per_sq_km": 3105.0,
        "city": "Valsad",
        "district": "Valsad",
        "income_index": 0.65,
        "value": 0.89
      }
    },
    {
      "type": "Feature",
      "geometry": {
        "type": "Point",
        "coordinates": [
          72.95378,
          20.65045
        ]
      },
      "properties": {
        "name": "Valsad Ward 1",
        "population": 696,
        "density_per_sq_km": 1210.2,
        "city": "Valsad",
        "district": "Valsad",
        "income_index": 0.62,
        "value": 0.354
      }
    },
    {
      "type": "Feature",
      "geometry": {
        "type": "Point",
        "coordinates": [
          72.89743,
          20.59788
        ]
      },
      "properties": {
        "name": "Valsad Ward 2",
        "population": 800,
        "density_per_sq_km": 1845.5,
        "city": "Valsad",
        "district": "Valsad",
        "income_index": 0.69,
        "value": 0.482
      }
    },
    {
      "type": "Feature",
      "geometry": {
        "type": "Point",
        "coordinates": [
          72.92963,
          20.63982
        ]
      },
      "properties": {
        "name": "Valsad Ward 3",
        "population": 1466,
        "density_per_sq_km": 2012.6,
        "city": "Valsad",
        "district": "Valsad",
        "income_index": 0.7,
        "value": 0.469
      }
    },
    {
      "type": "Feature",
      "geometry": {
        "type": "Point",
        "coordinates": [
          72.90299,
          20.58841
        ]
      },
      "properties": {
        "name": "Valsad Ward 4",
        "population": 1258,
        "density_per_sq_km": 1707.2,
        "city": "Valsad",
        "district": "Valsad",
        "income_index": 0.69,
        "value": 0.574
      }
    },
    {
      "type": "Feature",
      "geometry": {
        "type": "Point",
        "coordinates": [
          72.96634,
          20.63716
        ]
      },
      "properties": {
        "name": "Valsad Ward 5",
        "population": 978,
        "density_per_sq_km": 1017.9,
        "city": "Valsad",
        "district": "Valsad",
        "income_index": 0.64,
        "value": 0.324
      }
    },
    {
      "type": "Feature",
      "geometry": {
        "type": "Point",
        "coordinates": [
          72.89493,
          20.61595
        ]
      },
      "properties": {
        "name": "Valsad Ward 6",
        "population": 999,
        "density_per_sq_km": 1631.9,
        "city": "Valsad",
        "district": "Valsad",
        "income_index": 0.69,
        "value": 0.517
      }
    },
    {
      "type": "Feature",
      "geometry": {
        "type": "Point",
        "coordinates": [
          72.86491,
          20.58089
        ]
      },
      "properties": {
        "name": "Valsad Ward 7",
        "population": 500,
        "density_per_sq_km": 499.1,
        "city": "Valsad",
        "district": "Valsad",
        "income_index": 0.52,
        "value": 0.154
      }
    },
    {
      "type": "Feature",
      "geometry": {
        "type": "Point",
        "coordinates": [
          72.9232,
          20.57602
        ]
      },
      "properties": {
        "name": "Valsad Ward 8",
        "population": 1133,
        "density_per_sq_km": 1393.7,
        "city": "Valsad",
        "district": "Valsad",
        "income_index": 0.68,
        "value": 0.426
      }
    },
    {
      "type": "Feature",
      "geometry": {
        "type": "Point",
        "coordinates": [
          72.9106,
          20.3893
        ]
      },
      "properties": {
        "name": "Vapi Central Core",
        "population": 37200,
        "density_per_sq_km": 4485.0,
        "city": "Vapi",
        "district": "Valsad",
        "income_index": 0.85,
        "value": 0.94
      }
    },
    {
      "type": "Feature",
      "geometry": {
        "type": "Point",
        "coordinates": [
          72.91084,
          20.35162
        ]
      },
      "properties": {
        "name": "Vapi Ward 1",
        "population": 1306,
        "density_per_sq_km": 2052.5,
        "city": "Vapi",
        "district": "Valsad",
        "income_index": 0.68,
        "value": 0.456
      }
    },
    {
      "type": "Feature",
      "geometry": {
        "type": "Point",
        "coordinates": [
          72.94101,
          20.3081
        ]
      },
      "properties": {
        "name": "Vapi Ward 2",
        "population": 500,
        "density_per_sq_km": 546.0,
        "city": "Vapi",
        "district": "Valsad",
        "income_index": 0.5,
        "value": 0.15
      }
    },
    {
      "type": "Feature",
      "geometry": {
        "type": "Point",
        "coordinates": [
          72.95846,
          20.43552
        ]
      },
      "properties": {
        "name": "Vapi Ward 3",
        "population": 601,
        "density_per_sq_km": 1288.9,
        "city": "Vapi",
        "district": "Valsad",
        "income_index": 0.56,
        "value": 0.233
      }
    },
    {
      "type": "Feature",
      "geometry": {
        "type": "Point",
        "coordinates": [
          72.93986,
          20.43388
        ]
      },
      "properties": {
        "name": "Vapi Ward 4",
        "population": 1088,
        "density_per_sq_km": 1516.2,
        "city": "Vapi",
        "district": "Valsad",
        "income_index": 0.62,
        "value": 0.332
      }
    },
    {
      "type": "Feature",
      "geometry": {
        "type": "Point",
        "coordinates": [
          72.92956,
          20.43042
        ]
      },
      "properties": {
        "name": "Vapi Ward 5",
        "population": 1334,
        "density_per_sq_km": 2236.1,
        "city": "Vapi",
        "district": "Valsad",
        "income_index": 0.65,
        "value": 0.461
      }
    },
    {
      "type": "Feature",
      "geometry": {
        "type": "Point",
        "coordinates": [
          72.88717,
          20.434
        ]
      },
      "properties": {
        "name": "Vapi Ward 6",
        "population": 1133,
        "density_per_sq_km": 1750.2,
        "city": "Vapi",
        "district": "Valsad",
        "income_index": 0.63,
        "value": 0.32
      }
    },
    {
      "type": "Feature",
      "geometry": {
        "type": "Point",
        "coordinates": [
          72.93645,
          20.39701
        ]
      },
      "properties": {
        "name": "Vapi Ward 7",
        "population": 1816,
        "density_per_sq_km": 2269.0,
        "city": "Vapi",
        "district": "Valsad",
        "income_index": 0.74,
        "value": 0.619
      }
    },
    {
      "type": "Feature",
      "geometry": {
        "type": "Point",
        "coordinates": [
          72.9579,
          20.34823
        ]
      },
      "properties": {
        "name": "Vapi Ward 8",
        "population": 735,
        "density_per_sq_km": 1341.4,
        "city": "Vapi",
        "district": "Valsad",
        "income_index": 0.58,
        "value": 0.214
      }
    },
    {
      "type": "Feature",
      "geometry": {
        "type": "Point",
        "coordinates": [
          72.952,
          20.9467
        ]
      },
      "properties": {
        "name": "Navsari Central Core",
        "population": 39600,
        "density_per_sq_km": 3795.0,
        "city": "Navsari",
        "district": "Navsari",
        "income_index": 0.65,
        "value": 0.89
      }
    },
    {
      "type": "Feature",
      "geometry": {
        "type": "Point",
        "coordinates": [
          72.95187,
          20.996
        ]
      },
      "properties": {
        "name": "Navsari Ward 1",
        "population": 918,
        "density_per_sq_km": 1433.0,
        "city": "Navsari",
        "district": "Navsari",
        "income_index": 0.61,
        "value": 0.385
      }
    },
    {
      "type": "Feature",
      "geometry": {
        "type": "Point",
        "coordinates": [
          72.98604,
          21.01032
        ]
      },
      "properties": {
        "name": "Navsari Ward 2",
        "population": 500,
        "density_per_sq_km": 397.4,
        "city": "Navsari",
        "district": "Navsari",
        "income_index": 0.5,
        "value": 0.15
      }
    },
    {
      "type": "Feature",
      "geometry": {
        "type": "Point",
        "coordinates": [
          73.00537,
          20.91305
        ]
      },
      "properties": {
        "name": "Navsari Ward 3",
        "population": 692,
        "density_per_sq_km": 900.0,
        "city": "Navsari",
        "district": "Navsari",
        "income_index": 0.55,
        "value": 0.169
      }
    },
    {
      "type": "Feature",
      "geometry": {
        "type": "Point",
        "coordinates": [
          72.94391,
          20.98182
        ]
      },
      "properties": {
        "name": "Navsari Ward 4",
        "population": 1588,
        "density_per_sq_km": 1511.0,
        "city": "Navsari",
        "district": "Navsari",
        "income_index": 0.67,
        "value": 0.413
      }
    },
    {
      "type": "Feature",
      "geometry": {
        "type": "Point",
        "coordinates": [
          72.97371,
          20.96085
        ]
      },
      "properties": {
        "name": "Navsari Ward 5",
        "population": 1442,
        "density_per_sq_km": 2485.8,
        "city": "Navsari",
        "district": "Navsari",
        "income_index": 0.73,
        "value": 0.566
      }
    },
    {
      "type": "Feature",
      "geometry": {
        "type": "Point",
        "coordinates": [
          72.92805,
          21.00415
        ]
      },
      "properties": {
        "name": "Navsari Ward 6",
        "population": 663,
        "density_per_sq_km": 712.0,
        "city": "Navsari",
        "district": "Navsari",
        "income_index": 0.55,
        "value": 0.225
      }
    },
    {
      "type": "Feature",
      "geometry": {
        "type": "Point",
        "coordinates": [
          72.94444,
          20.92536
        ]
      },
      "properties": {
        "name": "Navsari Ward 7",
        "population": 1481,
        "density_per_sq_km": 2417.0,
        "city": "Navsari",
        "district": "Navsari",
        "income_index": 0.74,
        "value": 0.615
      }
    },
    {
      "type": "Feature",
      "geometry": {
        "type": "Point",
        "coordinates": [
          73.01419,
          20.97928
        ]
      },
      "properties": {
        "name": "Navsari Ward 8",
        "population": 500,
        "density_per_sq_km": 627.0,
        "city": "Navsari",
        "district": "Navsari",
        "income_index": 0.52,
        "value": 0.187
      }
    },
    {
      "type": "Feature",
      "geometry": {
        "type": "Point",
        "coordinates": [
          73.402,
          21.112
        ]
      },
      "properties": {
        "name": "Vyara Central Core",
        "population": 15600,
        "density_per_sq_km": 1725.0,
        "city": "Vyara",
        "district": "Tapi",
        "income_index": 0.45,
        "value": 0.92
      }
    },
    {
      "type": "Feature",
      "geometry": {
        "type": "Point",
        "coordinates": [
          73.37271,
          21.12995
        ]
      },
      "properties": {
        "name": "Vyara Ward 1",
        "population": 519,
        "density_per_sq_km": 586.1,
        "city": "Vyara",
        "district": "Tapi",
        "income_index": 0.64,
        "value": 0.337
      }
    },
    {
      "type": "Feature",
      "geometry": {
        "type": "Point",
        "coordinates": [
          73.37441,
          21.0911
        ]
      },
      "properties": {
        "name": "Vyara Ward 2",
        "population": 500,
        "density_per_sq_km": 787.3,
        "city": "Vyara",
        "district": "Tapi",
        "income_index": 0.64,
        "value": 0.39
      }
    },
    {
      "type": "Feature",
      "geometry": {
        "type": "Point",
        "coordinates": [
          73.37695,
          21.09242
        ]
      },
      "properties": {
        "name": "Vyara Ward 3",
        "population": 504,
        "density_per_sq_km": 709.5,
        "city": "Vyara",
        "district": "Tapi",
        "income_index": 0.66,
        "value": 0.512
      }
    },
    {
      "type": "Feature",
      "geometry": {
        "type": "Point",
        "coordinates": [
          73.4069,
          21.0695
        ]
      },
      "properties": {
        "name": "Vyara Ward 4",
        "population": 500,
        "density_per_sq_km": 444.1,
        "city": "Vyara",
        "district": "Tapi",
        "income_index": 0.58,
        "value": 0.206
      }
    },
    {
      "type": "Feature",
      "geometry": {
        "type": "Point",
        "coordinates": [
          73.41329,
          21.13864
        ]
      },
      "properties": {
        "name": "Vyara Ward 5",
        "population": 500,
        "density_per_sq_km": 721.7,
        "city": "Vyara",
        "district": "Tapi",
        "income_index": 0.67,
        "value": 0.481
      }
    },
    {
      "type": "Feature",
      "geometry": {
        "type": "Point",
        "coordinates": [
          73.44028,
          21.09718
        ]
      },
      "properties": {
        "name": "Vyara Ward 6",
        "population": 500,
        "density_per_sq_km": 664.1,
        "city": "Vyara",
        "district": "Tapi",
        "income_index": 0.6,
        "value": 0.405
      }
    },
    {
      "type": "Feature",
      "geometry": {
        "type": "Point",
        "coordinates": [
          73.42287,
          21.13011
        ]
      },
      "properties": {
        "name": "Vyara Ward 7",
        "population": 544,
        "density_per_sq_km": 804.8,
        "city": "Vyara",
        "district": "Tapi",
        "income_index": 0.68,
        "value": 0.486
      }
    },
    {
      "type": "Feature",
      "geometry": {
        "type": "Point",
        "coordinates": [
          73.42651,
          21.10948
        ]
      },
      "properties": {
        "name": "Vyara Ward 8",
        "population": 500,
        "density_per_sq_km": 872.9,
        "city": "Vyara",
        "district": "Tapi",
        "income_index": 0.7,
        "value": 0.521
      }
    },
    {
      "type": "Feature",
      "geometry": {
        "type": "Point",
        "coordinates": [
          73.5024,
          21.8719
        ]
      },
      "properties": {
        "name": "Rajpipla Central Core",
        "population": 16800,
        "density_per_sq_km": 1840.0,
        "city": "Rajpipla",
        "district": "Narmada",
        "income_index": 0.65,
        "value": 0.92
      }
    },
    {
      "type": "Feature",
      "geometry": {
        "type": "Point",
        "coordinates": [
          73.55911,
          21.87247
        ]
      },
      "properties": {
        "name": "Rajpipla Ward 1",
        "population": 500,
        "density_per_sq_km": 401.7,
        "city": "Rajpipla",
        "district": "Narmada",
        "income_index": 0.56,
        "value": 0.242
      }
    },
    {
      "type": "Feature",
      "geometry": {
        "type": "Point",
        "coordinates": [
          73.54846,
          21.85413
        ]
      },
      "properties": {
        "name": "Rajpipla Ward 2",
        "population": 500,
        "density_per_sq_km": 575.6,
        "city": "Rajpipla",
        "district": "Narmada",
        "income_index": 0.59,
        "value": 0.304
      }
    },
    {
      "type": "Feature",
      "geometry": {
        "type": "Point",
        "coordinates": [
          73.51538,
          21.86726
        ]
      },
      "properties": {
        "name": "Rajpipla Ward 3",
        "population": 1009,
        "density_per_sq_km": 1316.3,
        "city": "Rajpipla",
        "district": "Narmada",
        "income_index": 0.78,
        "value": 0.772
      }
    },
    {
      "type": "Feature",
      "geometry": {
        "type": "Point",
        "coordinates": [
          73.5334,
          21.8783
        ]
      },
      "properties": {
        "name": "Rajpipla Ward 4",
        "population": 500,
        "density_per_sq_km": 943.9,
        "city": "Rajpipla",
        "district": "Narmada",
        "income_index": 0.69,
        "value": 0.564
      }
    },
    {
      "type": "Feature",
      "geometry": {
        "type": "Point",
        "coordinates": [
          73.47261,
          21.85292
        ]
      },
      "properties": {
        "name": "Rajpipla Ward 5",
        "population": 534,
        "density_per_sq_km": 974.3,
        "city": "Rajpipla",
        "district": "Narmada",
        "income_index": 0.66,
        "value": 0.443
      }
    },
    {
      "type": "Feature",
      "geometry": {
        "type": "Point",
        "coordinates": [
          73.47017,
          21.90475
        ]
      },
      "properties": {
        "name": "Rajpipla Ward 6",
        "population": 500,
        "density_per_sq_km": 580.8,
        "city": "Rajpipla",
        "district": "Narmada",
        "income_index": 0.6,
        "value": 0.31
      }
    },
    {
      "type": "Feature",
      "geometry": {
        "type": "Point",
        "coordinates": [
          73.49147,
          21.85045
        ]
      },
      "properties": {
        "name": "Rajpipla Ward 7",
        "population": 677,
        "density_per_sq_km": 890.1,
        "city": "Rajpipla",
        "district": "Narmada",
        "income_index": 0.72,
        "value": 0.571
      }
    },
    {
      "type": "Feature",
      "geometry": {
        "type": "Point",
        "coordinates": [
          73.47341,
          21.87434
        ]
      },
      "properties": {
        "name": "Rajpipla Ward 8",
        "population": 783,
        "density_per_sq_km": 1072.5,
        "city": "Rajpipla",
        "district": "Narmada",
        "income_index": 0.7,
        "value": 0.47
      }
    },
    {
      "type": "Feature",
      "geometry": {
        "type": "Point",
        "coordinates": [
          73.684,
          20.758
        ]
      },
      "properties": {
        "name": "Ahwa Central Core",
        "population": 10200,
        "density_per_sq_km": 1092.5,
        "city": "Ahwa",
        "district": "Dang",
        "income_index": 0.45,
        "value": 0.97
      }
    },
    {
      "type": "Feature",
      "geometry": {
        "type": "Point",
        "coordinates": [
          73.70807,
          20.72939
        ]
      },
      "properties": {
        "name": "Ahwa Ward 1",
        "population": 500,
        "density_per_sq_km": 364.7,
        "city": "Ahwa",
        "district": "Dang",
        "income_index": 0.58,
        "value": 0.318
      }
    },
    {
      "type": "Feature",
      "geometry": {
        "type": "Point",
        "coordinates": [
          73.71115,
          20.76641
        ]
      },
      "properties": {
        "name": "Ahwa Ward 2",
        "population": 500,
        "density_per_sq_km": 392.7,
        "city": "Ahwa",
        "district": "Dang",
        "income_index": 0.65,
        "value": 0.371
      }
    },
    {
      "type": "Feature",
      "geometry": {
        "type": "Point",
        "coordinates": [
          73.7079,
          20.74515
        ]
      },
      "properties": {
        "name": "Ahwa Ward 3",
        "population": 500,
        "density_per_sq_km": 518.1,
        "city": "Ahwa",
        "district": "Dang",
        "income_index": 0.66,
        "value": 0.447
      }
    },
    {
      "type": "Feature",
      "geometry": {
        "type": "Point",
        "coordinates": [
          73.71213,
          20.74398
        ]
      },
      "properties": {
        "name": "Ahwa Ward 4",
        "population": 500,
        "density_per_sq_km": 509.8,
        "city": "Ahwa",
        "district": "Dang",
        "income_index": 0.63,
        "value": 0.42
      }
    },
    {
      "type": "Feature",
      "geometry": {
        "type": "Point",
        "coordinates": [
          73.70672,
          20.75121
        ]
      },
      "properties": {
        "name": "Ahwa Ward 5",
        "population": 500,
        "density_per_sq_km": 565.3,
        "city": "Ahwa",
        "district": "Dang",
        "income_index": 0.68,
        "value": 0.533
      }
    },
    {
      "type": "Feature",
      "geometry": {
        "type": "Point",
        "coordinates": [
          73.72198,
          20.74651
        ]
      },
      "properties": {
        "name": "Ahwa Ward 6",
        "population": 500,
        "density_per_sq_km": 350.0,
        "city": "Ahwa",
        "district": "Dang",
        "income_index": 0.57,
        "value": 0.34
      }
    },
    {
      "type": "Feature",
      "geometry": {
        "type": "Point",
        "coordinates": [
          73.66441,
          20.72645
        ]
      },
      "properties": {
        "name": "Ahwa Ward 7",
        "population": 500,
        "density_per_sq_km": 350.0,
        "city": "Ahwa",
        "district": "Dang",
        "income_index": 0.58,
        "value": 0.201
      }
    },
    {
      "type": "Feature",
      "geometry": {
        "type": "Point",
        "coordinates": [
          73.69199,
          20.71162
        ]
      },
      "properties": {
        "name": "Ahwa Ward 8",
        "population": 500,
        "density_per_sq_km": 350.0,
        "city": "Ahwa",
        "district": "Dang",
        "income_index": 0.5,
        "value": 0.15
      }
    },
    {
      "type": "Feature",
      "geometry": {
        "type": "Point",
        "coordinates": [
          72.8777,
          19.076
        ]
      },
      "properties": {
        "name": "Mumbai Central Core",
        "population": 2520000,
        "density_per_sq_km": 29900.0,
        "city": "Mumbai",
        "district": "Mumbai",
        "income_index": 0.85,
        "value": 0.94
      }
    },
    {
      "type": "Feature",
      "geometry": {
        "type": "Point",
        "coordinates": [
          72.83821,
          19.01154
        ]
      },
      "properties": {
        "name": "Mumbai Ward 1",
        "population": 114340,
        "density_per_sq_km": 19736.9,
        "city": "Mumbai",
        "district": "Mumbai",
        "income_index": 0.74,
        "value": 0.67
      }
    },
    {
      "type": "Feature",
      "geometry": {
        "type": "Point",
        "coordinates": [
          73.00781,
          19.16799
        ]
      },
      "properties": {
        "name": "Mumbai Ward 2",
        "population": 46484,
        "density_per_sq_km": 13239.7,
        "city": "Mumbai",
        "district": "Mumbai",
        "income_index": 0.62,
        "value": 0.305
      }
    },
    {
      "type": "Feature",
      "geometry": {
        "type": "Point",
        "coordinates": [
          72.89007,
          19.17376
        ]
      },
      "properties": {
        "name": "Mumbai Ward 3",
        "population": 74836,
        "density_per_sq_km": 17788.0,
        "city": "Mumbai",
        "district": "Mumbai",
        "income_index": 0.7,
        "value": 0.526
      }
    },
    {
      "type": "Feature",
      "geometry": {
        "type": "Point",
        "coordinates": [
          72.65609,
          19.10913
        ]
      },
      "properties": {
        "name": "Mumbai Ward 4",
        "population": 38417,
        "density_per_sq_km": 6129.9,
        "city": "Mumbai",
        "district": "Mumbai",
        "income_index": 0.54,
        "value": 0.15
      }
    },
    {
      "type": "Feature",
      "geometry": {
        "type": "Point",
        "coordinates": [
          72.94339,
          19.12863
        ]
      },
      "properties": {
        "name": "Mumbai Ward 5",
        "population": 92460,
        "density_per_sq_km": 19349.1,
        "city": "Mumbai",
        "district": "Mumbai",
        "income_index": 0.73,
        "value": 0.598
      }
    },
    {
      "type": "Feature",
      "geometry": {
        "type": "Point",
        "coordinates": [
          72.95078,
          19.04675
        ]
      },
      "properties": {
        "name": "Mumbai Ward 6",
        "population": 131214,
        "density_per_sq_km": 17599.6,
        "city": "Mumbai",
        "district": "Mumbai",
        "income_index": 0.74,
        "value": 0.591
      }
    },
    {
      "type": "Feature",
      "geometry": {
        "type": "Point",
        "coordinates": [
          72.7088,
          19.0982
        ]
      },
      "properties": {
        "name": "Mumbai Ward 7",
        "population": 64204,
        "density_per_sq_km": 11308.0,
        "city": "Mumbai",
        "district": "Mumbai",
        "income_index": 0.61,
        "value": 0.361
      }
    },
    {
      "type": "Feature",
      "geometry": {
        "type": "Point",
        "coordinates": [
          72.96485,
          19.10726
        ]
      },
      "properties": {
        "name": "Mumbai Ward 8",
        "population": 102371,
        "density_per_sq_km": 15596.2,
        "city": "Mumbai",
        "district": "Mumbai",
        "income_index": 0.72,
        "value": 0.649
      }
    },
    {
      "type": "Feature",
      "geometry": {
        "type": "Point",
        "coordinates": [
          72.97354,
          19.04806
        ]
      },
      "properties": {
        "name": "Mumbai Ward 9",
        "population": 79477,
        "density_per_sq_km": 18265.2,
        "city": "Mumbai",
        "district": "Mumbai",
        "income_index": 0.71,
        "value": 0.523
      }
    },
    {
      "type": "Feature",
      "geometry": {
        "type": "Point",
        "coordinates": [
          73.06454,
          18.94972
        ]
      },
      "properties": {
        "name": "Mumbai Ward 10",
        "population": 33808,
        "density_per_sq_km": 4652.5,
        "city": "Mumbai",
        "district": "Mumbai",
        "income_index": 0.53,
        "value": 0.15
      }
    },
    {
      "type": "Feature",
      "geometry": {
        "type": "Point",
        "coordinates": [
          72.77574,
          19.02813
        ]
      },
      "properties": {
        "name": "Mumbai Ward 11",
        "population": 112753,
        "density_per_sq_km": 17642.0,
        "city": "Mumbai",
        "district": "Mumbai",
        "income_index": 0.69,
        "value": 0.584
      }
    },
    {
      "type": "Feature",
      "geometry": {
        "type": "Point",
        "coordinates": [
          72.78303,
          19.10797
        ]
      },
      "properties": {
        "name": "Mumbai Ward 12",
        "population": 83755,
        "density_per_sq_km": 18304.1,
        "city": "Mumbai",
        "district": "Mumbai",
        "income_index": 0.71,
        "value": 0.527
      }
    },
    {
      "type": "Feature",
      "geometry": {
        "type": "Point",
        "coordinates": [
          72.91132,
          18.99211
        ]
      },
      "properties": {
        "name": "Mumbai Ward 13",
        "population": 97032,
        "density_per_sq_km": 15299.8,
        "city": "Mumbai",
        "district": "Mumbai",
        "income_index": 0.72,
        "value": 0.574
      }
    },
    {
      "type": "Feature",
      "geometry": {
        "type": "Point",
        "coordinates": [
          72.81009,
          19.21878
        ]
      },
      "properties": {
        "name": "Mumbai Ward 14",
        "population": 49086,
        "density_per_sq_km": 11458.8,
        "city": "Mumbai",
        "district": "Mumbai",
        "income_index": 0.62,
        "value": 0.372
      }
    },
    {
      "type": "Feature",
      "geometry": {
        "type": "Point",
        "coordinates": [
          73.03792,
          19.08318
        ]
      },
      "properties": {
        "name": "Mumbai Ward 15",
        "population": 65694,
        "density_per_sq_km": 12046.8,
        "city": "Mumbai",
        "district": "Mumbai",
        "income_index": 0.63,
        "value": 0.302
      }
    },
    {
      "type": "Feature",
      "geometry": {
        "type": "Point",
        "coordinates": [
          72.96568,
          18.93876
        ]
      },
      "properties": {
        "name": "Mumbai Ward 16",
        "population": 46090,
        "density_per_sq_km": 11707.3,
        "city": "Mumbai",
        "district": "Mumbai",
        "income_index": 0.61,
        "value": 0.266
      }
    },
    {
      "type": "Feature",
      "geometry": {
        "type": "Point",
        "coordinates": [
          72.80683,
          18.87141
        ]
      },
      "properties": {
        "name": "Mumbai Ward 17",
        "population": 28320,
        "density_per_sq_km": 6211.2,
        "city": "Mumbai",
        "district": "Mumbai",
        "income_index": 0.53,
        "value": 0.234
      }
    },
    {
      "type": "Feature",
      "geometry": {
        "type": "Point",
        "coordinates": [
          72.88965,
          18.99683
        ]
      },
      "properties": {
        "name": "Mumbai Ward 18",
        "population": 130943,
        "density_per_sq_km": 16997.5,
        "city": "Mumbai",
        "district": "Mumbai",
        "income_index": 0.73,
        "value": 0.622
      }
    },
    {
      "type": "Feature",
      "geometry": {
        "type": "Point",
        "coordinates": [
          72.84534,
          19.12284
        ]
      },
      "properties": {
        "name": "Mumbai Ward 19",
        "population": 121514,
        "density_per_sq_km": 20908.8,
        "city": "Mumbai",
        "district": "Mumbai",
        "income_index": 0.77,
        "value": 0.71
      }
    },
    {
      "type": "Feature",
      "geometry": {
        "type": "Point",
        "coordinates": [
          72.79183,
          19.26907
        ]
      },
      "properties": {
        "name": "Mumbai Ward 20",
        "population": 26946,
        "density_per_sq_km": 6747.7,
        "city": "Mumbai",
        "district": "Mumbai",
        "income_index": 0.54,
        "value": 0.15
      }
    },
    {
      "type": "Feature",
      "geometry": {
        "type": "Point",
        "coordinates": [
          77.209,
          28.6139
        ]
      },
      "properties": {
        "name": "Delhi-NCR Central Core",
        "population": 3600000,
        "density_per_sq_km": 26450.0,
        "city": "Delhi-NCR",
        "district": "New Delhi",
        "income_index": 0.85,
        "value": 0.96
      }
    },
    {
      "type": "Feature",
      "geometry": {
        "type": "Point",
        "coordinates": [
          77.20641,
          28.74171
        ]
      },
      "properties": {
        "name": "Delhi-NCR Ward 1",
        "population": 124533,
        "density_per_sq_km": 16063.8,
        "city": "Delhi-NCR",
        "district": "New Delhi",
        "income_index": 0.69,
        "value": 0.579
      }
    },
    {
      "type": "Feature",
      "geometry": {
        "type": "Point",
        "coordinates": [
          77.0913,
          28.82
        ]
      },
      "properties": {
        "name": "Delhi-NCR Ward 2",
        "population": 40621,
        "density_per_sq_km": 6350.9,
        "city": "Delhi-NCR",
        "district": "New Delhi",
        "income_index": 0.56,
        "value": 0.166
      }
    },
    {
      "type": "Feature",
      "geometry": {
        "type": "Point",
        "coordinates": [
          77.19572,
          28.72259
        ]
      },
      "properties": {
        "name": "Delhi-NCR Ward 3",
        "population": 175539,
        "density_per_sq_km": 15286.4,
        "city": "Delhi-NCR",
        "district": "New Delhi",
        "income_index": 0.71,
        "value": 0.554
      }
    },
    {
      "type": "Feature",
      "geometry": {
        "type": "Point",
        "coordinates": [
          77.11372,
          28.81969
        ]
      },
      "properties": {
        "name": "Delhi-NCR Ward 4",
        "population": 60921,
        "density_per_sq_km": 5961.4,
        "city": "Delhi-NCR",
        "district": "New Delhi",
        "income_index": 0.57,
        "value": 0.189
      }
    },
    {
      "type": "Feature",
      "geometry": {
        "type": "Point",
        "coordinates": [
          77.34276,
          28.68586
        ]
      },
      "properties": {
        "name": "Delhi-NCR Ward 5",
        "population": 101872,
        "density_per_sq_km": 11328.3,
        "city": "Delhi-NCR",
        "district": "New Delhi",
        "income_index": 0.68,
        "value": 0.517
      }
    },
    {
      "type": "Feature",
      "geometry": {
        "type": "Point",
        "coordinates": [
          77.03645,
          28.65357
        ]
      },
      "properties": {
        "name": "Delhi-NCR Ward 6",
        "population": 121254,
        "density_per_sq_km": 10075.2,
        "city": "Delhi-NCR",
        "district": "New Delhi",
        "income_index": 0.65,
        "value": 0.485
      }
    },
    {
      "type": "Feature",
      "geometry": {
        "type": "Point",
        "coordinates": [
          77.06146,
          28.78537
        ]
      },
      "properties": {
        "name": "Delhi-NCR Ward 7",
        "population": 67466,
        "density_per_sq_km": 6114.3,
        "city": "Delhi-NCR",
        "district": "New Delhi",
        "income_index": 0.58,
        "value": 0.298
      }
    },
    {
      "type": "Feature",
      "geometry": {
        "type": "Point",
        "coordinates": [
          77.29152,
          28.64537
        ]
      },
      "properties": {
        "name": "Delhi-NCR Ward 8",
        "population": 141530,
        "density_per_sq_km": 15501.3,
        "city": "Delhi-NCR",
        "district": "New Delhi",
        "income_index": 0.75,
        "value": 0.599
      }
    },
    {
      "type": "Feature",
      "geometry": {
        "type": "Point",
        "coordinates": [
          77.43079,
          28.63166
        ]
      },
      "properties": {
        "name": "Delhi-NCR Ward 9",
        "population": 100493,
        "density_per_sq_km": 8046.7,
        "city": "Delhi-NCR",
        "district": "New Delhi",
        "income_index": 0.6,
        "value": 0.359
      }
    },
    {
      "type": "Feature",
      "geometry": {
        "type": "Point",
        "coordinates": [
          77.22317,
          28.78669
        ]
      },
      "properties": {
        "name": "Delhi-NCR Ward 10",
        "population": 105049,
        "density_per_sq_km": 8548.6,
        "city": "Delhi-NCR",
        "district": "New Delhi",
        "income_index": 0.63,
        "value": 0.322
      }
    },
    {
      "type": "Feature",
      "geometry": {
        "type": "Point",
        "coordinates": [
          77.34684,
          28.56878
        ]
      },
      "properties": {
        "name": "Delhi-NCR Ward 11",
        "population": 124166,
        "density_per_sq_km": 15725.9,
        "city": "Delhi-NCR",
        "district": "New Delhi",
        "income_index": 0.69,
        "value": 0.534
      }
    },
    {
      "type": "Feature",
      "geometry": {
        "type": "Point",
        "coordinates": [
          77.28591,
          28.58669
        ]
      },
      "properties": {
        "name": "Delhi-NCR Ward 12",
        "population": 199923,
        "density_per_sq_km": 16239.6,
        "city": "Delhi-NCR",
        "district": "New Delhi",
        "income_index": 0.76,
        "value": 0.672
      }
    },
    {
      "type": "Feature",
      "geometry": {
        "type": "Point",
        "coordinates": [
          77.29525,
          28.62877
        ]
      },
      "properties": {
        "name": "Delhi-NCR Ward 13",
        "population": 127175,
        "density_per_sq_km": 19092.8,
        "city": "Delhi-NCR",
        "district": "New Delhi",
        "income_index": 0.75,
        "value": 0.659
      }
    },
    {
      "type": "Feature",
      "geometry": {
        "type": "Point",
        "coordinates": [
          77.29705,
          28.48161
        ]
      },
      "properties": {
        "name": "Delhi-NCR Ward 14",
        "population": 106157,
        "density_per_sq_km": 12001.3,
        "city": "Delhi-NCR",
        "district": "New Delhi",
        "income_index": 0.66,
        "value": 0.463
      }
    },
    {
      "type": "Feature",
      "geometry": {
        "type": "Point",
        "coordinates": [
          77.32339,
          28.6341
        ]
      },
      "properties": {
        "name": "Delhi-NCR Ward 15",
        "population": 162421,
        "density_per_sq_km": 17846.3,
        "city": "Delhi-NCR",
        "district": "New Delhi",
        "income_index": 0.72,
        "value": 0.507
      }
    },
    {
      "type": "Feature",
      "geometry": {
        "type": "Point",
        "coordinates": [
          77.27779,
          28.44019
        ]
      },
      "properties": {
        "name": "Delhi-NCR Ward 16",
        "population": 66417,
        "density_per_sq_km": 9831.2,
        "city": "Delhi-NCR",
        "district": "New Delhi",
        "income_index": 0.62,
        "value": 0.284
      }
    },
    {
      "type": "Feature",
      "geometry": {
        "type": "Point",
        "coordinates": [
          77.1601,
          28.47484
        ]
      },
      "properties": {
        "name": "Delhi-NCR Ward 17",
        "population": 117771,
        "density_per_sq_km": 10649.8,
        "city": "Delhi-NCR",
        "district": "New Delhi",
        "income_index": 0.67,
        "value": 0.43
      }
    },
    {
      "type": "Feature",
      "geometry": {
        "type": "Point",
        "coordinates": [
          77.19848,
          28.54202
        ]
      },
      "properties": {
        "name": "Delhi-NCR Ward 18",
        "population": 134509,
        "density_per_sq_km": 18303.1,
        "city": "Delhi-NCR",
        "district": "New Delhi",
        "income_index": 0.76,
        "value": 0.589
      }
    },
    {
      "type": "Feature",
      "geometry": {
        "type": "Point",
        "coordinates": [
          77.19344,
          28.40463
        ]
      },
      "properties": {
        "name": "Delhi-NCR Ward 19",
        "population": 68458,
        "density_per_sq_km": 7743.6,
        "city": "Delhi-NCR",
        "district": "New Delhi",
        "income_index": 0.58,
        "value": 0.278
      }
    },
    {
      "type": "Feature",
      "geometry": {
        "type": "Point",
        "coordinates": [
          77.2649,
          28.74319
        ]
      },
      "properties": {
        "name": "Delhi-NCR Ward 20",
        "population": 138576,
        "density_per_sq_km": 14066.1,
        "city": "Delhi-NCR",
        "district": "New Delhi",
        "income_index": 0.67,
        "value": 0.461
      }
    },
    {
      "type": "Feature",
      "geometry": {
        "type": "Point",
        "coordinates": [
          77.5946,
          12.9716
        ]
      },
      "properties": {
        "name": "Bengaluru Central Core",
        "population": 1560000,
        "density_per_sq_km": 16675.0,
        "city": "Bengaluru",
        "district": "Bengaluru Urban",
        "income_index": 0.85,
        "value": 0.95
      }
    },
    {
      "type": "Feature",
      "geometry": {
        "type": "Point",
        "coordinates": [
          77.4779,
          12.9686
        ]
      },
      "properties": {
        "name": "Bengaluru Ward 1",
        "population": 33333,
        "density_per_sq_km": 6729.7,
        "city": "Bengaluru",
        "district": "Bengaluru Urban",
        "income_index": 0.65,
        "value": 0.351
      }
    },
    {
      "type": "Feature",
      "geometry": {
        "type": "Point",
        "coordinates": [
          77.58773,
          13.1528
        ]
      },
      "properties": {
        "name": "Bengaluru Ward 2",
        "population": 13369,
        "density_per_sq_km": 3316.8,
        "city": "Bengaluru",
        "district": "Bengaluru Urban",
        "income_index": 0.53,
        "value": 0.15
      }
    },
    {
      "type": "Feature",
      "geometry": {
        "type": "Point",
        "coordinates": [
          77.67396,
          12.85164
        ]
      },
      "properties": {
        "name": "Bengaluru Ward 3",
        "population": 38397,
        "density_per_sq_km": 6327.7,
        "city": "Bengaluru",
        "district": "Bengaluru Urban",
        "income_index": 0.6,
        "value": 0.335
      }
    },
    {
      "type": "Feature",
      "geometry": {
        "type": "Point",
        "coordinates": [
          77.69834,
          12.78672
        ]
      },
      "properties": {
        "name": "Bengaluru Ward 4",
        "population": 10186,
        "density_per_sq_km": 1997.3,
        "city": "Bengaluru",
        "district": "Bengaluru Urban",
        "income_index": 0.5,
        "value": 0.167
      }
    },
    {
      "type": "Feature",
      "geometry": {
        "type": "Point",
        "coordinates": [
          77.6875,
          12.88034
        ]
      },
      "properties": {
        "name": "Bengaluru Ward 5",
        "population": 42674,
        "density_per_sq_km": 6322.2,
        "city": "Bengaluru",
        "district": "Bengaluru Urban",
        "income_index": 0.62,
        "value": 0.389
      }
    },
    {
      "type": "Feature",
      "geometry": {
        "type": "Point",
        "coordinates": [
          77.64827,
          12.93471
        ]
      },
      "properties": {
        "name": "Bengaluru Ward 6",
        "population": 66529,
        "density_per_sq_km": 10499.7,
        "city": "Bengaluru",
        "district": "Bengaluru Urban",
        "income_index": 0.74,
        "value": 0.645
      }
    },
    {
      "type": "Feature",
      "geometry": {
        "type": "Point",
        "coordinates": [
          77.6099,
          12.97418
        ]
      },
      "properties": {
        "name": "Bengaluru Ward 7",
        "population": 61736,
        "density_per_sq_km": 12435.0,
        "city": "Bengaluru",
        "district": "Bengaluru Urban",
        "income_index": 0.82,
        "value": 0.821
      }
    },
    {
      "type": "Feature",
      "geometry": {
        "type": "Point",
        "coordinates": [
          77.56411,
          12.86798
        ]
      },
      "properties": {
        "name": "Bengaluru Ward 8",
        "population": 56214,
        "density_per_sq_km": 6796.7,
        "city": "Bengaluru",
        "district": "Bengaluru Urban",
        "income_index": 0.66,
        "value": 0.419
      }
    },
    {
      "type": "Feature",
      "geometry": {
        "type": "Point",
        "coordinates": [
          77.77923,
          12.94235
        ]
      },
      "properties": {
        "name": "Bengaluru Ward 9",
        "population": 19581,
        "density_per_sq_km": 2336.5,
        "city": "Bengaluru",
        "district": "Bengaluru Urban",
        "income_index": 0.53,
        "value": 0.212
      }
    },
    {
      "type": "Feature",
      "geometry": {
        "type": "Point",
        "coordinates": [
          77.66551,
          12.84731
        ]
      },
      "properties": {
        "name": "Bengaluru Ward 10",
        "population": 40899,
        "density_per_sq_km": 4309.4,
        "city": "Bengaluru",
        "district": "Bengaluru Urban",
        "income_index": 0.6,
        "value": 0.266
      }
    },
    {
      "type": "Feature",
      "geometry": {
        "type": "Point",
        "coordinates": [
          77.61395,
          12.99725
        ]
      },
      "properties": {
        "name": "Bengaluru Ward 11",
        "population": 82501,
        "density_per_sq_km": 13462.6,
        "city": "Bengaluru",
        "district": "Bengaluru Urban",
        "income_index": 0.79,
        "value": 0.658
      }
    },
    {
      "type": "Feature",
      "geometry": {
        "type": "Point",
        "coordinates": [
          77.49982,
          12.9661
        ]
      },
      "properties": {
        "name": "Bengaluru Ward 12",
        "population": 45478,
        "density_per_sq_km": 7577.3,
        "city": "Bengaluru",
        "district": "Bengaluru Urban",
        "income_index": 0.69,
        "value": 0.559
      }
    },
    {
      "type": "Feature",
      "geometry": {
        "type": "Point",
        "coordinates": [
          77.63178,
          13.06944
        ]
      },
      "properties": {
        "name": "Bengaluru Ward 13",
        "population": 42965,
        "density_per_sq_km": 8766.5,
        "city": "Bengaluru",
        "district": "Bengaluru Urban",
        "income_index": 0.66,
        "value": 0.493
      }
    },
    {
      "type": "Feature",
      "geometry": {
        "type": "Point",
        "coordinates": [
          77.70301,
          12.92277
        ]
      },
      "properties": {
        "name": "Bengaluru Ward 14",
        "population": 48311,
        "density_per_sq_km": 6504.5,
        "city": "Bengaluru",
        "district": "Bengaluru Urban",
        "income_index": 0.64,
        "value": 0.379
      }
    },
    {
      "type": "Feature",
      "geometry": {
        "type": "Point",
        "coordinates": [
          77.69523,
          13.04939
        ]
      },
      "properties": {
        "name": "Bengaluru Ward 15",
        "population": 33981,
        "density_per_sq_km": 5927.4,
        "city": "Bengaluru",
        "district": "Bengaluru Urban",
        "income_index": 0.63,
        "value": 0.307
      }
    },
    {
      "type": "Feature",
      "geometry": {
        "type": "Point",
        "coordinates": [
          77.54056,
          13.1287
        ]
      },
      "properties": {
        "name": "Bengaluru Ward 16",
        "population": 29709,
        "density_per_sq_km": 4025.7,
        "city": "Bengaluru",
        "district": "Bengaluru Urban",
        "income_index": 0.56,
        "value": 0.213
      }
    },
    {
      "type": "Feature",
      "geometry": {
        "type": "Point",
        "coordinates": [
          77.60015,
          12.77502
        ]
      },
      "properties": {
        "name": "Bengaluru Ward 17",
        "population": 14457,
        "density_per_sq_km": 1965.6,
        "city": "Bengaluru",
        "district": "Bengaluru Urban",
        "income_index": 0.5,
        "value": 0.154
      }
    },
    {
      "type": "Feature",
      "geometry": {
        "type": "Point",
        "coordinates": [
          77.68229,
          12.93222
        ]
      },
      "properties": {
        "name": "Bengaluru Ward 18",
        "population": 42363,
        "density_per_sq_km": 8025.2,
        "city": "Bengaluru",
        "district": "Bengaluru Urban",
        "income_index": 0.68,
        "value": 0.536
      }
    },
    {
      "type": "Feature",
      "geometry": {
        "type": "Point",
        "coordinates": [
          77.62156,
          12.81519
        ]
      },
      "properties": {
        "name": "Bengaluru Ward 19",
        "population": 23853,
        "density_per_sq_km": 4645.4,
        "city": "Bengaluru",
        "district": "Bengaluru Urban",
        "income_index": 0.57,
        "value": 0.3
      }
    },
    {
      "type": "Feature",
      "geometry": {
        "type": "Point",
        "coordinates": [
          77.5361,
          13.06763
        ]
      },
      "properties": {
        "name": "Bengaluru Ward 20",
        "population": 58140,
        "density_per_sq_km": 7477.7,
        "city": "Bengaluru",
        "district": "Bengaluru Urban",
        "income_index": 0.65,
        "value": 0.37
      }
    },
    {
      "type": "Feature",
      "geometry": {
        "type": "Point",
        "coordinates": [
          78.4867,
          17.385
        ]
      },
      "properties": {
        "name": "Hyderabad Central Core",
        "population": 1260000,
        "density_per_sq_km": 14375.0,
        "city": "Hyderabad",
        "district": "Hyderabad",
        "income_index": 0.85,
        "value": 0.88
      }
    },
    {
      "type": "Feature",
      "geometry": {
        "type": "Point",
        "coordinates": [
          78.61029,
          17.42061
        ]
      },
      "properties": {
        "name": "Hyderabad Ward 1",
        "population": 41327,
        "density_per_sq_km": 6448.5,
        "city": "Hyderabad",
        "district": "Hyderabad",
        "income_index": 0.63,
        "value": 0.32
      }
    },
    {
      "type": "Feature",
      "geometry": {
        "type": "Point",
        "coordinates": [
          78.41855,
          17.37453
        ]
      },
      "properties": {
        "name": "Hyderabad Ward 2",
        "population": 45121,
        "density_per_sq_km": 9458.3,
        "city": "Hyderabad",
        "district": "Hyderabad",
        "income_index": 0.73,
        "value": 0.618
      }
    },
    {
      "type": "Feature",
      "geometry": {
        "type": "Point",
        "coordinates": [
          78.43774,
          17.43092
        ]
      },
      "properties": {
        "name": "Hyderabad Ward 3",
        "population": 59912,
        "density_per_sq_km": 9659.0,
        "city": "Hyderabad",
        "district": "Hyderabad",
        "income_index": 0.73,
        "value": 0.612
      }
    },
    {
      "type": "Feature",
      "geometry": {
        "type": "Point",
        "coordinates": [
          78.50878,
          17.22315
        ]
      },
      "properties": {
        "name": "Hyderabad Ward 4",
        "population": 18305,
        "density_per_sq_km": 4070.9,
        "city": "Hyderabad",
        "district": "Hyderabad",
        "income_index": 0.56,
        "value": 0.156
      }
    },
    {
      "type": "Feature",
      "geometry": {
        "type": "Point",
        "coordinates": [
          78.40939,
          17.56204
        ]
      },
      "properties": {
        "name": "Hyderabad Ward 5",
        "population": 8522,
        "density_per_sq_km": 2225.8,
        "city": "Hyderabad",
        "district": "Hyderabad",
        "income_index": 0.51,
        "value": 0.15
      }
    },
    {
      "type": "Feature",
      "geometry": {
        "type": "Point",
        "coordinates": [
          78.60945,
          17.39046
        ]
      },
      "properties": {
        "name": "Hyderabad Ward 6",
        "population": 29282,
        "density_per_sq_km": 6986.6,
        "city": "Hyderabad",
        "district": "Hyderabad",
        "income_index": 0.64,
        "value": 0.416
      }
    },
    {
      "type": "Feature",
      "geometry": {
        "type": "Point",
        "coordinates": [
          78.39345,
          17.39939
        ]
      },
      "properties": {
        "name": "Hyderabad Ward 7",
        "population": 44929,
        "density_per_sq_km": 7074.9,
        "city": "Hyderabad",
        "district": "Hyderabad",
        "income_index": 0.69,
        "value": 0.472
      }
    },
    {
      "type": "Feature",
      "geometry": {
        "type": "Point",
        "coordinates": [
          78.47797,
          17.28181
        ]
      },
      "properties": {
        "name": "Hyderabad Ward 8",
        "population": 30606,
        "density_per_sq_km": 8054.8,
        "city": "Hyderabad",
        "district": "Hyderabad",
        "income_index": 0.67,
        "value": 0.454
      }
    },
    {
      "type": "Feature",
      "geometry": {
        "type": "Point",
        "coordinates": [
          78.33172,
          17.47851
        ]
      },
      "properties": {
        "name": "Hyderabad Ward 9",
        "population": 15183,
        "density_per_sq_km": 2692.3,
        "city": "Hyderabad",
        "district": "Hyderabad",
        "income_index": 0.54,
        "value": 0.2
      }
    },
    {
      "type": "Feature",
      "geometry": {
        "type": "Point",
        "coordinates": [
          78.54706,
          17.39551
        ]
      },
      "properties": {
        "name": "Hyderabad Ward 10",
        "population": 46955,
        "density_per_sq_km": 10858.7,
        "city": "Hyderabad",
        "district": "Hyderabad",
        "income_index": 0.75,
        "value": 0.642
      }
    },
    {
      "type": "Feature",
      "geometry": {
        "type": "Point",
        "coordinates": [
          78.51766,
          17.33314
        ]
      },
      "properties": {
        "name": "Hyderabad Ward 11",
        "population": 48769,
        "density_per_sq_km": 8745.8,
        "city": "Hyderabad",
        "district": "Hyderabad",
        "income_index": 0.74,
        "value": 0.678
      }
    },
    {
      "type": "Feature",
      "geometry": {
        "type": "Point",
        "coordinates": [
          78.48727,
          17.26065
        ]
      },
      "properties": {
        "name": "Hyderabad Ward 12",
        "population": 36396,
        "density_per_sq_km": 5055.1,
        "city": "Hyderabad",
        "district": "Hyderabad",
        "income_index": 0.63,
        "value": 0.432
      }
    },
    {
      "type": "Feature",
      "geometry": {
        "type": "Point",
        "coordinates": [
          78.45989,
          17.50478
        ]
      },
      "properties": {
        "name": "Hyderabad Ward 13",
        "population": 33349,
        "density_per_sq_km": 4945.6,
        "city": "Hyderabad",
        "district": "Hyderabad",
        "income_index": 0.63,
        "value": 0.435
      }
    },
    {
      "type": "Feature",
      "geometry": {
        "type": "Point",
        "coordinates": [
          78.60985,
          17.45031
        ]
      },
      "properties": {
        "name": "Hyderabad Ward 14",
        "population": 29425,
        "density_per_sq_km": 5878.1,
        "city": "Hyderabad",
        "district": "Hyderabad",
        "income_index": 0.61,
        "value": 0.349
      }
    },
    {
      "type": "Feature",
      "geometry": {
        "type": "Point",
        "coordinates": [
          78.45428,
          17.35999
        ]
      },
      "properties": {
        "name": "Hyderabad Ward 15",
        "population": 44395,
        "density_per_sq_km": 11719.2,
        "city": "Hyderabad",
        "district": "Hyderabad",
        "income_index": 0.78,
        "value": 0.771
      }
    },
    {
      "type": "Feature",
      "geometry": {
        "type": "Point",
        "coordinates": [
          78.35721,
          17.31525
        ]
      },
      "properties": {
        "name": "Hyderabad Ward 16",
        "population": 25830,
        "density_per_sq_km": 5258.2,
        "city": "Hyderabad",
        "district": "Hyderabad",
        "income_index": 0.6,
        "value": 0.271
      }
    },
    {
      "type": "Feature",
      "geometry": {
        "type": "Point",
        "coordinates": [
          78.46644,
          17.37967
        ]
      },
      "properties": {
        "name": "Hyderabad Ward 17",
        "population": 67173,
        "density_per_sq_km": 10809.2,
        "city": "Hyderabad",
        "district": "Hyderabad",
        "income_index": 0.81,
        "value": 0.793
      }
    },
    {
      "type": "Feature",
      "geometry": {
        "type": "Point",
        "coordinates": [
          78.37874,
          17.32559
        ]
      },
      "properties": {
        "name": "Hyderabad Ward 18",
        "population": 34354,
        "density_per_sq_km": 5870.6,
        "city": "Hyderabad",
        "district": "Hyderabad",
        "income_index": 0.64,
        "value": 0.322
      }
    },
    {
      "type": "Feature",
      "geometry": {
        "type": "Point",
        "coordinates": [
          78.4794,
          17.3643
        ]
      },
      "properties": {
        "name": "Hyderabad Ward 19",
        "population": 67488,
        "density_per_sq_km": 10270.8,
        "city": "Hyderabad",
        "district": "Hyderabad",
        "income_index": 0.81,
        "value": 0.844
      }
    },
    {
      "type": "Feature",
      "geometry": {
        "type": "Point",
        "coordinates": [
          78.50371,
          17.53516
        ]
      },
      "properties": {
        "name": "Hyderabad Ward 20",
        "population": 26620,
        "density_per_sq_km": 4622.1,
        "city": "Hyderabad",
        "district": "Hyderabad",
        "income_index": 0.58,
        "value": 0.346
      }
    },
    {
      "type": "Feature",
      "geometry": {
        "type": "Point",
        "coordinates": [
          80.2707,
          13.0827
        ]
      },
      "properties": {
        "name": "Chennai Central Core",
        "population": 1380000,
        "density_per_sq_km": 17825.0,
        "city": "Chennai",
        "district": "Chennai",
        "income_index": 0.85,
        "value": 0.86
      }
    },
    {
      "type": "Feature",
      "geometry": {
        "type": "Point",
        "coordinates": [
          80.30392,
          13.12948
        ]
      },
      "properties": {
        "name": "Chennai Ward 1",
        "population": 48880,
        "density_per_sq_km": 11543.4,
        "city": "Chennai",
        "district": "Chennai",
        "income_index": 0.74,
        "value": 0.677
      }
    },
    {
      "type": "Feature",
      "geometry": {
        "type": "Point",
        "coordinates": [
          80.36085,
          13.0731
        ]
      },
      "properties": {
        "name": "Chennai Ward 2",
        "population": 44157,
        "density_per_sq_km": 8822.7,
        "city": "Chennai",
        "district": "Chennai",
        "income_index": 0.69,
        "value": 0.513
      }
    },
    {
      "type": "Feature",
      "geometry": {
        "type": "Point",
        "coordinates": [
          80.26639,
          13.15095
        ]
      },
      "properties": {
        "name": "Chennai Ward 3",
        "population": 60828,
        "density_per_sq_km": 12072.4,
        "city": "Chennai",
        "district": "Chennai",
        "income_index": 0.72,
        "value": 0.606
      }
    },
    {
      "type": "Feature",
      "geometry": {
        "type": "Point",
        "coordinates": [
          80.16255,
          13.16788
        ]
      },
      "properties": {
        "name": "Chennai Ward 4",
        "population": 23077,
        "density_per_sq_km": 5508.4,
        "city": "Chennai",
        "district": "Chennai",
        "income_index": 0.6,
        "value": 0.326
      }
    },
    {
      "type": "Feature",
      "geometry": {
        "type": "Point",
        "coordinates": [
          80.27769,
          13.10121
        ]
      },
      "properties": {
        "name": "Chennai Ward 5",
        "population": 59420,
        "density_per_sq_km": 14085.5,
        "city": "Chennai",
        "district": "Chennai",
        "income_index": 0.81,
        "value": 0.762
      }
    },
    {
      "type": "Feature",
      "geometry": {
        "type": "Point",
        "coordinates": [
          80.16268,
          13.10579
        ]
      },
      "properties": {
        "name": "Chennai Ward 6",
        "population": 48657,
        "density_per_sq_km": 6519.0,
        "city": "Chennai",
        "district": "Chennai",
        "income_index": 0.65,
        "value": 0.431
      }
    },
    {
      "type": "Feature",
      "geometry": {
        "type": "Point",
        "coordinates": [
          80.28871,
          13.14674
        ]
      },
      "properties": {
        "name": "Chennai Ward 7",
        "population": 67513,
        "density_per_sq_km": 12405.3,
        "city": "Chennai",
        "district": "Chennai",
        "income_index": 0.73,
        "value": 0.585
      }
    },
    {
      "type": "Feature",
      "geometry": {
        "type": "Point",
        "coordinates": [
          80.28323,
          13.12321
        ]
      },
      "properties": {
        "name": "Chennai Ward 8",
        "population": 80495,
        "density_per_sq_km": 14458.5,
        "city": "Chennai",
        "district": "Chennai",
        "income_index": 0.77,
        "value": 0.694
      }
    },
    {
      "type": "Feature",
      "geometry": {
        "type": "Point",
        "coordinates": [
          80.307,
          13.2513
        ]
      },
      "properties": {
        "name": "Chennai Ward 9",
        "population": 14628,
        "density_per_sq_km": 3732.1,
        "city": "Chennai",
        "district": "Chennai",
        "income_index": 0.53,
        "value": 0.187
      }
    },
    {
      "type": "Feature",
      "geometry": {
        "type": "Point",
        "coordinates": [
          80.13935,
          13.08451
        ]
      },
      "properties": {
        "name": "Chennai Ward 10",
        "population": 30950,
        "density_per_sq_km": 5256.4,
        "city": "Chennai",
        "district": "Chennai",
        "income_index": 0.61,
        "value": 0.293
      }
    },
    {
      "type": "Feature",
      "geometry": {
        "type": "Point",
        "coordinates": [
          80.42366,
          13.09163
        ]
      },
      "properties": {
        "name": "Chennai Ward 11",
        "population": 23350,
        "density_per_sq_km": 5561.4,
        "city": "Chennai",
        "district": "Chennai",
        "income_index": 0.57,
        "value": 0.236
      }
    },
    {
      "type": "Feature",
      "geometry": {
        "type": "Point",
        "coordinates": [
          80.2139,
          13.08465
        ]
      },
      "properties": {
        "name": "Chennai Ward 12",
        "population": 76604,
        "density_per_sq_km": 12565.1,
        "city": "Chennai",
        "district": "Chennai",
        "income_index": 0.75,
        "value": 0.632
      }
    },
    {
      "type": "Feature",
      "geometry": {
        "type": "Point",
        "coordinates": [
          80.26459,
          13.11926
        ]
      },
      "properties": {
        "name": "Chennai Ward 13",
        "population": 64312,
        "density_per_sq_km": 14585.1,
        "city": "Chennai",
        "district": "Chennai",
        "income_index": 0.78,
        "value": 0.679
      }
    },
    {
      "type": "Feature",
      "geometry": {
        "type": "Point",
        "coordinates": [
          80.08597,
          13.10429
        ]
      },
      "properties": {
        "name": "Chennai Ward 14",
        "population": 12256,
        "density_per_sq_km": 2782.5,
        "city": "Chennai",
        "district": "Chennai",
        "income_index": 0.51,
        "value": 0.15
      }
    },
    {
      "type": "Feature",
      "geometry": {
        "type": "Point",
        "coordinates": [
          80.4759,
          13.05319
        ]
      },
      "properties": {
        "name": "Chennai Ward 15",
        "population": 9608,
        "density_per_sq_km": 1752.7,
        "city": "Chennai",
        "district": "Chennai",
        "income_index": 0.5,
        "value": 0.173
      }
    },
    {
      "type": "Feature",
      "geometry": {
        "type": "Point",
        "coordinates": [
          80.32315,
          12.97078
        ]
      },
      "properties": {
        "name": "Chennai Ward 16",
        "population": 37882,
        "density_per_sq_km": 5573.6,
        "city": "Chennai",
        "district": "Chennai",
        "income_index": 0.62,
        "value": 0.385
      }
    },
    {
      "type": "Feature",
      "geometry": {
        "type": "Point",
        "coordinates": [
          80.14522,
          13.12077
        ]
      },
      "properties": {
        "name": "Chennai Ward 17",
        "population": 24994,
        "density_per_sq_km": 5448.2,
        "city": "Chennai",
        "district": "Chennai",
        "income_index": 0.61,
        "value": 0.381
      }
    },
    {
      "type": "Feature",
      "geometry": {
        "type": "Point",
        "coordinates": [
          80.16952,
          12.99459
        ]
      },
      "properties": {
        "name": "Chennai Ward 18",
        "population": 28004,
        "density_per_sq_km": 5075.2,
        "city": "Chennai",
        "district": "Chennai",
        "income_index": 0.61,
        "value": 0.251
      }
    },
    {
      "type": "Feature",
      "geometry": {
        "type": "Point",
        "coordinates": [
          80.35164,
          13.05247
        ]
      },
      "properties": {
        "name": "Chennai Ward 19",
        "population": 42609,
        "density_per_sq_km": 8058.5,
        "city": "Chennai",
        "district": "Chennai",
        "income_index": 0.69,
        "value": 0.468
      }
    },
    {
      "type": "Feature",
      "geometry": {
        "type": "Point",
        "coordinates": [
          80.30519,
          12.98181
        ]
      },
      "properties": {
        "name": "Chennai Ward 20",
        "population": 38759,
        "density_per_sq_km": 6384.2,
        "city": "Chennai",
        "district": "Chennai",
        "income_index": 0.65,
        "value": 0.409
      }
    },
    {
      "type": "Feature",
      "geometry": {
        "type": "Point",
        "coordinates": [
          88.3639,
          22.5726
        ]
      },
      "properties": {
        "name": "Kolkata Central Core",
        "population": 1800000,
        "density_per_sq_km": 27600.0,
        "city": "Kolkata",
        "district": "Kolkata",
        "income_index": 0.65,
        "value": 0.86
      }
    },
    {
      "type": "Feature",
      "geometry": {
        "type": "Point",
        "coordinates": [
          88.30945,
          22.50158
        ]
      },
      "properties": {
        "name": "Kolkata Ward 1",
        "population": 61663,
        "density_per_sq_km": 13827.9,
        "city": "Kolkata",
        "district": "Kolkata",
        "income_index": 0.7,
        "value": 0.516
      }
    },
    {
      "type": "Feature",
      "geometry": {
        "type": "Point",
        "coordinates": [
          88.46175,
          22.72604
        ]
      },
      "properties": {
        "name": "Kolkata Ward 2",
        "population": 31006,
        "density_per_sq_km": 6855.3,
        "city": "Kolkata",
        "district": "Kolkata",
        "income_index": 0.55,
        "value": 0.215
      }
    },
    {
      "type": "Feature",
      "geometry": {
        "type": "Point",
        "coordinates": [
          88.45266,
          22.61794
        ]
      },
      "properties": {
        "name": "Kolkata Ward 3",
        "population": 50007,
        "density_per_sq_km": 13256.9,
        "city": "Kolkata",
        "district": "Kolkata",
        "income_index": 0.69,
        "value": 0.509
      }
    },
    {
      "type": "Feature",
      "geometry": {
        "type": "Point",
        "coordinates": [
          88.4058,
          22.66474
        ]
      },
      "properties": {
        "name": "Kolkata Ward 4",
        "population": 57489,
        "density_per_sq_km": 13674.2,
        "city": "Kolkata",
        "district": "Kolkata",
        "income_index": 0.68,
        "value": 0.42
      }
    },
    {
      "type": "Feature",
      "geometry": {
        "type": "Point",
        "coordinates": [
          88.44706,
          22.57178
        ]
      },
      "properties": {
        "name": "Kolkata Ward 5",
        "population": 75620,
        "density_per_sq_km": 16737.3,
        "city": "Kolkata",
        "district": "Kolkata",
        "income_index": 0.72,
        "value": 0.523
      }
    },
    {
      "type": "Feature",
      "geometry": {
        "type": "Point",
        "coordinates": [
          88.42091,
          22.63876
        ]
      },
      "properties": {
        "name": "Kolkata Ward 6",
        "population": 84307,
        "density_per_sq_km": 14307.6,
        "city": "Kolkata",
        "district": "Kolkata",
        "income_index": 0.71,
        "value": 0.562
      }
    },
    {
      "type": "Feature",
      "geometry": {
        "type": "Point",
        "coordinates": [
          88.27441,
          22.60181
        ]
      },
      "properties": {
        "name": "Kolkata Ward 7",
        "population": 59505,
        "density_per_sq_km": 16914.9,
        "city": "Kolkata",
        "district": "Kolkata",
        "income_index": 0.7,
        "value": 0.589
      }
    },
    {
      "type": "Feature",
      "geometry": {
        "type": "Point",
        "coordinates": [
          88.35361,
          22.63074
        ]
      },
      "properties": {
        "name": "Kolkata Ward 8",
        "population": 70540,
        "density_per_sq_km": 21178.4,
        "city": "Kolkata",
        "district": "Kolkata",
        "income_index": 0.75,
        "value": 0.588
      }
    },
    {
      "type": "Feature",
      "geometry": {
        "type": "Point",
        "coordinates": [
          88.56373,
          22.49387
        ]
      },
      "properties": {
        "name": "Kolkata Ward 9",
        "population": 19107,
        "density_per_sq_km": 3157.4,
        "city": "Kolkata",
        "district": "Kolkata",
        "income_index": 0.51,
        "value": 0.153
      }
    },
    {
      "type": "Feature",
      "geometry": {
        "type": "Point",
        "coordinates": [
          88.37111,
          22.45488
        ]
      },
      "properties": {
        "name": "Kolkata Ward 10",
        "population": 44471,
        "density_per_sq_km": 11328.2,
        "city": "Kolkata",
        "district": "Kolkata",
        "income_index": 0.65,
        "value": 0.473
      }
    },
    {
      "type": "Feature",
      "geometry": {
        "type": "Point",
        "coordinates": [
          88.40067,
          22.52998
        ]
      },
      "properties": {
        "name": "Kolkata Ward 11",
        "population": 83511,
        "density_per_sq_km": 19095.7,
        "city": "Kolkata",
        "district": "Kolkata",
        "income_index": 0.76,
        "value": 0.66
      }
    },
    {
      "type": "Feature",
      "geometry": {
        "type": "Point",
        "coordinates": [
          88.25122,
          22.525
        ]
      },
      "properties": {
        "name": "Kolkata Ward 12",
        "population": 67610,
        "density_per_sq_km": 12087.6,
        "city": "Kolkata",
        "district": "Kolkata",
        "income_index": 0.65,
        "value": 0.468
      }
    },
    {
      "type": "Feature",
      "geometry": {
        "type": "Point",
        "coordinates": [
          88.39773,
          22.49588
        ]
      },
      "properties": {
        "name": "Kolkata Ward 13",
        "population": 75343,
        "density_per_sq_km": 17491.3,
        "city": "Kolkata",
        "district": "Kolkata",
        "income_index": 0.71,
        "value": 0.597
      }
    },
    {
      "type": "Feature",
      "geometry": {
        "type": "Point",
        "coordinates": [
          88.42701,
          22.48186
        ]
      },
      "properties": {
        "name": "Kolkata Ward 14",
        "population": 60975,
        "density_per_sq_km": 11614.2,
        "city": "Kolkata",
        "district": "Kolkata",
        "income_index": 0.67,
        "value": 0.484
      }
    },
    {
      "type": "Feature",
      "geometry": {
        "type": "Point",
        "coordinates": [
          88.20299,
          22.53962
        ]
      },
      "properties": {
        "name": "Kolkata Ward 15",
        "population": 27821,
        "density_per_sq_km": 10055.3,
        "city": "Kolkata",
        "district": "Kolkata",
        "income_index": 0.59,
        "value": 0.294
      }
    },
    {
      "type": "Feature",
      "geometry": {
        "type": "Point",
        "coordinates": [
          88.43265,
          22.48428
        ]
      },
      "properties": {
        "name": "Kolkata Ward 16",
        "population": 69754,
        "density_per_sq_km": 13841.5,
        "city": "Kolkata",
        "district": "Kolkata",
        "income_index": 0.66,
        "value": 0.462
      }
    },
    {
      "type": "Feature",
      "geometry": {
        "type": "Point",
        "coordinates": [
          88.26832,
          22.59569
        ]
      },
      "properties": {
        "name": "Kolkata Ward 17",
        "population": 78593,
        "density_per_sq_km": 14869.1,
        "city": "Kolkata",
        "district": "Kolkata",
        "income_index": 0.69,
        "value": 0.541
      }
    },
    {
      "type": "Feature",
      "geometry": {
        "type": "Point",
        "coordinates": [
          88.44568,
          22.70032
        ]
      },
      "properties": {
        "name": "Kolkata Ward 18",
        "population": 41954,
        "density_per_sq_km": 8287.1,
        "city": "Kolkata",
        "district": "Kolkata",
        "income_index": 0.6,
        "value": 0.335
      }
    },
    {
      "type": "Feature",
      "geometry": {
        "type": "Point",
        "coordinates": [
          88.42679,
          22.77583
        ]
      },
      "properties": {
        "name": "Kolkata Ward 19",
        "population": 13877,
        "density_per_sq_km": 2764.4,
        "city": "Kolkata",
        "district": "Kolkata",
        "income_index": 0.5,
        "value": 0.15
      }
    },
    {
      "type": "Feature",
      "geometry": {
        "type": "Point",
        "coordinates": [
          88.34088,
          22.66973
        ]
      },
      "properties": {
        "name": "Kolkata Ward 20",
        "population": 43527,
        "density_per_sq_km": 12479.3,
        "city": "Kolkata",
        "district": "Kolkata",
        "income_index": 0.68,
        "value": 0.491
      }
    },
    {
      "type": "Feature",
      "geometry": {
        "type": "Point",
        "coordinates": [
          73.8567,
          18.5204
        ]
      },
      "properties": {
        "name": "Pune Central Core",
        "population": 864000,
        "density_per_sq_km": 12075.0,
        "city": "Pune",
        "district": "Pune",
        "income_index": 0.85,
        "value": 0.91
      }
    },
    {
      "type": "Feature",
      "geometry": {
        "type": "Point",
        "coordinates": [
          73.81016,
          18.44075
        ]
      },
      "properties": {
        "name": "Pune Ward 1",
        "population": 24157,
        "density_per_sq_km": 4967.5,
        "city": "Pune",
        "district": "Pune",
        "income_index": 0.65,
        "value": 0.464
      }
    },
    {
      "type": "Feature",
      "geometry": {
        "type": "Point",
        "coordinates": [
          73.81016,
          18.44948
        ]
      },
      "properties": {
        "name": "Pune Ward 2",
        "population": 24639,
        "density_per_sq_km": 4561.2,
        "city": "Pune",
        "district": "Pune",
        "income_index": 0.66,
        "value": 0.393
      }
    },
    {
      "type": "Feature",
      "geometry": {
        "type": "Point",
        "coordinates": [
          73.93821,
          18.38786
        ]
      },
      "properties": {
        "name": "Pune Ward 3",
        "population": 5841,
        "density_per_sq_km": 1833.8,
        "city": "Pune",
        "district": "Pune",
        "income_index": 0.51,
        "value": 0.15
      }
    },
    {
      "type": "Feature",
      "geometry": {
        "type": "Point",
        "coordinates": [
          73.93405,
          18.49035
        ]
      },
      "properties": {
        "name": "Pune Ward 4",
        "population": 23501,
        "density_per_sq_km": 5841.0,
        "city": "Pune",
        "district": "Pune",
        "income_index": 0.67,
        "value": 0.472
      }
    },
    {
      "type": "Feature",
      "geometry": {
        "type": "Point",
        "coordinates": [
          73.8986,
          18.42334
        ]
      },
      "properties": {
        "name": "Pune Ward 5",
        "population": 18883,
        "density_per_sq_km": 4037.7,
        "city": "Pune",
        "district": "Pune",
        "income_index": 0.62,
        "value": 0.405
      }
    },
    {
      "type": "Feature",
      "geometry": {
        "type": "Point",
        "coordinates": [
          73.94538,
          18.61567
        ]
      },
      "properties": {
        "name": "Pune Ward 6",
        "population": 16111,
        "density_per_sq_km": 3314.1,
        "city": "Pune",
        "district": "Pune",
        "income_index": 0.57,
        "value": 0.197
      }
    },
    {
      "type": "Feature",
      "geometry": {
        "type": "Point",
        "coordinates": [
          73.85036,
          18.57962
        ]
      },
      "properties": {
        "name": "Pune Ward 7",
        "population": 27472,
        "density_per_sq_km": 6075.6,
        "city": "Pune",
        "district": "Pune",
        "income_index": 0.72,
        "value": 0.579
      }
    },
    {
      "type": "Feature",
      "geometry": {
        "type": "Point",
        "coordinates": [
          73.84086,
          18.57664
        ]
      },
      "properties": {
        "name": "Pune Ward 8",
        "population": 32266,
        "density_per_sq_km": 6210.6,
        "city": "Pune",
        "district": "Pune",
        "income_index": 0.72,
        "value": 0.598
      }
    },
    {
      "type": "Feature",
      "geometry": {
        "type": "Point",
        "coordinates": [
          73.86774,
          18.49736
        ]
      },
      "properties": {
        "name": "Pune Ward 9",
        "population": 46146,
        "density_per_sq_km": 7932.6,
        "city": "Pune",
        "district": "Pune",
        "income_index": 0.79,
        "value": 0.745
      }
    },
    {
      "type": "Feature",
      "geometry": {
        "type": "Point",
        "coordinates": [
          73.9285,
          18.43932
        ]
      },
      "properties": {
        "name": "Pune Ward 10",
        "population": 17290,
        "density_per_sq_km": 4767.2,
        "city": "Pune",
        "district": "Pune",
        "income_index": 0.61,
        "value": 0.4
      }
    },
    {
      "type": "Feature",
      "geometry": {
        "type": "Point",
        "coordinates": [
          73.87326,
          18.55827
        ]
      },
      "properties": {
        "name": "Pune Ward 11",
        "population": 47208,
        "density_per_sq_km": 7095.4,
        "city": "Pune",
        "district": "Pune",
        "income_index": 0.76,
        "value": 0.629
      }
    },
    {
      "type": "Feature",
      "geometry": {
        "type": "Point",
        "coordinates": [
          73.87378,
          18.46111
        ]
      },
      "properties": {
        "name": "Pune Ward 12",
        "population": 40089,
        "density_per_sq_km": 6995.0,
        "city": "Pune",
        "district": "Pune",
        "income_index": 0.71,
        "value": 0.582
      }
    },
    {
      "type": "Feature",
      "geometry": {
        "type": "Point",
        "coordinates": [
          73.79941,
          18.44256
        ]
      },
      "properties": {
        "name": "Pune Ward 13",
        "population": 25033,
        "density_per_sq_km": 4666.0,
        "city": "Pune",
        "district": "Pune",
        "income_index": 0.64,
        "value": 0.457
      }
    },
    {
      "type": "Feature",
      "geometry": {
        "type": "Point",
        "coordinates": [
          73.77078,
          18.43071
        ]
      },
      "properties": {
        "name": "Pune Ward 14",
        "population": 18451,
        "density_per_sq_km": 3160.6,
        "city": "Pune",
        "district": "Pune",
        "income_index": 0.58,
        "value": 0.297
      }
    },
    {
      "type": "Feature",
      "geometry": {
        "type": "Point",
        "coordinates": [
          75.7873,
          26.9124
        ]
      },
      "properties": {
        "name": "Jaipur Central Core",
        "population": 492000,
        "density_per_sq_km": 7820.0,
        "city": "Jaipur",
        "district": "Jaipur",
        "income_index": 0.65,
        "value": 0.86
      }
    },
    {
      "type": "Feature",
      "geometry": {
        "type": "Point",
        "coordinates": [
          75.82047,
          26.93882
        ]
      },
      "properties": {
        "name": "Jaipur Ward 1",
        "population": 19270,
        "density_per_sq_km": 4485.7,
        "city": "Jaipur",
        "district": "Jaipur",
        "income_index": 0.75,
        "value": 0.673
      }
    },
    {
      "type": "Feature",
      "geometry": {
        "type": "Point",
        "coordinates": [
          75.78208,
          26.84405
        ]
      },
      "properties": {
        "name": "Jaipur Ward 2",
        "population": 13145,
        "density_per_sq_km": 3744.5,
        "city": "Jaipur",
        "district": "Jaipur",
        "income_index": 0.68,
        "value": 0.441
      }
    },
    {
      "type": "Feature",
      "geometry": {
        "type": "Point",
        "coordinates": [
          75.70786,
          26.85034
        ]
      },
      "properties": {
        "name": "Jaipur Ward 3",
        "population": 13031,
        "density_per_sq_km": 3420.9,
        "city": "Jaipur",
        "district": "Jaipur",
        "income_index": 0.62,
        "value": 0.365
      }
    },
    {
      "type": "Feature",
      "geometry": {
        "type": "Point",
        "coordinates": [
          75.79041,
          26.86988
        ]
      },
      "properties": {
        "name": "Jaipur Ward 4",
        "population": 18916,
        "density_per_sq_km": 4914.9,
        "city": "Jaipur",
        "district": "Jaipur",
        "income_index": 0.74,
        "value": 0.555
      }
    },
    {
      "type": "Feature",
      "geometry": {
        "type": "Point",
        "coordinates": [
          75.80159,
          26.90198
        ]
      },
      "properties": {
        "name": "Jaipur Ward 5",
        "population": 20431,
        "density_per_sq_km": 6880.1,
        "city": "Jaipur",
        "district": "Jaipur",
        "income_index": 0.81,
        "value": 0.838
      }
    },
    {
      "type": "Feature",
      "geometry": {
        "type": "Point",
        "coordinates": [
          75.78443,
          26.83754
        ]
      },
      "properties": {
        "name": "Jaipur Ward 6",
        "population": 17073,
        "density_per_sq_km": 3535.6,
        "city": "Jaipur",
        "district": "Jaipur",
        "income_index": 0.67,
        "value": 0.512
      }
    },
    {
      "type": "Feature",
      "geometry": {
        "type": "Point",
        "coordinates": [
          75.79004,
          26.8781
        ]
      },
      "properties": {
        "name": "Jaipur Ward 7",
        "population": 16552,
        "density_per_sq_km": 5917.7,
        "city": "Jaipur",
        "district": "Jaipur",
        "income_index": 0.77,
        "value": 0.637
      }
    },
    {
      "type": "Feature",
      "geometry": {
        "type": "Point",
        "coordinates": [
          75.87445,
          26.90017
        ]
      },
      "properties": {
        "name": "Jaipur Ward 8",
        "population": 11975,
        "density_per_sq_km": 3441.4,
        "city": "Jaipur",
        "district": "Jaipur",
        "income_index": 0.66,
        "value": 0.476
      }
    },
    {
      "type": "Feature",
      "geometry": {
        "type": "Point",
        "coordinates": [
          75.69829,
          26.92037
        ]
      },
      "properties": {
        "name": "Jaipur Ward 9",
        "population": 11359,
        "density_per_sq_km": 2921.9,
        "city": "Jaipur",
        "district": "Jaipur",
        "income_index": 0.65,
        "value": 0.476
      }
    },
    {
      "type": "Feature",
      "geometry": {
        "type": "Point",
        "coordinates": [
          75.72254,
          26.94104
        ]
      },
      "properties": {
        "name": "Jaipur Ward 10",
        "population": 20479,
        "density_per_sq_km": 3345.8,
        "city": "Jaipur",
        "district": "Jaipur",
        "income_index": 0.69,
        "value": 0.547
      }
    },
    {
      "type": "Feature",
      "geometry": {
        "type": "Point",
        "coordinates": [
          75.73908,
          26.76896
        ]
      },
      "properties": {
        "name": "Jaipur Ward 11",
        "population": 2661,
        "density_per_sq_km": 923.7,
        "city": "Jaipur",
        "district": "Jaipur",
        "income_index": 0.5,
        "value": 0.15
      }
    },
    {
      "type": "Feature",
      "geometry": {
        "type": "Point",
        "coordinates": [
          75.9576,
          26.86546
        ]
      },
      "properties": {
        "name": "Jaipur Ward 12",
        "population": 3345,
        "density_per_sq_km": 766.6,
        "city": "Jaipur",
        "district": "Jaipur",
        "income_index": 0.5,
        "value": 0.153
      }
    },
    {
      "type": "Feature",
      "geometry": {
        "type": "Point",
        "coordinates": [
          75.85123,
          26.77083
        ]
      },
      "properties": {
        "name": "Jaipur Ward 13",
        "population": 3986,
        "density_per_sq_km": 730.1,
        "city": "Jaipur",
        "district": "Jaipur",
        "income_index": 0.5,
        "value": 0.152
      }
    },
    {
      "type": "Feature",
      "geometry": {
        "type": "Point",
        "coordinates": [
          75.75012,
          26.85862
        ]
      },
      "properties": {
        "name": "Jaipur Ward 14",
        "population": 19628,
        "density_per_sq_km": 4371.2,
        "city": "Jaipur",
        "district": "Jaipur",
        "income_index": 0.69,
        "value": 0.465
      }
    },
    {
      "type": "Feature",
      "geometry": {
        "type": "Point",
        "coordinates": [
          80.9462,
          26.8467
        ]
      },
      "properties": {
        "name": "Lucknow Central Core",
        "population": 468000,
        "density_per_sq_km": 7130.0,
        "city": "Lucknow",
        "district": "Lucknow",
        "income_index": 0.65,
        "value": 0.87
      }
    },
    {
      "type": "Feature",
      "geometry": {
        "type": "Point",
        "coordinates": [
          81.00039,
          26.86022
        ]
      },
      "properties": {
        "name": "Lucknow Ward 1",
        "population": 14102,
        "density_per_sq_km": 4025.0,
        "city": "Lucknow",
        "district": "Lucknow",
        "income_index": 0.73,
        "value": 0.552
      }
    },
    {
      "type": "Feature",
      "geometry": {
        "type": "Point",
        "coordinates": [
          80.92972,
          26.78752
        ]
      },
      "properties": {
        "name": "Lucknow Ward 2",
        "population": 19020,
        "density_per_sq_km": 3542.5,
        "city": "Lucknow",
        "district": "Lucknow",
        "income_index": 0.7,
        "value": 0.493
      }
    },
    {
      "type": "Feature",
      "geometry": {
        "type": "Point",
        "coordinates": [
          80.81763,
          26.93922
        ]
      },
      "properties": {
        "name": "Lucknow Ward 3",
        "population": 3611,
        "density_per_sq_km": 623.5,
        "city": "Lucknow",
        "district": "Lucknow",
        "income_index": 0.5,
        "value": 0.176
      }
    },
    {
      "type": "Feature",
      "geometry": {
        "type": "Point",
        "coordinates": [
          80.80724,
          26.87498
        ]
      },
      "properties": {
        "name": "Lucknow Ward 4",
        "population": 7549,
        "density_per_sq_km": 1534.4,
        "city": "Lucknow",
        "district": "Lucknow",
        "income_index": 0.54,
        "value": 0.15
      }
    },
    {
      "type": "Feature",
      "geometry": {
        "type": "Point",
        "coordinates": [
          80.90071,
          26.88298
        ]
      },
      "properties": {
        "name": "Lucknow Ward 5",
        "population": 20326,
        "density_per_sq_km": 4659.8,
        "city": "Lucknow",
        "district": "Lucknow",
        "income_index": 0.72,
        "value": 0.606
      }
    },
    {
      "type": "Feature",
      "geometry": {
        "type": "Point",
        "coordinates": [
          80.87158,
          26.81343
        ]
      },
      "properties": {
        "name": "Lucknow Ward 6",
        "population": 15423,
        "density_per_sq_km": 3044.0,
        "city": "Lucknow",
        "district": "Lucknow",
        "income_index": 0.67,
        "value": 0.446
      }
    },
    {
      "type": "Feature",
      "geometry": {
        "type": "Point",
        "coordinates": [
          80.97545,
          26.76283
        ]
      },
      "properties": {
        "name": "Lucknow Ward 7",
        "population": 15229,
        "density_per_sq_km": 2379.1,
        "city": "Lucknow",
        "district": "Lucknow",
        "income_index": 0.63,
        "value": 0.392
      }
    },
    {
      "type": "Feature",
      "geometry": {
        "type": "Point",
        "coordinates": [
          81.09092,
          26.82356
        ]
      },
      "properties": {
        "name": "Lucknow Ward 8",
        "population": 4825,
        "density_per_sq_km": 1397.9,
        "city": "Lucknow",
        "district": "Lucknow",
        "income_index": 0.53,
        "value": 0.15
      }
    },
    {
      "type": "Feature",
      "geometry": {
        "type": "Point",
        "coordinates": [
          80.94801,
          26.95049
        ]
      },
      "properties": {
        "name": "Lucknow Ward 9",
        "population": 11130,
        "density_per_sq_km": 2437.2,
        "city": "Lucknow",
        "district": "Lucknow",
        "income_index": 0.59,
        "value": 0.299
      }
    },
    {
      "type": "Feature",
      "geometry": {
        "type": "Point",
        "coordinates": [
          80.88487,
          26.81394
        ]
      },
      "properties": {
        "name": "Lucknow Ward 10",
        "population": 12429,
        "density_per_sq_km": 3813.3,
        "city": "Lucknow",
        "district": "Lucknow",
        "income_index": 0.69,
        "value": 0.471
      }
    },
    {
      "type": "Feature",
      "geometry": {
        "type": "Point",
        "coordinates": [
          80.97052,
          26.80086
        ]
      },
      "properties": {
        "name": "Lucknow Ward 11",
        "population": 16280,
        "density_per_sq_km": 4820.7,
        "city": "Lucknow",
        "district": "Lucknow",
        "income_index": 0.72,
        "value": 0.558
      }
    },
    {
      "type": "Feature",
      "geometry": {
        "type": "Point",
        "coordinates": [
          80.90335,
          26.77497
        ]
      },
      "properties": {
        "name": "Lucknow Ward 12",
        "population": 13501,
        "density_per_sq_km": 2898.9,
        "city": "Lucknow",
        "district": "Lucknow",
        "income_index": 0.65,
        "value": 0.453
      }
    },
    {
      "type": "Feature",
      "geometry": {
        "type": "Point",
        "coordinates": [
          80.95863,
          26.88203
        ]
      },
      "properties": {
        "name": "Lucknow Ward 13",
        "population": 24482,
        "density_per_sq_km": 4706.7,
        "city": "Lucknow",
        "district": "Lucknow",
        "income_index": 0.76,
        "value": 0.596
      }
    },
    {
      "type": "Feature",
      "geometry": {
        "type": "Point",
        "coordinates": [
          80.88468,
          26.89076
        ]
      },
      "properties": {
        "name": "Lucknow Ward 14",
        "population": 11042,
        "density_per_sq_km": 4152.0,
        "city": "Lucknow",
        "district": "Lucknow",
        "income_index": 0.68,
        "value": 0.433
      }
    },
    {
      "type": "Feature",
      "geometry": {
        "type": "Point",
        "coordinates": [
          76.7794,
          30.7333
        ]
      },
      "properties": {
        "name": "Chandigarh Central Core",
        "population": 180000,
        "density_per_sq_km": 10925.0,
        "city": "Chandigarh",
        "district": "Chandigarh",
        "income_index": 0.85,
        "value": 0.93
      }
    },
    {
      "type": "Feature",
      "geometry": {
        "type": "Point",
        "coordinates": [
          76.83943,
          30.7806
        ]
      },
      "properties": {
        "name": "Chandigarh Ward 1",
        "population": 3761,
        "density_per_sq_km": 4958.9,
        "city": "Chandigarh",
        "district": "Chandigarh",
        "income_index": 0.63,
        "value": 0.342
      }
    },
    {
      "type": "Feature",
      "geometry": {
        "type": "Point",
        "coordinates": [
          76.73801,
          30.70899
        ]
      },
      "properties": {
        "name": "Chandigarh Ward 2",
        "population": 6406,
        "density_per_sq_km": 7264.6,
        "city": "Chandigarh",
        "district": "Chandigarh",
        "income_index": 0.71,
        "value": 0.506
      }
    },
    {
      "type": "Feature",
      "geometry": {
        "type": "Point",
        "coordinates": [
          76.81244,
          30.69605
        ]
      },
      "properties": {
        "name": "Chandigarh Ward 3",
        "population": 7352,
        "density_per_sq_km": 5336.6,
        "city": "Chandigarh",
        "district": "Chandigarh",
        "income_index": 0.7,
        "value": 0.559
      }
    },
    {
      "type": "Feature",
      "geometry": {
        "type": "Point",
        "coordinates": [
          76.76873,
          30.73055
        ]
      },
      "properties": {
        "name": "Chandigarh Ward 4",
        "population": 9574,
        "density_per_sq_km": 7489.3,
        "city": "Chandigarh",
        "district": "Chandigarh",
        "income_index": 0.82,
        "value": 0.742
      }
    },
    {
      "type": "Feature",
      "geometry": {
        "type": "Point",
        "coordinates": [
          76.76454,
          30.72729
        ]
      },
      "properties": {
        "name": "Chandigarh Ward 5",
        "population": 10366,
        "density_per_sq_km": 9506.8,
        "city": "Chandigarh",
        "district": "Chandigarh",
        "income_index": 0.81,
        "value": 0.833
      }
    },
    {
      "type": "Feature",
      "geometry": {
        "type": "Point",
        "coordinates": [
          76.79756,
          30.70391
        ]
      },
      "properties": {
        "name": "Chandigarh Ward 6",
        "population": 5833,
        "density_per_sq_km": 6666.3,
        "city": "Chandigarh",
        "district": "Chandigarh",
        "income_index": 0.74,
        "value": 0.663
      }
    },
    {
      "type": "Feature",
      "geometry": {
        "type": "Point",
        "coordinates": [
          76.81245,
          30.77118
        ]
      },
      "properties": {
        "name": "Chandigarh Ward 7",
        "population": 7985,
        "density_per_sq_km": 5072.3,
        "city": "Chandigarh",
        "district": "Chandigarh",
        "income_index": 0.7,
        "value": 0.575
      }
    },
    {
      "type": "Feature",
      "geometry": {
        "type": "Point",
        "coordinates": [
          76.74058,
          30.73396
        ]
      },
      "properties": {
        "name": "Chandigarh Ward 8",
        "population": 9896,
        "density_per_sq_km": 5988.2,
        "city": "Chandigarh",
        "district": "Chandigarh",
        "income_index": 0.74,
        "value": 0.63
      }
    },
    {
      "type": "Feature",
      "geometry": {
        "type": "Point",
        "coordinates": [
          76.78373,
          30.80321
        ]
      },
      "properties": {
        "name": "Chandigarh Ward 9",
        "population": 4512,
        "density_per_sq_km": 4603.2,
        "city": "Chandigarh",
        "district": "Chandigarh",
        "income_index": 0.63,
        "value": 0.399
      }
    },
    {
      "type": "Feature",
      "geometry": {
        "type": "Point",
        "coordinates": [
          76.82994,
          30.76429
        ]
      },
      "properties": {
        "name": "Chandigarh Ward 10",
        "population": 6703,
        "density_per_sq_km": 6269.6,
        "city": "Chandigarh",
        "district": "Chandigarh",
        "income_index": 0.68,
        "value": 0.424
      }
    },
    {
      "type": "Feature",
      "geometry": {
        "type": "Point",
        "coordinates": [
          76.83359,
          30.79702
        ]
      },
      "properties": {
        "name": "Chandigarh Ward 11",
        "population": 4130,
        "density_per_sq_km": 3390.2,
        "city": "Chandigarh",
        "district": "Chandigarh",
        "income_index": 0.6,
        "value": 0.392
      }
    },
    {
      "type": "Feature",
      "geometry": {
        "type": "Point",
        "coordinates": [
          76.81578,
          30.71989
        ]
      },
      "properties": {
        "name": "Chandigarh Ward 12",
        "population": 6690,
        "density_per_sq_km": 5783.7,
        "city": "Chandigarh",
        "district": "Chandigarh",
        "income_index": 0.74,
        "value": 0.629
      }
    },
    {
      "type": "Feature",
      "geometry": {
        "type": "Point",
        "coordinates": [
          76.73379,
          30.67934
        ]
      },
      "properties": {
        "name": "Chandigarh Ward 13",
        "population": 5735,
        "density_per_sq_km": 4817.0,
        "city": "Chandigarh",
        "district": "Chandigarh",
        "income_index": 0.64,
        "value": 0.456
      }
    },
    {
      "type": "Feature",
      "geometry": {
        "type": "Point",
        "coordinates": [
          76.73393,
          30.70794
        ]
      },
      "properties": {
        "name": "Chandigarh Ward 14",
        "population": 6688,
        "density_per_sq_km": 6013.4,
        "city": "Chandigarh",
        "district": "Chandigarh",
        "income_index": 0.7,
        "value": 0.576
      }
    },
    {
      "type": "Feature",
      "geometry": {
        "type": "Point",
        "coordinates": [
          75.8577,
          22.7196
        ]
      },
      "properties": {
        "name": "Indore Central Core",
        "population": 396000,
        "density_per_sq_km": 7360.0,
        "city": "Indore",
        "district": "Indore",
        "income_index": 0.65,
        "value": 0.89
      }
    },
    {
      "type": "Feature",
      "geometry": {
        "type": "Point",
        "coordinates": [
          75.89756,
          22.82261
        ]
      },
      "properties": {
        "name": "Indore Ward 1",
        "population": 7020,
        "density_per_sq_km": 1540.7,
        "city": "Indore",
        "district": "Indore",
        "income_index": 0.55,
        "value": 0.15
      }
    },
    {
      "type": "Feature",
      "geometry": {
        "type": "Point",
        "coordinates": [
          75.85791,
          22.6448
        ]
      },
      "properties": {
        "name": "Indore Ward 2",
        "population": 11293,
        "density_per_sq_km": 3667.4,
        "city": "Indore",
        "district": "Indore",
        "income_index": 0.64,
        "value": 0.487
      }
    },
    {
      "type": "Feature",
      "geometry": {
        "type": "Point",
        "coordinates": [
          75.84134,
          22.75383
        ]
      },
      "properties": {
        "name": "Indore Ward 3",
        "population": 20632,
        "density_per_sq_km": 4868.9,
        "city": "Indore",
        "district": "Indore",
        "income_index": 0.75,
        "value": 0.608
      }
    },
    {
      "type": "Feature",
      "geometry": {
        "type": "Point",
        "coordinates": [
          75.76754,
          22.68233
        ]
      },
      "properties": {
        "name": "Indore Ward 4",
        "population": 10701,
        "density_per_sq_km": 2608.2,
        "city": "Indore",
        "district": "Indore",
        "income_index": 0.6,
        "value": 0.235
      }
    },
    {
      "type": "Feature",
      "geometry": {
        "type": "Point",
        "coordinates": [
          75.87991,
          22.76495
        ]
      },
      "properties": {
        "name": "Indore Ward 5",
        "population": 11147,
        "density_per_sq_km": 3453.6,
        "city": "Indore",
        "district": "Indore",
        "income_index": 0.71,
        "value": 0.603
      }
    },
    {
      "type": "Feature",
      "geometry": {
        "type": "Point",
        "coordinates": [
          75.8542,
          22.64185
        ]
      },
      "properties": {
        "name": "Indore Ward 6",
        "population": 10635,
        "density_per_sq_km": 2845.2,
        "city": "Indore",
        "district": "Indore",
        "income_index": 0.63,
        "value": 0.423
      }
    },
    {
      "type": "Feature",
      "geometry": {
        "type": "Point",
        "coordinates": [
          75.8953,
          22.78047
        ]
      },
      "properties": {
        "name": "Indore Ward 7",
        "population": 12659,
        "density_per_sq_km": 2996.6,
        "city": "Indore",
        "district": "Indore",
        "income_index": 0.66,
        "value": 0.406
      }
    },
    {
      "type": "Feature",
      "geometry": {
        "type": "Point",
        "coordinates": [
          75.85426,
          22.67504
        ]
      },
      "properties": {
        "name": "Indore Ward 8",
        "population": 18746,
        "density_per_sq_km": 4480.7,
        "city": "Indore",
        "district": "Indore",
        "income_index": 0.73,
        "value": 0.569
      }
    },
    {
      "type": "Feature",
      "geometry": {
        "type": "Point",
        "coordinates": [
          75.7768,
          22.65322
        ]
      },
      "properties": {
        "name": "Indore Ward 9",
        "population": 7828,
        "density_per_sq_km": 1624.4,
        "city": "Indore",
        "district": "Indore",
        "income_index": 0.57,
        "value": 0.293
      }
    },
    {
      "type": "Feature",
      "geometry": {
        "type": "Point",
        "coordinates": [
          75.74853,
          22.70685
        ]
      },
      "properties": {
        "name": "Indore Ward 10",
        "population": 5107,
        "density_per_sq_km": 1579.9,
        "city": "Indore",
        "district": "Indore",
        "income_index": 0.57,
        "value": 0.241
      }
    },
    {
      "type": "Feature",
      "geometry": {
        "type": "Point",
        "coordinates": [
          75.88152,
          22.64676
        ]
      },
      "properties": {
        "name": "Indore Ward 11",
        "population": 9718,
        "density_per_sq_km": 3314.2,
        "city": "Indore",
        "district": "Indore",
        "income_index": 0.64,
        "value": 0.44
      }
    },
    {
      "type": "Feature",
      "geometry": {
        "type": "Point",
        "coordinates": [
          75.92079,
          22.78201
        ]
      },
      "properties": {
        "name": "Indore Ward 12",
        "population": 10511,
        "density_per_sq_km": 2260.3,
        "city": "Indore",
        "district": "Indore",
        "income_index": 0.61,
        "value": 0.419
      }
    },
    {
      "type": "Feature",
      "geometry": {
        "type": "Point",
        "coordinates": [
          75.84311,
          22.62713
        ]
      },
      "properties": {
        "name": "Indore Ward 13",
        "population": 9149,
        "density_per_sq_km": 1951.1,
        "city": "Indore",
        "district": "Indore",
        "income_index": 0.59,
        "value": 0.239
      }
    },
    {
      "type": "Feature",
      "geometry": {
        "type": "Point",
        "coordinates": [
          75.80421,
          22.72937
        ]
      },
      "properties": {
        "name": "Indore Ward 14",
        "population": 18360,
        "density_per_sq_km": 4619.2,
        "city": "Indore",
        "district": "Indore",
        "income_index": 0.71,
        "value": 0.478
      }
    },
    {
      "type": "Feature",
      "geometry": {
        "type": "Point",
        "coordinates": [
          77.4126,
          23.2599
        ]
      },
      "properties": {
        "name": "Bhopal Central Core",
        "population": 300000,
        "density_per_sq_km": 5520.0,
        "city": "Bhopal",
        "district": "Bhopal",
        "income_index": 0.65,
        "value": 0.95
      }
    },
    {
      "type": "Feature",
      "geometry": {
        "type": "Point",
        "coordinates": [
          77.44146,
          23.25621
        ]
      },
      "properties": {
        "name": "Bhopal Ward 1",
        "population": 15735,
        "density_per_sq_km": 3967.1,
        "city": "Bhopal",
        "district": "Bhopal",
        "income_index": 0.77,
        "value": 0.614
      }
    },
    {
      "type": "Feature",
      "geometry": {
        "type": "Point",
        "coordinates": [
          77.42883,
          23.20835
        ]
      },
      "properties": {
        "name": "Bhopal Ward 2",
        "population": 10548,
        "density_per_sq_km": 2971.3,
        "city": "Bhopal",
        "district": "Bhopal",
        "income_index": 0.69,
        "value": 0.491
      }
    },
    {
      "type": "Feature",
      "geometry": {
        "type": "Point",
        "coordinates": [
          77.44746,
          23.25887
        ]
      },
      "properties": {
        "name": "Bhopal Ward 3",
        "population": 13914,
        "density_per_sq_km": 3988.2,
        "city": "Bhopal",
        "district": "Bhopal",
        "income_index": 0.76,
        "value": 0.605
      }
    },
    {
      "type": "Feature",
      "geometry": {
        "type": "Point",
        "coordinates": [
          77.41119,
          23.23648
        ]
      },
      "properties": {
        "name": "Bhopal Ward 4",
        "population": 17462,
        "density_per_sq_km": 3561.6,
        "city": "Bhopal",
        "district": "Bhopal",
        "income_index": 0.78,
        "value": 0.698
      }
    },
    {
      "type": "Feature",
      "geometry": {
        "type": "Point",
        "coordinates": [
          77.43976,
          23.23231
        ]
      },
      "properties": {
        "name": "Bhopal Ward 5",
        "population": 15807,
        "density_per_sq_km": 3976.2,
        "city": "Bhopal",
        "district": "Bhopal",
        "income_index": 0.74,
        "value": 0.624
      }
    },
    {
      "type": "Feature",
      "geometry": {
        "type": "Point",
        "coordinates": [
          77.36595,
          23.33129
        ]
      },
      "properties": {
        "name": "Bhopal Ward 6",
        "population": 6407,
        "density_per_sq_km": 1710.9,
        "city": "Bhopal",
        "district": "Bhopal",
        "income_index": 0.6,
        "value": 0.313
      }
    },
    {
      "type": "Feature",
      "geometry": {
        "type": "Point",
        "coordinates": [
          77.36177,
          23.25108
        ]
      },
      "properties": {
        "name": "Bhopal Ward 7",
        "population": 8608,
        "density_per_sq_km": 2953.5,
        "city": "Bhopal",
        "district": "Bhopal",
        "income_index": 0.71,
        "value": 0.551
      }
    },
    {
      "type": "Feature",
      "geometry": {
        "type": "Point",
        "coordinates": [
          77.38745,
          23.29254
        ]
      },
      "properties": {
        "name": "Bhopal Ward 8",
        "population": 14463,
        "density_per_sq_km": 4030.3,
        "city": "Bhopal",
        "district": "Bhopal",
        "income_index": 0.73,
        "value": 0.671
      }
    },
    {
      "type": "Feature",
      "geometry": {
        "type": "Point",
        "coordinates": [
          77.4403,
          23.31495
        ]
      },
      "properties": {
        "name": "Bhopal Ward 9",
        "population": 8446,
        "density_per_sq_km": 3010.7,
        "city": "Bhopal",
        "district": "Bhopal",
        "income_index": 0.67,
        "value": 0.441
      }
    },
    {
      "type": "Feature",
      "geometry": {
        "type": "Point",
        "coordinates": [
          77.40757,
          23.24656
        ]
      },
      "properties": {
        "name": "Bhopal Ward 10",
        "population": 12991,
        "density_per_sq_km": 4408.2,
        "city": "Bhopal",
        "district": "Bhopal",
        "income_index": 0.81,
        "value": 0.73
      }
    },
    {
      "type": "Feature",
      "geometry": {
        "type": "Point",
        "coordinates": [
          77.36666,
          23.21646
        ]
      },
      "properties": {
        "name": "Bhopal Ward 11",
        "population": 10162,
        "density_per_sq_km": 2641.6,
        "city": "Bhopal",
        "district": "Bhopal",
        "income_index": 0.67,
        "value": 0.513
      }
    },
    {
      "type": "Feature",
      "geometry": {
        "type": "Point",
        "coordinates": [
          77.51818,
          23.29453
        ]
      },
      "properties": {
        "name": "Bhopal Ward 12",
        "population": 4780,
        "density_per_sq_km": 1025.1,
        "city": "Bhopal",
        "district": "Bhopal",
        "income_index": 0.55,
        "value": 0.15
      }
    },
    {
      "type": "Feature",
      "geometry": {
        "type": "Point",
        "coordinates": [
          77.43859,
          23.22226
        ]
      },
      "properties": {
        "name": "Bhopal Ward 13",
        "population": 10698,
        "density_per_sq_km": 3653.6,
        "city": "Bhopal",
        "district": "Bhopal",
        "income_index": 0.72,
        "value": 0.63
      }
    },
    {
      "type": "Feature",
      "geometry": {
        "type": "Point",
        "coordinates": [
          77.40925,
          23.26959
        ]
      },
      "properties": {
        "name": "Bhopal Ward 14",
        "population": 17638,
        "density_per_sq_km": 5058.5,
        "city": "Bhopal",
        "district": "Bhopal",
        "income_index": 0.82,
        "value": 0.822
      }
    },
    {
      "type": "Feature",
      "geometry": {
        "type": "Point",
        "coordinates": [
          79.0882,
          21.1458
        ]
      },
      "properties": {
        "name": "Nagpur Central Core",
        "population": 348000,
        "density_per_sq_km": 6210.0,
        "city": "Nagpur",
        "district": "Nagpur",
        "income_index": 0.65,
        "value": 0.86
      }
    },
    {
      "type": "Feature",
      "geometry": {
        "type": "Point",
        "coordinates": [
          79.07866,
          21.09887
        ]
      },
      "properties": {
        "name": "Nagpur Ward 1",
        "population": 13510,
        "density_per_sq_km": 2974.8,
        "city": "Nagpur",
        "district": "Nagpur",
        "income_index": 0.72,
        "value": 0.648
      }
    },
    {
      "type": "Feature",
      "geometry": {
        "type": "Point",
        "coordinates": [
          79.0543,
          21.13803
        ]
      },
      "properties": {
        "name": "Nagpur Ward 2",
        "population": 19497,
        "density_per_sq_km": 4844.6,
        "city": "Nagpur",
        "district": "Nagpur",
        "income_index": 0.76,
        "value": 0.661
      }
    },
    {
      "type": "Feature",
      "geometry": {
        "type": "Point",
        "coordinates": [
          79.02902,
          21.12819
        ]
      },
      "properties": {
        "name": "Nagpur Ward 3",
        "population": 15432,
        "density_per_sq_km": 2693.3,
        "city": "Nagpur",
        "district": "Nagpur",
        "income_index": 0.69,
        "value": 0.444
      }
    },
    {
      "type": "Feature",
      "geometry": {
        "type": "Point",
        "coordinates": [
          79.16634,
          21.21127
        ]
      },
      "properties": {
        "name": "Nagpur Ward 4",
        "population": 4923,
        "density_per_sq_km": 1776.8,
        "city": "Nagpur",
        "district": "Nagpur",
        "income_index": 0.58,
        "value": 0.262
      }
    },
    {
      "type": "Feature",
      "geometry": {
        "type": "Point",
        "coordinates": [
          79.07681,
          21.19225
        ]
      },
      "properties": {
        "name": "Nagpur Ward 5",
        "population": 11733,
        "density_per_sq_km": 3347.4,
        "city": "Nagpur",
        "district": "Nagpur",
        "income_index": 0.72,
        "value": 0.617
      }
    },
    {
      "type": "Feature",
      "geometry": {
        "type": "Point",
        "coordinates": [
          78.99817,
          21.11894
        ]
      },
      "properties": {
        "name": "Nagpur Ward 6",
        "population": 7064,
        "density_per_sq_km": 1906.0,
        "city": "Nagpur",
        "district": "Nagpur",
        "income_index": 0.61,
        "value": 0.262
      }
    },
    {
      "type": "Feature",
      "geometry": {
        "type": "Point",
        "coordinates": [
          79.18364,
          21.17305
        ]
      },
      "properties": {
        "name": "Nagpur Ward 7",
        "population": 7537,
        "density_per_sq_km": 1648.9,
        "city": "Nagpur",
        "district": "Nagpur",
        "income_index": 0.59,
        "value": 0.247
      }
    },
    {
      "type": "Feature",
      "geometry": {
        "type": "Point",
        "coordinates": [
          79.10189,
          21.08686
        ]
      },
      "properties": {
        "name": "Nagpur Ward 8",
        "population": 12049,
        "density_per_sq_km": 3724.5,
        "city": "Nagpur",
        "district": "Nagpur",
        "income_index": 0.68,
        "value": 0.448
      }
    },
    {
      "type": "Feature",
      "geometry": {
        "type": "Point",
        "coordinates": [
          79.13825,
          21.12789
        ]
      },
      "properties": {
        "name": "Nagpur Ward 9",
        "population": 10379,
        "density_per_sq_km": 3044.0,
        "city": "Nagpur",
        "district": "Nagpur",
        "income_index": 0.71,
        "value": 0.585
      }
    },
    {
      "type": "Feature",
      "geometry": {
        "type": "Point",
        "coordinates": [
          79.00809,
          21.18469
        ]
      },
      "properties": {
        "name": "Nagpur Ward 10",
        "population": 6221,
        "density_per_sq_km": 2546.2,
        "city": "Nagpur",
        "district": "Nagpur",
        "income_index": 0.62,
        "value": 0.326
      }
    },
    {
      "type": "Feature",
      "geometry": {
        "type": "Point",
        "coordinates": [
          79.11647,
          21.18665
        ]
      },
      "properties": {
        "name": "Nagpur Ward 11",
        "population": 12344,
        "density_per_sq_km": 3597.9,
        "city": "Nagpur",
        "district": "Nagpur",
        "income_index": 0.72,
        "value": 0.592
      }
    },
    {
      "type": "Feature",
      "geometry": {
        "type": "Point",
        "coordinates": [
          79.23119,
          21.13727
        ]
      },
      "properties": {
        "name": "Nagpur Ward 12",
        "population": 1783,
        "density_per_sq_km": 623.2,
        "city": "Nagpur",
        "district": "Nagpur",
        "income_index": 0.5,
        "value": 0.15
      }
    },
    {
      "type": "Feature",
      "geometry": {
        "type": "Point",
        "coordinates": [
          79.03593,
          21.14521
        ]
      },
      "properties": {
        "name": "Nagpur Ward 13",
        "population": 13142,
        "density_per_sq_km": 4008.0,
        "city": "Nagpur",
        "district": "Nagpur",
        "income_index": 0.71,
        "value": 0.505
      }
    },
    {
      "type": "Feature",
      "geometry": {
        "type": "Point",
        "coordinates": [
          79.09619,
          21.24484
        ]
      },
      "properties": {
        "name": "Nagpur Ward 14",
        "population": 8052,
        "density_per_sq_km": 1431.1,
        "city": "Nagpur",
        "district": "Nagpur",
        "income_index": 0.57,
        "value": 0.316
      }
    },
    {
      "type": "Feature",
      "geometry": {
        "type": "Point",
        "coordinates": [
          85.1376,
          25.5941
        ]
      },
      "properties": {
        "name": "Patna Central Core",
        "population": 324000,
        "density_per_sq_km": 8970.0,
        "city": "Patna",
        "district": "Patna",
        "income_index": 0.65,
        "value": 0.89
      }
    },
    {
      "type": "Feature",
      "geometry": {
        "type": "Point",
        "coordinates": [
          85.07734,
          25.54325
        ]
      },
      "properties": {
        "name": "Patna Ward 1",
        "population": 8890,
        "density_per_sq_km": 3166.0,
        "city": "Patna",
        "district": "Patna",
        "income_index": 0.63,
        "value": 0.432
      }
    },
    {
      "type": "Feature",
      "geometry": {
        "type": "Point",
        "coordinates": [
          85.14167,
          25.62071
        ]
      },
      "properties": {
        "name": "Patna Ward 2",
        "population": 18625,
        "density_per_sq_km": 6108.0,
        "city": "Patna",
        "district": "Patna",
        "income_index": 0.77,
        "value": 0.622
      }
    },
    {
      "type": "Feature",
      "geometry": {
        "type": "Point",
        "coordinates": [
          85.07964,
          25.6711
        ]
      },
      "properties": {
        "name": "Patna Ward 3",
        "population": 5317,
        "density_per_sq_km": 1984.2,
        "city": "Patna",
        "district": "Patna",
        "income_index": 0.57,
        "value": 0.258
      }
    },
    {
      "type": "Feature",
      "geometry": {
        "type": "Point",
        "coordinates": [
          85.20384,
          25.62793
        ]
      },
      "properties": {
        "name": "Patna Ward 4",
        "population": 11007,
        "density_per_sq_km": 3676.2,
        "city": "Patna",
        "district": "Patna",
        "income_index": 0.65,
        "value": 0.343
      }
    },
    {
      "type": "Feature",
      "geometry": {
        "type": "Point",
        "coordinates": [
          85.09772,
          25.57805
        ]
      },
      "properties": {
        "name": "Patna Ward 5",
        "population": 11208,
        "density_per_sq_km": 4834.9,
        "city": "Patna",
        "district": "Patna",
        "income_index": 0.73,
        "value": 0.567
      }
    },
    {
      "type": "Feature",
      "geometry": {
        "type": "Point",
        "coordinates": [
          85.12157,
          25.61017
        ]
      },
      "properties": {
        "name": "Patna Ward 6",
        "population": 16957,
        "density_per_sq_km": 5886.0,
        "city": "Patna",
        "district": "Patna",
        "income_index": 0.79,
        "value": 0.681
      }
    },
    {
      "type": "Feature",
      "geometry": {
        "type": "Point",
        "coordinates": [
          85.17654,
          25.5372
        ]
      },
      "properties": {
        "name": "Patna Ward 7",
        "population": 7152,
        "density_per_sq_km": 3593.3,
        "city": "Patna",
        "district": "Patna",
        "income_index": 0.65,
        "value": 0.371
      }
    },
    {
      "type": "Feature",
      "geometry": {
        "type": "Point",
        "coordinates": [
          85.24351,
          25.6255
        ]
      },
      "properties": {
        "name": "Patna Ward 8",
        "population": 4909,
        "density_per_sq_km": 2100.9,
        "city": "Patna",
        "district": "Patna",
        "income_index": 0.55,
        "value": 0.266
      }
    },
    {
      "type": "Feature",
      "geometry": {
        "type": "Point",
        "coordinates": [
          85.00484,
          25.62876
        ]
      },
      "properties": {
        "name": "Patna Ward 9",
        "population": 2633,
        "density_per_sq_km": 883.3,
        "city": "Patna",
        "district": "Patna",
        "income_index": 0.5,
        "value": 0.15
      }
    },
    {
      "type": "Feature",
      "geometry": {
        "type": "Point",
        "coordinates": [
          85.14879,
          25.48955
        ]
      },
      "properties": {
        "name": "Patna Ward 10",
        "population": 4214,
        "density_per_sq_km": 1659.6,
        "city": "Patna",
        "district": "Patna",
        "income_index": 0.54,
        "value": 0.15
      }
    },
    {
      "type": "Feature",
      "geometry": {
        "type": "Point",
        "coordinates": [
          85.18132,
          25.57588
        ]
      },
      "properties": {
        "name": "Patna Ward 11",
        "population": 15725,
        "density_per_sq_km": 5882.5,
        "city": "Patna",
        "district": "Patna",
        "income_index": 0.72,
        "value": 0.506
      }
    },
    {
      "type": "Feature",
      "geometry": {
        "type": "Point",
        "coordinates": [
          85.13375,
          25.65928
        ]
      },
      "properties": {
        "name": "Patna Ward 12",
        "population": 11261,
        "density_per_sq_km": 4838.4,
        "city": "Patna",
        "district": "Patna",
        "income_index": 0.66,
        "value": 0.515
      }
    },
    {
      "type": "Feature",
      "geometry": {
        "type": "Point",
        "coordinates": [
          85.18685,
          25.65512
        ]
      },
      "properties": {
        "name": "Patna Ward 13",
        "population": 7230,
        "density_per_sq_km": 3879.2,
        "city": "Patna",
        "district": "Patna",
        "income_index": 0.63,
        "value": 0.442
      }
    },
    {
      "type": "Feature",
      "geometry": {
        "type": "Point",
        "coordinates": [
          85.18683,
          25.71524
        ]
      },
      "properties": {
        "name": "Patna Ward 14",
        "population": 1904,
        "density_per_sq_km": 1065.7,
        "city": "Patna",
        "district": "Patna",
        "income_index": 0.5,
        "value": 0.15
      }
    },
    {
      "type": "Feature",
      "geometry": {
        "type": "Point",
        "coordinates": [
          85.8245,
          20.2961
        ]
      },
      "properties": {
        "name": "Bhubaneswar Central Core",
        "population": 168000,
        "density_per_sq_km": 5290.0,
        "city": "Bhubaneswar",
        "district": "Khordha",
        "income_index": 0.65,
        "value": 0.89
      }
    },
    {
      "type": "Feature",
      "geometry": {
        "type": "Point",
        "coordinates": [
          85.74431,
          20.34332
        ]
      },
      "properties": {
        "name": "Bhubaneswar Ward 1",
        "population": 2363,
        "density_per_sq_km": 1411.5,
        "city": "Bhubaneswar",
        "district": "Khordha",
        "income_index": 0.57,
        "value": 0.301
      }
    },
    {
      "type": "Feature",
      "geometry": {
        "type": "Point",
        "coordinates": [
          85.72531,
          20.26433
        ]
      },
      "properties": {
        "name": "Bhubaneswar Ward 2",
        "population": 1579,
        "density_per_sq_km": 1096.2,
        "city": "Bhubaneswar",
        "district": "Khordha",
        "income_index": 0.54,
        "value": 0.259
      }
    },
    {
      "type": "Feature",
      "geometry": {
        "type": "Point",
        "coordinates": [
          85.79819,
          20.23768
        ]
      },
      "properties": {
        "name": "Bhubaneswar Ward 3",
        "population": 4004,
        "density_per_sq_km": 2733.3,
        "city": "Bhubaneswar",
        "district": "Khordha",
        "income_index": 0.65,
        "value": 0.484
      }
    },
    {
      "type": "Feature",
      "geometry": {
        "type": "Point",
        "coordinates": [
          85.82695,
          20.24908
        ]
      },
      "properties": {
        "name": "Bhubaneswar Ward 4",
        "population": 6108,
        "density_per_sq_km": 2410.6,
        "city": "Bhubaneswar",
        "district": "Khordha",
        "income_index": 0.7,
        "value": 0.49
      }
    },
    {
      "type": "Feature",
      "geometry": {
        "type": "Point",
        "coordinates": [
          85.88813,
          20.30795
        ]
      },
      "properties": {
        "name": "Bhubaneswar Ward 5",
        "population": 3625,
        "density_per_sq_km": 2778.9,
        "city": "Bhubaneswar",
        "district": "Khordha",
        "income_index": 0.66,
        "value": 0.392
      }
    },
    {
      "type": "Feature",
      "geometry": {
        "type": "Point",
        "coordinates": [
          85.88347,
          20.34772
        ]
      },
      "properties": {
        "name": "Bhubaneswar Ward 6",
        "population": 4860,
        "density_per_sq_km": 2094.3,
        "city": "Bhubaneswar",
        "district": "Khordha",
        "income_index": 0.61,
        "value": 0.312
      }
    },
    {
      "type": "Feature",
      "geometry": {
        "type": "Point",
        "coordinates": [
          85.83403,
          20.36062
        ]
      },
      "properties": {
        "name": "Bhubaneswar Ward 7",
        "population": 5869,
        "density_per_sq_km": 2468.7,
        "city": "Bhubaneswar",
        "district": "Khordha",
        "income_index": 0.64,
        "value": 0.466
      }
    },
    {
      "type": "Feature",
      "geometry": {
        "type": "Point",
        "coordinates": [
          85.73667,
          20.36483
        ]
      },
      "properties": {
        "name": "Bhubaneswar Ward 8",
        "population": 1358,
        "density_per_sq_km": 808.6,
        "city": "Bhubaneswar",
        "district": "Khordha",
        "income_index": 0.51,
        "value": 0.15
      }
    },
    {
      "type": "Feature",
      "geometry": {
        "type": "Point",
        "coordinates": [
          85.85396,
          20.33362
        ]
      },
      "properties": {
        "name": "Bhubaneswar Ward 9",
        "population": 4895,
        "density_per_sq_km": 2503.1,
        "city": "Bhubaneswar",
        "district": "Khordha",
        "income_index": 0.7,
        "value": 0.608
      }
    },
    {
      "type": "Feature",
      "geometry": {
        "type": "Point",
        "coordinates": [
          85.71402,
          20.32399
        ]
      },
      "properties": {
        "name": "Bhubaneswar Ward 10",
        "population": 1586,
        "density_per_sq_km": 596.8,
        "city": "Bhubaneswar",
        "district": "Khordha",
        "income_index": 0.51,
        "value": 0.202
      }
    },
    {
      "type": "Feature",
      "geometry": {
        "type": "Point",
        "coordinates": [
          85.72369,
          20.26109
        ]
      },
      "properties": {
        "name": "Bhubaneswar Ward 11",
        "population": 2288,
        "density_per_sq_km": 820.7,
        "city": "Bhubaneswar",
        "district": "Khordha",
        "income_index": 0.53,
        "value": 0.185
      }
    },
    {
      "type": "Feature",
      "geometry": {
        "type": "Point",
        "coordinates": [
          85.86913,
          20.31731
        ]
      },
      "properties": {
        "name": "Bhubaneswar Ward 12",
        "population": 6816,
        "density_per_sq_km": 2457.9,
        "city": "Bhubaneswar",
        "district": "Khordha",
        "income_index": 0.7,
        "value": 0.57
      }
    },
    {
      "type": "Feature",
      "geometry": {
        "type": "Point",
        "coordinates": [
          85.78922,
          20.39537
        ]
      },
      "properties": {
        "name": "Bhubaneswar Ward 13",
        "population": 1566,
        "density_per_sq_km": 938.6,
        "city": "Bhubaneswar",
        "district": "Khordha",
        "income_index": 0.52,
        "value": 0.219
      }
    },
    {
      "type": "Feature",
      "geometry": {
        "type": "Point",
        "coordinates": [
          85.83879,
          20.36104
        ]
      },
      "properties": {
        "name": "Bhubaneswar Ward 14",
        "population": 5766,
        "density_per_sq_km": 2589.7,
        "city": "Bhubaneswar",
        "district": "Khordha",
        "income_index": 0.64,
        "value": 0.358
      }
    },
    {
      "type": "Feature",
      "geometry": {
        "type": "Point",
        "coordinates": [
          83.2185,
          17.6868
        ]
      },
      "properties": {
        "name": "Visakhapatnam Central Core",
        "population": 288000,
        "density_per_sq_km": 5980.0,
        "city": "Visakhapatnam",
        "district": "Visakhapatnam",
        "income_index": 0.65,
        "value": 0.92
      }
    },
    {
      "type": "Feature",
      "geometry": {
        "type": "Point",
        "coordinates": [
          83.20376,
          17.72021
        ]
      },
      "properties": {
        "name": "Visakhapatnam Ward 1",
        "population": 14018,
        "density_per_sq_km": 3406.7,
        "city": "Visakhapatnam",
        "district": "Visakhapatnam",
        "income_index": 0.74,
        "value": 0.699
      }
    },
    {
      "type": "Feature",
      "geometry": {
        "type": "Point",
        "coordinates": [
          83.31039,
          17.73645
        ]
      },
      "properties": {
        "name": "Visakhapatnam Ward 2",
        "population": 3280,
        "density_per_sq_km": 1438.1,
        "city": "Visakhapatnam",
        "district": "Visakhapatnam",
        "income_index": 0.55,
        "value": 0.239
      }
    },
    {
      "type": "Feature",
      "geometry": {
        "type": "Point",
        "coordinates": [
          83.17778,
          17.73174
        ]
      },
      "properties": {
        "name": "Visakhapatnam Ward 3",
        "population": 8155,
        "density_per_sq_km": 2623.2,
        "city": "Visakhapatnam",
        "district": "Visakhapatnam",
        "income_index": 0.67,
        "value": 0.407
      }
    },
    {
      "type": "Feature",
      "geometry": {
        "type": "Point",
        "coordinates": [
          83.25274,
          17.68543
        ]
      },
      "properties": {
        "name": "Visakhapatnam Ward 4",
        "population": 9109,
        "density_per_sq_km": 3763.6,
        "city": "Visakhapatnam",
        "district": "Visakhapatnam",
        "income_index": 0.75,
        "value": 0.682
      }
    },
    {
      "type": "Feature",
      "geometry": {
        "type": "Point",
        "coordinates": [
          83.19814,
          17.78544
        ]
      },
      "properties": {
        "name": "Visakhapatnam Ward 5",
        "population": 4285,
        "density_per_sq_km": 1267.0,
        "city": "Visakhapatnam",
        "district": "Visakhapatnam",
        "income_index": 0.55,
        "value": 0.225
      }
    },
    {
      "type": "Feature",
      "geometry": {
        "type": "Point",
        "coordinates": [
          83.25701,
          17.73635
        ]
      },
      "properties": {
        "name": "Visakhapatnam Ward 6",
        "population": 11035,
        "density_per_sq_km": 2998.2,
        "city": "Visakhapatnam",
        "district": "Visakhapatnam",
        "income_index": 0.67,
        "value": 0.492
      }
    },
    {
      "type": "Feature",
      "geometry": {
        "type": "Point",
        "coordinates": [
          83.24377,
          17.70152
        ]
      },
      "properties": {
        "name": "Visakhapatnam Ward 7",
        "population": 15917,
        "density_per_sq_km": 3776.4,
        "city": "Visakhapatnam",
        "district": "Visakhapatnam",
        "income_index": 0.77,
        "value": 0.643
      }
    },
    {
      "type": "Feature",
      "geometry": {
        "type": "Point",
        "coordinates": [
          83.20962,
          17.7138
        ]
      },
      "properties": {
        "name": "Visakhapatnam Ward 8",
        "population": 10778,
        "density_per_sq_km": 3906.4,
        "city": "Visakhapatnam",
        "district": "Visakhapatnam",
        "income_index": 0.77,
        "value": 0.709
      }
    },
    {
      "type": "Feature",
      "geometry": {
        "type": "Point",
        "coordinates": [
          83.18712,
          17.58862
        ]
      },
      "properties": {
        "name": "Visakhapatnam Ward 9",
        "population": 3101,
        "density_per_sq_km": 1297.9,
        "city": "Visakhapatnam",
        "district": "Visakhapatnam",
        "income_index": 0.55,
        "value": 0.223
      }
    },
    {
      "type": "Feature",
      "geometry": {
        "type": "Point",
        "coordinates": [
          83.22087,
          17.66609
        ]
      },
      "properties": {
        "name": "Visakhapatnam Ward 10",
        "population": 17802,
        "density_per_sq_km": 3808.9,
        "city": "Visakhapatnam",
        "district": "Visakhapatnam",
        "income_index": 0.79,
        "value": 0.781
      }
    },
    {
      "type": "Feature",
      "geometry": {
        "type": "Point",
        "coordinates": [
          83.24639,
          17.70435
        ]
      },
      "properties": {
        "name": "Visakhapatnam Ward 11",
        "population": 10680,
        "density_per_sq_km": 3481.9,
        "city": "Visakhapatnam",
        "district": "Visakhapatnam",
        "income_index": 0.76,
        "value": 0.681
      }
    },
    {
      "type": "Feature",
      "geometry": {
        "type": "Point",
        "coordinates": [
          83.13354,
          17.67243
        ]
      },
      "properties": {
        "name": "Visakhapatnam Ward 12",
        "population": 5696,
        "density_per_sq_km": 1858.5,
        "city": "Visakhapatnam",
        "district": "Visakhapatnam",
        "income_index": 0.61,
        "value": 0.291
      }
    },
    {
      "type": "Feature",
      "geometry": {
        "type": "Point",
        "coordinates": [
          83.24056,
          17.75198
        ]
      },
      "properties": {
        "name": "Visakhapatnam Ward 13",
        "population": 9894,
        "density_per_sq_km": 2209.2,
        "city": "Visakhapatnam",
        "district": "Visakhapatnam",
        "income_index": 0.65,
        "value": 0.397
      }
    },
    {
      "type": "Feature",
      "geometry": {
        "type": "Point",
        "coordinates": [
          83.2412,
          17.64258
        ]
      },
      "properties": {
        "name": "Visakhapatnam Ward 14",
        "population": 11669,
        "density_per_sq_km": 3438.5,
        "city": "Visakhapatnam",
        "district": "Visakhapatnam",
        "income_index": 0.7,
        "value": 0.492
      }
    },
    {
      "type": "Feature",
      "geometry": {
        "type": "Point",
        "coordinates": [
          76.9558,
          11.0168
        ]
      },
      "properties": {
        "name": "Coimbatore Central Core",
        "population": 276000,
        "density_per_sq_km": 5750.0,
        "city": "Coimbatore",
        "district": "Coimbatore",
        "income_index": 0.85,
        "value": 0.85
      }
    },
    {
      "type": "Feature",
      "geometry": {
        "type": "Point",
        "coordinates": [
          76.99969,
          11.04019
        ]
      },
      "properties": {
        "name": "Coimbatore Ward 1",
        "population": 7808,
        "density_per_sq_km": 3624.1,
        "city": "Coimbatore",
        "district": "Coimbatore",
        "income_index": 0.7,
        "value": 0.511
      }
    },
    {
      "type": "Feature",
      "geometry": {
        "type": "Point",
        "coordinates": [
          76.99394,
          10.96696
        ]
      },
      "properties": {
        "name": "Coimbatore Ward 2",
        "population": 9471,
        "density_per_sq_km": 2253.0,
        "city": "Coimbatore",
        "district": "Coimbatore",
        "income_index": 0.67,
        "value": 0.465
      }
    },
    {
      "type": "Feature",
      "geometry": {
        "type": "Point",
        "coordinates": [
          77.0499,
          11.05685
        ]
      },
      "properties": {
        "name": "Coimbatore Ward 3",
        "population": 3799,
        "density_per_sq_km": 1247.5,
        "city": "Coimbatore",
        "district": "Coimbatore",
        "income_index": 0.55,
        "value": 0.179
      }
    },
    {
      "type": "Feature",
      "geometry": {
        "type": "Point",
        "coordinates": [
          76.96557,
          10.97383
        ]
      },
      "properties": {
        "name": "Coimbatore Ward 4",
        "population": 9418,
        "density_per_sq_km": 2779.8,
        "city": "Coimbatore",
        "district": "Coimbatore",
        "income_index": 0.72,
        "value": 0.613
      }
    },
    {
      "type": "Feature",
      "geometry": {
        "type": "Point",
        "coordinates": [
          76.92937,
          11.002
        ]
      },
      "properties": {
        "name": "Coimbatore Ward 5",
        "population": 11421,
        "density_per_sq_km": 3959.3,
        "city": "Coimbatore",
        "district": "Coimbatore",
        "income_index": 0.76,
        "value": 0.737
      }
    },
    {
      "type": "Feature",
      "geometry": {
        "type": "Point",
        "coordinates": [
          76.91928,
          10.96009
        ]
      },
      "properties": {
        "name": "Coimbatore Ward 6",
        "population": 9685,
        "density_per_sq_km": 2838.4,
        "city": "Coimbatore",
        "district": "Coimbatore",
        "income_index": 0.65,
        "value": 0.415
      }
    },
    {
      "type": "Feature",
      "geometry": {
        "type": "Point",
        "coordinates": [
          76.93371,
          10.92125
        ]
      },
      "properties": {
        "name": "Coimbatore Ward 7",
        "population": 4363,
        "density_per_sq_km": 1584.7,
        "city": "Coimbatore",
        "district": "Coimbatore",
        "income_index": 0.56,
        "value": 0.23
      }
    },
    {
      "type": "Feature",
      "geometry": {
        "type": "Point",
        "coordinates": [
          77.00593,
          11.10772
        ]
      },
      "properties": {
        "name": "Coimbatore Ward 8",
        "population": 4246,
        "density_per_sq_km": 1176.0,
        "city": "Coimbatore",
        "district": "Coimbatore",
        "income_index": 0.54,
        "value": 0.264
      }
    },
    {
      "type": "Feature",
      "geometry": {
        "type": "Point",
        "coordinates": [
          76.88097,
          11.0409
        ]
      },
      "properties": {
        "name": "Coimbatore Ward 9",
        "population": 7363,
        "density_per_sq_km": 1814.8,
        "city": "Coimbatore",
        "district": "Coimbatore",
        "income_index": 0.62,
        "value": 0.405
      }
    },
    {
      "type": "Feature",
      "geometry": {
        "type": "Point",
        "coordinates": [
          77.06614,
          11.07382
        ]
      },
      "properties": {
        "name": "Coimbatore Ward 10",
        "population": 2453,
        "density_per_sq_km": 674.0,
        "city": "Coimbatore",
        "district": "Coimbatore",
        "income_index": 0.5,
        "value": 0.15
      }
    },
    {
      "type": "Feature",
      "geometry": {
        "type": "Point",
        "coordinates": [
          77.01435,
          10.9068
        ]
      },
      "properties": {
        "name": "Coimbatore Ward 11",
        "population": 1860,
        "density_per_sq_km": 719.3,
        "city": "Coimbatore",
        "district": "Coimbatore",
        "income_index": 0.5,
        "value": 0.15
      }
    },
    {
      "type": "Feature",
      "geometry": {
        "type": "Point",
        "coordinates": [
          76.91487,
          11.04026
        ]
      },
      "properties": {
        "name": "Coimbatore Ward 12",
        "population": 13035,
        "density_per_sq_km": 3821.9,
        "city": "Coimbatore",
        "district": "Coimbatore",
        "income_index": 0.71,
        "value": 0.488
      }
    },
    {
      "type": "Feature",
      "geometry": {
        "type": "Point",
        "coordinates": [
          76.99274,
          10.97403
        ]
      },
      "properties": {
        "name": "Coimbatore Ward 13",
        "population": 8483,
        "density_per_sq_km": 2663.5,
        "city": "Coimbatore",
        "district": "Coimbatore",
        "income_index": 0.68,
        "value": 0.491
      }
    },
    {
      "type": "Feature",
      "geometry": {
        "type": "Point",
        "coordinates": [
          76.89174,
          11.07848
        ]
      },
      "properties": {
        "name": "Coimbatore Ward 14",
        "population": 6000,
        "density_per_sq_km": 1756.7,
        "city": "Coimbatore",
        "district": "Coimbatore",
        "income_index": 0.59,
        "value": 0.283
      }
    },
    {
      "type": "Feature",
      "geometry": {
        "type": "Point",
        "coordinates": [
          76.2673,
          9.9312
        ]
      },
      "properties": {
        "name": "Kochi Central Core",
        "population": 288000,
        "density_per_sq_km": 6670.0,
        "city": "Kochi",
        "district": "Ernakulam",
        "income_index": 0.85,
        "value": 0.9
      }
    },
    {
      "type": "Feature",
      "geometry": {
        "type": "Point",
        "coordinates": [
          76.32412,
          9.97284
        ]
      },
      "properties": {
        "name": "Kochi Ward 1",
        "population": 9327,
        "density_per_sq_km": 3299.4,
        "city": "Kochi",
        "district": "Ernakulam",
        "income_index": 0.64,
        "value": 0.479
      }
    },
    {
      "type": "Feature",
      "geometry": {
        "type": "Point",
        "coordinates": [
          76.25491,
          9.90183
        ]
      },
      "properties": {
        "name": "Kochi Ward 2",
        "population": 11275,
        "density_per_sq_km": 4498.0,
        "city": "Kochi",
        "district": "Ernakulam",
        "income_index": 0.76,
        "value": 0.625
      }
    },
    {
      "type": "Feature",
      "geometry": {
        "type": "Point",
        "coordinates": [
          76.29703,
          9.88448
        ]
      },
      "properties": {
        "name": "Kochi Ward 3",
        "population": 9863,
        "density_per_sq_km": 3583.1,
        "city": "Kochi",
        "district": "Ernakulam",
        "income_index": 0.69,
        "value": 0.429
      }
    },
    {
      "type": "Feature",
      "geometry": {
        "type": "Point",
        "coordinates": [
          76.30395,
          9.92539
        ]
      },
      "properties": {
        "name": "Kochi Ward 4",
        "population": 13014,
        "density_per_sq_km": 4558.2,
        "city": "Kochi",
        "district": "Ernakulam",
        "income_index": 0.74,
        "value": 0.546
      }
    },
    {
      "type": "Feature",
      "geometry": {
        "type": "Point",
        "coordinates": [
          76.23368,
          9.97101
        ]
      },
      "properties": {
        "name": "Kochi Ward 5",
        "population": 8808,
        "density_per_sq_km": 3929.3,
        "city": "Kochi",
        "district": "Ernakulam",
        "income_index": 0.7,
        "value": 0.592
      }
    },
    {
      "type": "Feature",
      "geometry": {
        "type": "Point",
        "coordinates": [
          76.25615,
          9.94574
        ]
      },
      "properties": {
        "name": "Kochi Ward 6",
        "population": 17171,
        "density_per_sq_km": 4622.7,
        "city": "Kochi",
        "district": "Ernakulam",
        "income_index": 0.8,
        "value": 0.7
      }
    },
    {
      "type": "Feature",
      "geometry": {
        "type": "Point",
        "coordinates": [
          76.27152,
          9.85231
        ]
      },
      "properties": {
        "name": "Kochi Ward 7",
        "population": 5376,
        "density_per_sq_km": 2764.9,
        "city": "Kochi",
        "district": "Ernakulam",
        "income_index": 0.62,
        "value": 0.295
      }
    },
    {
      "type": "Feature",
      "geometry": {
        "type": "Point",
        "coordinates": [
          76.25762,
          9.98956
        ]
      },
      "properties": {
        "name": "Kochi Ward 8",
        "population": 11207,
        "density_per_sq_km": 2961.2,
        "city": "Kochi",
        "district": "Ernakulam",
        "income_index": 0.67,
        "value": 0.465
      }
    },
    {
      "type": "Feature",
      "geometry": {
        "type": "Point",
        "coordinates": [
          76.23451,
          9.90633
        ]
      },
      "properties": {
        "name": "Kochi Ward 9",
        "population": 9796,
        "density_per_sq_km": 4575.1,
        "city": "Kochi",
        "district": "Ernakulam",
        "income_index": 0.73,
        "value": 0.632
      }
    },
    {
      "type": "Feature",
      "geometry": {
        "type": "Point",
        "coordinates": [
          76.16797,
          9.93704
        ]
      },
      "properties": {
        "name": "Kochi Ward 10",
        "population": 5460,
        "density_per_sq_km": 1602.7,
        "city": "Kochi",
        "district": "Ernakulam",
        "income_index": 0.56,
        "value": 0.179
      }
    },
    {
      "type": "Feature",
      "geometry": {
        "type": "Point",
        "coordinates": [
          76.32717,
          9.90737
        ]
      },
      "properties": {
        "name": "Kochi Ward 11",
        "population": 7040,
        "density_per_sq_km": 3501.2,
        "city": "Kochi",
        "district": "Ernakulam",
        "income_index": 0.66,
        "value": 0.511
      }
    },
    {
      "type": "Feature",
      "geometry": {
        "type": "Point",
        "coordinates": [
          76.27487,
          9.97172
        ]
      },
      "properties": {
        "name": "Kochi Ward 12",
        "population": 13900,
        "density_per_sq_km": 4575.3,
        "city": "Kochi",
        "district": "Ernakulam",
        "income_index": 0.73,
        "value": 0.551
      }
    },
    {
      "type": "Feature",
      "geometry": {
        "type": "Point",
        "coordinates": [
          76.29637,
          9.82917
        ]
      },
      "properties": {
        "name": "Kochi Ward 13",
        "population": 4048,
        "density_per_sq_km": 1138.3,
        "city": "Kochi",
        "district": "Ernakulam",
        "income_index": 0.54,
        "value": 0.235
      }
    },
    {
      "type": "Feature",
      "geometry": {
        "type": "Point",
        "coordinates": [
          76.26489,
          9.8576
        ]
      },
      "properties": {
        "name": "Kochi Ward 14",
        "population": 6001,
        "density_per_sq_km": 2143.8,
        "city": "Kochi",
        "district": "Ernakulam",
        "income_index": 0.63,
        "value": 0.366
      }
    },
    {
      "type": "Feature",
      "geometry": {
        "type": "Point",
        "coordinates": [
          91.7362,
          26.1445
        ]
      },
      "properties": {
        "name": "Guwahati Central Core",
        "population": 168000,
        "density_per_sq_km": 4830.0,
        "city": "Guwahati",
        "district": "Kamrup Metropolitan",
        "income_index": 0.65,
        "value": 0.92
      }
    },
    {
      "type": "Feature",
      "geometry": {
        "type": "Point",
        "coordinates": [
          91.82824,
          26.18492
        ]
      },
      "properties": {
        "name": "Guwahati Ward 1",
        "population": 2784,
        "density_per_sq_km": 1068.6,
        "city": "Guwahati",
        "district": "Kamrup Metropolitan",
        "income_index": 0.56,
        "value": 0.176
      }
    },
    {
      "type": "Feature",
      "geometry": {
        "type": "Point",
        "coordinates": [
          91.68232,
          26.20645
        ]
      },
      "properties": {
        "name": "Guwahati Ward 2",
        "population": 4091,
        "density_per_sq_km": 1446.7,
        "city": "Guwahati",
        "district": "Kamrup Metropolitan",
        "income_index": 0.6,
        "value": 0.302
      }
    },
    {
      "type": "Feature",
      "geometry": {
        "type": "Point",
        "coordinates": [
          91.79716,
          26.17784
        ]
      },
      "properties": {
        "name": "Guwahati Ward 3",
        "population": 6101,
        "density_per_sq_km": 2361.2,
        "city": "Guwahati",
        "district": "Kamrup Metropolitan",
        "income_index": 0.65,
        "value": 0.442
      }
    },
    {
      "type": "Feature",
      "geometry": {
        "type": "Point",
        "coordinates": [
          91.69175,
          26.12501
        ]
      },
      "properties": {
        "name": "Guwahati Ward 4",
        "population": 6021,
        "density_per_sq_km": 2198.9,
        "city": "Guwahati",
        "district": "Kamrup Metropolitan",
        "income_index": 0.71,
        "value": 0.596
      }
    },
    {
      "type": "Feature",
      "geometry": {
        "type": "Point",
        "coordinates": [
          91.72073,
          26.14604
        ]
      },
      "properties": {
        "name": "Guwahati Ward 5",
        "population": 10763,
        "density_per_sq_km": 3954.9,
        "city": "Guwahati",
        "district": "Kamrup Metropolitan",
        "income_index": 0.81,
        "value": 0.772
      }
    },
    {
      "type": "Feature",
      "geometry": {
        "type": "Point",
        "coordinates": [
          91.73876,
          26.18767
        ]
      },
      "properties": {
        "name": "Guwahati Ward 6",
        "population": 7563,
        "density_per_sq_km": 2545.5,
        "city": "Guwahati",
        "district": "Kamrup Metropolitan",
        "income_index": 0.71,
        "value": 0.633
      }
    },
    {
      "type": "Feature",
      "geometry": {
        "type": "Point",
        "coordinates": [
          91.68909,
          26.11073
        ]
      },
      "properties": {
        "name": "Guwahati Ward 7",
        "population": 5200,
        "density_per_sq_km": 2252.8,
        "city": "Guwahati",
        "district": "Kamrup Metropolitan",
        "income_index": 0.68,
        "value": 0.446
      }
    },
    {
      "type": "Feature",
      "geometry": {
        "type": "Point",
        "coordinates": [
          91.75291,
          26.07385
        ]
      },
      "properties": {
        "name": "Guwahati Ward 8",
        "population": 4963,
        "density_per_sq_km": 1721.0,
        "city": "Guwahati",
        "district": "Kamrup Metropolitan",
        "income_index": 0.62,
        "value": 0.3
      }
    },
    {
      "type": "Feature",
      "geometry": {
        "type": "Point",
        "coordinates": [
          91.73048,
          26.07368
        ]
      },
      "properties": {
        "name": "Guwahati Ward 9",
        "population": 5123,
        "density_per_sq_km": 1743.3,
        "city": "Guwahati",
        "district": "Kamrup Metropolitan",
        "income_index": 0.62,
        "value": 0.395
      }
    },
    {
      "type": "Feature",
      "geometry": {
        "type": "Point",
        "coordinates": [
          91.7035,
          26.10858
        ]
      },
      "properties": {
        "name": "Guwahati Ward 10",
        "population": 4808,
        "density_per_sq_km": 2192.1,
        "city": "Guwahati",
        "district": "Kamrup Metropolitan",
        "income_index": 0.7,
        "value": 0.616
      }
    },
    {
      "type": "Feature",
      "geometry": {
        "type": "Point",
        "coordinates": [
          91.65801,
          26.08687
        ]
      },
      "properties": {
        "name": "Guwahati Ward 11",
        "population": 2368,
        "density_per_sq_km": 1274.9,
        "city": "Guwahati",
        "district": "Kamrup Metropolitan",
        "income_index": 0.56,
        "value": 0.301
      }
    },
    {
      "type": "Feature",
      "geometry": {
        "type": "Point",
        "coordinates": [
          91.77334,
          26.13395
        ]
      },
      "properties": {
        "name": "Guwahati Ward 12",
        "population": 8156,
        "density_per_sq_km": 3520.6,
        "city": "Guwahati",
        "district": "Kamrup Metropolitan",
        "income_index": 0.74,
        "value": 0.663
      }
    },
    {
      "type": "Feature",
      "geometry": {
        "type": "Point",
        "coordinates": [
          91.66648,
          26.16587
        ]
      },
      "properties": {
        "name": "Guwahati Ward 13",
        "population": 5089,
        "density_per_sq_km": 2142.3,
        "city": "Guwahati",
        "district": "Kamrup Metropolitan",
        "income_index": 0.64,
        "value": 0.44
      }
    },
    {
      "type": "Feature",
      "geometry": {
        "type": "Point",
        "coordinates": [
          91.6242,
          26.07654
        ]
      },
      "properties": {
        "name": "Guwahati Ward 14",
        "population": 1014,
        "density_per_sq_km": 487.6,
        "city": "Guwahati",
        "district": "Kamrup Metropolitan",
        "income_index": 0.5,
        "value": 0.15
      }
    },
    {
      "type": "Feature",
      "geometry": {
        "type": "Point",
        "coordinates": [
          82.9739,
          25.3176
        ]
      },
      "properties": {
        "name": "Varanasi Central Core",
        "population": 216000,
        "density_per_sq_km": 6900.0,
        "city": "Varanasi",
        "district": "Varanasi",
        "income_index": 0.65,
        "value": 0.85
      }
    },
    {
      "type": "Feature",
      "geometry": {
        "type": "Point",
        "coordinates": [
          82.90547,
          25.30092
        ]
      },
      "properties": {
        "name": "Varanasi Ward 1",
        "population": 5101,
        "density_per_sq_km": 3219.8,
        "city": "Varanasi",
        "district": "Varanasi",
        "income_index": 0.65,
        "value": 0.374
      }
    },
    {
      "type": "Feature",
      "geometry": {
        "type": "Point",
        "coordinates": [
          82.95428,
          25.23741
        ]
      },
      "properties": {
        "name": "Varanasi Ward 2",
        "population": 5416,
        "density_per_sq_km": 2236.9,
        "city": "Varanasi",
        "district": "Varanasi",
        "income_index": 0.59,
        "value": 0.298
      }
    },
    {
      "type": "Feature",
      "geometry": {
        "type": "Point",
        "coordinates": [
          82.89329,
          25.3674
        ]
      },
      "properties": {
        "name": "Varanasi Ward 3",
        "population": 4597,
        "density_per_sq_km": 1571.8,
        "city": "Varanasi",
        "district": "Varanasi",
        "income_index": 0.57,
        "value": 0.191
      }
    },
    {
      "type": "Feature",
      "geometry": {
        "type": "Point",
        "coordinates": [
          83.00869,
          25.34791
        ]
      },
      "properties": {
        "name": "Varanasi Ward 4",
        "population": 9687,
        "density_per_sq_km": 4334.7,
        "city": "Varanasi",
        "district": "Varanasi",
        "income_index": 0.71,
        "value": 0.505
      }
    },
    {
      "type": "Feature",
      "geometry": {
        "type": "Point",
        "coordinates": [
          82.92514,
          25.29676
        ]
      },
      "properties": {
        "name": "Varanasi Ward 5",
        "population": 5915,
        "density_per_sq_km": 3467.7,
        "city": "Varanasi",
        "district": "Varanasi",
        "income_index": 0.7,
        "value": 0.561
      }
    },
    {
      "type": "Feature",
      "geometry": {
        "type": "Point",
        "coordinates": [
          83.05931,
          25.28865
        ]
      },
      "properties": {
        "name": "Varanasi Ward 6",
        "population": 3942,
        "density_per_sq_km": 1878.5,
        "city": "Varanasi",
        "district": "Varanasi",
        "income_index": 0.59,
        "value": 0.261
      }
    },
    {
      "type": "Feature",
      "geometry": {
        "type": "Point",
        "coordinates": [
          82.92308,
          25.35151
        ]
      },
      "properties": {
        "name": "Varanasi Ward 7",
        "population": 8339,
        "density_per_sq_km": 3393.5,
        "city": "Varanasi",
        "district": "Varanasi",
        "income_index": 0.67,
        "value": 0.536
      }
    },
    {
      "type": "Feature",
      "geometry": {
        "type": "Point",
        "coordinates": [
          83.01917,
          25.40287
        ]
      },
      "properties": {
        "name": "Varanasi Ward 8",
        "population": 3152,
        "density_per_sq_km": 1721.2,
        "city": "Varanasi",
        "district": "Varanasi",
        "income_index": 0.55,
        "value": 0.194
      }
    },
    {
      "type": "Feature",
      "geometry": {
        "type": "Point",
        "coordinates": [
          78.0081,
          27.1767
        ]
      },
      "properties": {
        "name": "Agra Central Core",
        "population": 264000,
        "density_per_sq_km": 6555.0,
        "city": "Agra",
        "district": "Agra",
        "income_index": 0.65,
        "value": 0.89
      }
    },
    {
      "type": "Feature",
      "geometry": {
        "type": "Point",
        "coordinates": [
          78.04177,
          27.26147
        ]
      },
      "properties": {
        "name": "Agra Ward 1",
        "population": 3505,
        "density_per_sq_km": 1440.6,
        "city": "Agra",
        "district": "Agra",
        "income_index": 0.56,
        "value": 0.23
      }
    },
    {
      "type": "Feature",
      "geometry": {
        "type": "Point",
        "coordinates": [
          77.96198,
          27.08865
        ]
      },
      "properties": {
        "name": "Agra Ward 2",
        "population": 3453,
        "density_per_sq_km": 1213.9,
        "city": "Agra",
        "district": "Agra",
        "income_index": 0.54,
        "value": 0.23
      }
    },
    {
      "type": "Feature",
      "geometry": {
        "type": "Point",
        "coordinates": [
          77.94374,
          27.18723
        ]
      },
      "properties": {
        "name": "Agra Ward 3",
        "population": 8912,
        "density_per_sq_km": 2672.2,
        "city": "Agra",
        "district": "Agra",
        "income_index": 0.67,
        "value": 0.479
      }
    },
    {
      "type": "Feature",
      "geometry": {
        "type": "Point",
        "coordinates": [
          78.00959,
          27.22139
        ]
      },
      "properties": {
        "name": "Agra Ward 4",
        "population": 11424,
        "density_per_sq_km": 3191.6,
        "city": "Agra",
        "district": "Agra",
        "income_index": 0.71,
        "value": 0.591
      }
    },
    {
      "type": "Feature",
      "geometry": {
        "type": "Point",
        "coordinates": [
          78.01399,
          27.09687
        ]
      },
      "properties": {
        "name": "Agra Ward 5",
        "population": 4306,
        "density_per_sq_km": 2180.1,
        "city": "Agra",
        "district": "Agra",
        "income_index": 0.6,
        "value": 0.332
      }
    },
    {
      "type": "Feature",
      "geometry": {
        "type": "Point",
        "coordinates": [
          78.07764,
          27.08761
        ]
      },
      "properties": {
        "name": "Agra Ward 6",
        "population": 2012,
        "density_per_sq_km": 650.7,
        "city": "Agra",
        "district": "Agra",
        "income_index": 0.51,
        "value": 0.15
      }
    },
    {
      "type": "Feature",
      "geometry": {
        "type": "Point",
        "coordinates": [
          78.02074,
          27.16572
        ]
      },
      "properties": {
        "name": "Agra Ward 7",
        "population": 12111,
        "density_per_sq_km": 5654.9,
        "city": "Agra",
        "district": "Agra",
        "income_index": 0.8,
        "value": 0.695
      }
    },
    {
      "type": "Feature",
      "geometry": {
        "type": "Point",
        "coordinates": [
          77.93945,
          27.14642
        ]
      },
      "properties": {
        "name": "Agra Ward 8",
        "population": 6061,
        "density_per_sq_km": 2822.2,
        "city": "Agra",
        "district": "Agra",
        "income_index": 0.63,
        "value": 0.366
      }
    },
    {
      "type": "Feature",
      "geometry": {
        "type": "Point",
        "coordinates": [
          75.8573,
          30.901
        ]
      },
      "properties": {
        "name": "Ludhiana Central Core",
        "population": 240000,
        "density_per_sq_km": 6785.0,
        "city": "Ludhiana",
        "district": "Ludhiana",
        "income_index": 0.85,
        "value": 0.87
      }
    },
    {
      "type": "Feature",
      "geometry": {
        "type": "Point",
        "coordinates": [
          75.91166,
          30.84905
        ]
      },
      "properties": {
        "name": "Ludhiana Ward 1",
        "population": 5479,
        "density_per_sq_km": 3221.2,
        "city": "Ludhiana",
        "district": "Ludhiana",
        "income_index": 0.64,
        "value": 0.379
      }
    },
    {
      "type": "Feature",
      "geometry": {
        "type": "Point",
        "coordinates": [
          75.94974,
          30.88019
        ]
      },
      "properties": {
        "name": "Ludhiana Ward 2",
        "population": 5807,
        "density_per_sq_km": 2169.3,
        "city": "Ludhiana",
        "district": "Ludhiana",
        "income_index": 0.61,
        "value": 0.396
      }
    },
    {
      "type": "Feature",
      "geometry": {
        "type": "Point",
        "coordinates": [
          75.85556,
          30.95351
        ]
      },
      "properties": {
        "name": "Ludhiana Ward 3",
        "population": 10520,
        "density_per_sq_km": 3403.6,
        "city": "Ludhiana",
        "district": "Ludhiana",
        "income_index": 0.69,
        "value": 0.47
      }
    },
    {
      "type": "Feature",
      "geometry": {
        "type": "Point",
        "coordinates": [
          75.81771,
          31.00142
        ]
      },
      "properties": {
        "name": "Ludhiana Ward 4",
        "population": 2851,
        "density_per_sq_km": 1133.6,
        "city": "Ludhiana",
        "district": "Ludhiana",
        "income_index": 0.54,
        "value": 0.22
      }
    },
    {
      "type": "Feature",
      "geometry": {
        "type": "Point",
        "coordinates": [
          75.92798,
          30.9571
        ]
      },
      "properties": {
        "name": "Ludhiana Ward 5",
        "population": 5719,
        "density_per_sq_km": 1989.4,
        "city": "Ludhiana",
        "district": "Ludhiana",
        "income_index": 0.61,
        "value": 0.309
      }
    },
    {
      "type": "Feature",
      "geometry": {
        "type": "Point",
        "coordinates": [
          75.83634,
          30.88803
        ]
      },
      "properties": {
        "name": "Ludhiana Ward 6",
        "population": 14221,
        "density_per_sq_km": 4450.2,
        "city": "Ludhiana",
        "district": "Ludhiana",
        "income_index": 0.78,
        "value": 0.716
      }
    },
    {
      "type": "Feature",
      "geometry": {
        "type": "Point",
        "coordinates": [
          75.90203,
          31.0228
        ]
      },
      "properties": {
        "name": "Ludhiana Ward 7",
        "population": 1835,
        "density_per_sq_km": 751.5,
        "city": "Ludhiana",
        "district": "Ludhiana",
        "income_index": 0.5,
        "value": 0.15
      }
    },
    {
      "type": "Feature",
      "geometry": {
        "type": "Point",
        "coordinates": [
          75.79519,
          30.8798
        ]
      },
      "properties": {
        "name": "Ludhiana Ward 8",
        "population": 7506,
        "density_per_sq_km": 3460.0,
        "city": "Ludhiana",
        "district": "Ludhiana",
        "income_index": 0.68,
        "value": 0.485
      }
    },
    {
      "type": "Feature",
      "geometry": {
        "type": "Point",
        "coordinates": [
          75.93274,
          30.94612
        ]
      },
      "properties": {
        "name": "Ludhiana Ward 9",
        "population": 6259,
        "density_per_sq_km": 2259.6,
        "city": "Ludhiana",
        "district": "Ludhiana",
        "income_index": 0.62,
        "value": 0.38
      }
    },
    {
      "type": "Feature",
      "geometry": {
        "type": "Point",
        "coordinates": [
          75.81017,
          30.87621
        ]
      },
      "properties": {
        "name": "Ludhiana Ward 10",
        "population": 9634,
        "density_per_sq_km": 3273.4,
        "city": "Ludhiana",
        "district": "Ludhiana",
        "income_index": 0.71,
        "value": 0.605
      }
    },
    {
      "type": "Feature",
      "geometry": {
        "type": "Point",
        "coordinates": [
          75.91521,
          30.96513
        ]
      },
      "properties": {
        "name": "Ludhiana Ward 11",
        "population": 4373,
        "density_per_sq_km": 1994.0,
        "city": "Ludhiana",
        "district": "Ludhiana",
        "income_index": 0.61,
        "value": 0.277
      }
    },
    {
      "type": "Feature",
      "geometry": {
        "type": "Point",
        "coordinates": [
          75.90351,
          30.91426
        ]
      },
      "properties": {
        "name": "Ludhiana Ward 12",
        "population": 8359,
        "density_per_sq_km": 4112.5,
        "city": "Ludhiana",
        "district": "Ludhiana",
        "income_index": 0.73,
        "value": 0.539
      }
    },
    {
      "type": "Feature",
      "geometry": {
        "type": "Point",
        "coordinates": [
          75.80231,
          30.88679
        ]
      },
      "properties": {
        "name": "Ludhiana Ward 13",
        "population": 6553,
        "density_per_sq_km": 3743.0,
        "city": "Ludhiana",
        "district": "Ludhiana",
        "income_index": 0.7,
        "value": 0.493
      }
    },
    {
      "type": "Feature",
      "geometry": {
        "type": "Point",
        "coordinates": [
          75.83271,
          30.94822
        ]
      },
      "properties": {
        "name": "Ludhiana Ward 14",
        "population": 6186,
        "density_per_sq_km": 3892.0,
        "city": "Ludhiana",
        "district": "Ludhiana",
        "income_index": 0.7,
        "value": 0.59
      }
    },
    {
      "type": "Feature",
      "geometry": {
        "type": "Point",
        "coordinates": [
          74.8723,
          31.634
        ]
      },
      "properties": {
        "name": "Amritsar Central Core",
        "population": 168000,
        "density_per_sq_km": 5865.0,
        "city": "Amritsar",
        "district": "Amritsar",
        "income_index": 0.65,
        "value": 0.95
      }
    },
    {
      "type": "Feature",
      "geometry": {
        "type": "Point",
        "coordinates": [
          74.83876,
          31.61807
        ]
      },
      "properties": {
        "name": "Amritsar Ward 1",
        "population": 5409,
        "density_per_sq_km": 3693.3,
        "city": "Amritsar",
        "district": "Amritsar",
        "income_index": 0.74,
        "value": 0.648
      }
    },
    {
      "type": "Feature",
      "geometry": {
        "type": "Point",
        "coordinates": [
          74.90064,
          31.66665
        ]
      },
      "properties": {
        "name": "Amritsar Ward 2",
        "population": 5419,
        "density_per_sq_km": 3983.5,
        "city": "Amritsar",
        "district": "Amritsar",
        "income_index": 0.71,
        "value": 0.523
      }
    },
    {
      "type": "Feature",
      "geometry": {
        "type": "Point",
        "coordinates": [
          74.87964,
          31.60664
        ]
      },
      "properties": {
        "name": "Amritsar Ward 3",
        "population": 6066,
        "density_per_sq_km": 3163.7,
        "city": "Amritsar",
        "district": "Amritsar",
        "income_index": 0.75,
        "value": 0.613
      }
    },
    {
      "type": "Feature",
      "geometry": {
        "type": "Point",
        "coordinates": [
          74.82318,
          31.64805
        ]
      },
      "properties": {
        "name": "Amritsar Ward 4",
        "population": 6940,
        "density_per_sq_km": 2663.9,
        "city": "Amritsar",
        "district": "Amritsar",
        "income_index": 0.7,
        "value": 0.571
      }
    },
    {
      "type": "Feature",
      "geometry": {
        "type": "Point",
        "coordinates": [
          74.90012,
          31.71387
        ]
      },
      "properties": {
        "name": "Amritsar Ward 5",
        "population": 3093,
        "density_per_sq_km": 1278.2,
        "city": "Amritsar",
        "district": "Amritsar",
        "income_index": 0.57,
        "value": 0.223
      }
    },
    {
      "type": "Feature",
      "geometry": {
        "type": "Point",
        "coordinates": [
          74.90056,
          31.5757
        ]
      },
      "properties": {
        "name": "Amritsar Ward 6",
        "population": 5500,
        "density_per_sq_km": 1970.3,
        "city": "Amritsar",
        "district": "Amritsar",
        "income_index": 0.63,
        "value": 0.443
      }
    },
    {
      "type": "Feature",
      "geometry": {
        "type": "Point",
        "coordinates": [
          74.9249,
          31.6541
        ]
      },
      "properties": {
        "name": "Amritsar Ward 7",
        "population": 7196,
        "density_per_sq_km": 2692.1,
        "city": "Amritsar",
        "district": "Amritsar",
        "income_index": 0.68,
        "value": 0.475
      }
    },
    {
      "type": "Feature",
      "geometry": {
        "type": "Point",
        "coordinates": [
          74.7986,
          31.68
        ]
      },
      "properties": {
        "name": "Amritsar Ward 8",
        "population": 3569,
        "density_per_sq_km": 1915.2,
        "city": "Amritsar",
        "district": "Amritsar",
        "income_index": 0.58,
        "value": 0.223
      }
    },
    {
      "type": "Feature",
      "geometry": {
        "type": "Point",
        "coordinates": [
          73.7898,
          19.9975
        ]
      },
      "properties": {
        "name": "Nashik Central Core",
        "population": 240000,
        "density_per_sq_km": 5750.0,
        "city": "Nashik",
        "district": "Nashik",
        "income_index": 0.65,
        "value": 0.93
      }
    },
    {
      "type": "Feature",
      "geometry": {
        "type": "Point",
        "coordinates": [
          73.82942,
          20.09393
        ]
      },
      "properties": {
        "name": "Nashik Ward 1",
        "population": 2034,
        "density_per_sq_km": 871.7,
        "city": "Nashik",
        "district": "Nashik",
        "income_index": 0.52,
        "value": 0.168
      }
    },
    {
      "type": "Feature",
      "geometry": {
        "type": "Point",
        "coordinates": [
          73.71694,
          20.02083
        ]
      },
      "properties": {
        "name": "Nashik Ward 2",
        "population": 4883,
        "density_per_sq_km": 2030.1,
        "city": "Nashik",
        "district": "Nashik",
        "income_index": 0.62,
        "value": 0.34
      }
    },
    {
      "type": "Feature",
      "geometry": {
        "type": "Point",
        "coordinates": [
          73.80376,
          20.06915
        ]
      },
      "properties": {
        "name": "Nashik Ward 3",
        "population": 7059,
        "density_per_sq_km": 2512.5,
        "city": "Nashik",
        "district": "Nashik",
        "income_index": 0.62,
        "value": 0.3
      }
    },
    {
      "type": "Feature",
      "geometry": {
        "type": "Point",
        "coordinates": [
          73.77382,
          20.02497
        ]
      },
      "properties": {
        "name": "Nashik Ward 4",
        "population": 9991,
        "density_per_sq_km": 3076.3,
        "city": "Nashik",
        "district": "Nashik",
        "income_index": 0.75,
        "value": 0.601
      }
    },
    {
      "type": "Feature",
      "geometry": {
        "type": "Point",
        "coordinates": [
          73.86277,
          19.96822
        ]
      },
      "properties": {
        "name": "Nashik Ward 5",
        "population": 6305,
        "density_per_sq_km": 2262.8,
        "city": "Nashik",
        "district": "Nashik",
        "income_index": 0.61,
        "value": 0.36
      }
    },
    {
      "type": "Feature",
      "geometry": {
        "type": "Point",
        "coordinates": [
          73.74245,
          19.89469
        ]
      },
      "properties": {
        "name": "Nashik Ward 6",
        "population": 1843,
        "density_per_sq_km": 561.2,
        "city": "Nashik",
        "district": "Nashik",
        "income_index": 0.5,
        "value": 0.15
      }
    },
    {
      "type": "Feature",
      "geometry": {
        "type": "Point",
        "coordinates": [
          73.76007,
          19.98854
        ]
      },
      "properties": {
        "name": "Nashik Ward 7",
        "population": 11736,
        "density_per_sq_km": 3451.1,
        "city": "Nashik",
        "district": "Nashik",
        "income_index": 0.76,
        "value": 0.628
      }
    },
    {
      "type": "Feature",
      "geometry": {
        "type": "Point",
        "coordinates": [
          73.74055,
          19.97439
        ]
      },
      "properties": {
        "name": "Nashik Ward 8",
        "population": 9858,
        "density_per_sq_km": 3018.3,
        "city": "Nashik",
        "district": "Nashik",
        "income_index": 0.69,
        "value": 0.579
      }
    },
    {
      "type": "Feature",
      "geometry": {
        "type": "Point",
        "coordinates": [
          73.81465,
          20.06293
        ]
      },
      "properties": {
        "name": "Nashik Ward 9",
        "population": 5055,
        "density_per_sq_km": 2559.1,
        "city": "Nashik",
        "district": "Nashik",
        "income_index": 0.63,
        "value": 0.438
      }
    },
    {
      "type": "Feature",
      "geometry": {
        "type": "Point",
        "coordinates": [
          73.76892,
          20.01579
        ]
      },
      "properties": {
        "name": "Nashik Ward 10",
        "population": 10969,
        "density_per_sq_km": 3528.5,
        "city": "Nashik",
        "district": "Nashik",
        "income_index": 0.76,
        "value": 0.744
      }
    },
    {
      "type": "Feature",
      "geometry": {
        "type": "Point",
        "coordinates": [
          73.80339,
          20.03651
        ]
      },
      "properties": {
        "name": "Nashik Ward 11",
        "population": 10216,
        "density_per_sq_km": 3242.2,
        "city": "Nashik",
        "district": "Nashik",
        "income_index": 0.72,
        "value": 0.531
      }
    },
    {
      "type": "Feature",
      "geometry": {
        "type": "Point",
        "coordinates": [
          73.81248,
          19.91642
        ]
      },
      "properties": {
        "name": "Nashik Ward 12",
        "population": 4555,
        "density_per_sq_km": 1915.7,
        "city": "Nashik",
        "district": "Nashik",
        "income_index": 0.58,
        "value": 0.277
      }
    },
    {
      "type": "Feature",
      "geometry": {
        "type": "Point",
        "coordinates": [
          73.83231,
          20.04074
        ]
      },
      "properties": {
        "name": "Nashik Ward 13",
        "population": 8119,
        "density_per_sq_km": 2242.4,
        "city": "Nashik",
        "district": "Nashik",
        "income_index": 0.66,
        "value": 0.439
      }
    },
    {
      "type": "Feature",
      "geometry": {
        "type": "Point",
        "coordinates": [
          73.78676,
          19.98988
        ]
      },
      "properties": {
        "name": "Nashik Ward 14",
        "population": 10034,
        "density_per_sq_km": 4872.2,
        "city": "Nashik",
        "district": "Nashik",
        "income_index": 0.82,
        "value": 0.814
      }
    },
    {
      "type": "Feature",
      "geometry": {
        "type": "Point",
        "coordinates": [
          73.0243,
          26.2389
        ]
      },
      "properties": {
        "name": "Jodhpur Central Core",
        "population": 198000,
        "density_per_sq_km": 5175.0,
        "city": "Jodhpur",
        "district": "Jodhpur",
        "income_index": 0.65,
        "value": 0.89
      }
    },
    {
      "type": "Feature",
      "geometry": {
        "type": "Point",
        "coordinates": [
          73.02213,
          26.20172
        ]
      },
      "properties": {
        "name": "Jodhpur Ward 1",
        "population": 8650,
        "density_per_sq_km": 3622.6,
        "city": "Jodhpur",
        "district": "Jodhpur",
        "income_index": 0.72,
        "value": 0.558
      }
    },
    {
      "type": "Feature",
      "geometry": {
        "type": "Point",
        "coordinates": [
          73.03861,
          26.27506
        ]
      },
      "properties": {
        "name": "Jodhpur Ward 2",
        "population": 7563,
        "density_per_sq_km": 3098.5,
        "city": "Jodhpur",
        "district": "Jodhpur",
        "income_index": 0.72,
        "value": 0.591
      }
    },
    {
      "type": "Feature",
      "geometry": {
        "type": "Point",
        "coordinates": [
          73.0366,
          26.17417
        ]
      },
      "properties": {
        "name": "Jodhpur Ward 3",
        "population": 5700,
        "density_per_sq_km": 1671.9,
        "city": "Jodhpur",
        "district": "Jodhpur",
        "income_index": 0.63,
        "value": 0.415
      }
    },
    {
      "type": "Feature",
      "geometry": {
        "type": "Point",
        "coordinates": [
          73.07453,
          26.24698
        ]
      },
      "properties": {
        "name": "Jodhpur Ward 4",
        "population": 8362,
        "density_per_sq_km": 3250.6,
        "city": "Jodhpur",
        "district": "Jodhpur",
        "income_index": 0.69,
        "value": 0.485
      }
    },
    {
      "type": "Feature",
      "geometry": {
        "type": "Point",
        "coordinates": [
          73.01368,
          26.17041
        ]
      },
      "properties": {
        "name": "Jodhpur Ward 5",
        "population": 3502,
        "density_per_sq_km": 1595.4,
        "city": "Jodhpur",
        "district": "Jodhpur",
        "income_index": 0.61,
        "value": 0.291
      }
    },
    {
      "type": "Feature",
      "geometry": {
        "type": "Point",
        "coordinates": [
          72.94713,
          26.22427
        ]
      },
      "properties": {
        "name": "Jodhpur Ward 6",
        "population": 3546,
        "density_per_sq_km": 1860.8,
        "city": "Jodhpur",
        "district": "Jodhpur",
        "income_index": 0.61,
        "value": 0.287
      }
    },
    {
      "type": "Feature",
      "geometry": {
        "type": "Point",
        "coordinates": [
          73.00128,
          26.28294
        ]
      },
      "properties": {
        "name": "Jodhpur Ward 7",
        "population": 6587,
        "density_per_sq_km": 2927.2,
        "city": "Jodhpur",
        "district": "Jodhpur",
        "income_index": 0.68,
        "value": 0.532
      }
    },
    {
      "type": "Feature",
      "geometry": {
        "type": "Point",
        "coordinates": [
          73.05913,
          26.27777
        ]
      },
      "properties": {
        "name": "Jodhpur Ward 8",
        "population": 8248,
        "density_per_sq_km": 2932.7,
        "city": "Jodhpur",
        "district": "Jodhpur",
        "income_index": 0.68,
        "value": 0.502
      }
    },
    {
      "type": "Feature",
      "geometry": {
        "type": "Point",
        "coordinates": [
          73.7125,
          24.5854
        ]
      },
      "properties": {
        "name": "Udaipur Central Core",
        "population": 84000,
        "density_per_sq_km": 3910.0,
        "city": "Udaipur",
        "district": "Udaipur",
        "income_index": 0.65,
        "value": 0.94
      }
    },
    {
      "type": "Feature",
      "geometry": {
        "type": "Point",
        "coordinates": [
          73.73297,
          24.52749
        ]
      },
      "properties": {
        "name": "Udaipur Ward 1",
        "population": 2701,
        "density_per_sq_km": 1269.6,
        "city": "Udaipur",
        "district": "Udaipur",
        "income_index": 0.62,
        "value": 0.372
      }
    },
    {
      "type": "Feature",
      "geometry": {
        "type": "Point",
        "coordinates": [
          73.70823,
          24.56528
        ]
      },
      "properties": {
        "name": "Udaipur Ward 2",
        "population": 4958,
        "density_per_sq_km": 3128.8,
        "city": "Udaipur",
        "district": "Udaipur",
        "income_index": 0.77,
        "value": 0.686
      }
    },
    {
      "type": "Feature",
      "geometry": {
        "type": "Point",
        "coordinates": [
          73.70759,
          24.50012
        ]
      },
      "properties": {
        "name": "Udaipur Ward 3",
        "population": 839,
        "density_per_sq_km": 736.8,
        "city": "Udaipur",
        "district": "Udaipur",
        "income_index": 0.53,
        "value": 0.215
      }
    },
    {
      "type": "Feature",
      "geometry": {
        "type": "Point",
        "coordinates": [
          73.74806,
          24.61639
        ]
      },
      "properties": {
        "name": "Udaipur Ward 4",
        "population": 3034,
        "density_per_sq_km": 2296.2,
        "city": "Udaipur",
        "district": "Udaipur",
        "income_index": 0.68,
        "value": 0.499
      }
    },
    {
      "type": "Feature",
      "geometry": {
        "type": "Point",
        "coordinates": [
          73.78287,
          24.51313
        ]
      },
      "properties": {
        "name": "Udaipur Ward 5",
        "population": 727,
        "density_per_sq_km": 450.8,
        "city": "Udaipur",
        "district": "Udaipur",
        "income_index": 0.5,
        "value": 0.15
      }
    },
    {
      "type": "Feature",
      "geometry": {
        "type": "Point",
        "coordinates": [
          73.68901,
          24.67716
        ]
      },
      "properties": {
        "name": "Udaipur Ward 6",
        "population": 612,
        "density_per_sq_km": 373.0,
        "city": "Udaipur",
        "district": "Udaipur",
        "income_index": 0.5,
        "value": 0.15
      }
    },
    {
      "type": "Feature",
      "geometry": {
        "type": "Point",
        "coordinates": [
          73.64187,
          24.56454
        ]
      },
      "properties": {
        "name": "Udaipur Ward 7",
        "population": 1627,
        "density_per_sq_km": 1379.0,
        "city": "Udaipur",
        "district": "Udaipur",
        "income_index": 0.6,
        "value": 0.377
      }
    },
    {
      "type": "Feature",
      "geometry": {
        "type": "Point",
        "coordinates": [
          73.61896,
          24.56462
        ]
      },
      "properties": {
        "name": "Udaipur Ward 8",
        "population": 1001,
        "density_per_sq_km": 568.8,
        "city": "Udaipur",
        "district": "Udaipur",
        "income_index": 0.53,
        "value": 0.181
      }
    },
    {
      "type": "Feature",
      "geometry": {
        "type": "Point",
        "coordinates": [
          81.6296,
          21.2514
        ]
      },
      "properties": {
        "name": "Raipur Central Core",
        "population": 192000,
        "density_per_sq_km": 5060.0,
        "city": "Raipur",
        "district": "Raipur",
        "income_index": 0.65,
        "value": 0.88
      }
    },
    {
      "type": "Feature",
      "geometry": {
        "type": "Point",
        "coordinates": [
          81.69326,
          21.21092
        ]
      },
      "properties": {
        "name": "Raipur Ward 1",
        "population": 6147,
        "density_per_sq_km": 2008.0,
        "city": "Raipur",
        "district": "Raipur",
        "income_index": 0.62,
        "value": 0.439
      }
    },
    {
      "type": "Feature",
      "geometry": {
        "type": "Point",
        "coordinates": [
          81.62767,
          21.17775
        ]
      },
      "properties": {
        "name": "Raipur Ward 2",
        "population": 4184,
        "density_per_sq_km": 1548.3,
        "city": "Raipur",
        "district": "Raipur",
        "income_index": 0.62,
        "value": 0.33
      }
    },
    {
      "type": "Feature",
      "geometry": {
        "type": "Point",
        "coordinates": [
          81.63804,
          21.18792
        ]
      },
      "properties": {
        "name": "Raipur Ward 3",
        "population": 6047,
        "density_per_sq_km": 2096.9,
        "city": "Raipur",
        "district": "Raipur",
        "income_index": 0.65,
        "value": 0.459
      }
    },
    {
      "type": "Feature",
      "geometry": {
        "type": "Point",
        "coordinates": [
          81.58856,
          21.27614
        ]
      },
      "properties": {
        "name": "Raipur Ward 4",
        "population": 8574,
        "density_per_sq_km": 3157.5,
        "city": "Raipur",
        "district": "Raipur",
        "income_index": 0.71,
        "value": 0.547
      }
    },
    {
      "type": "Feature",
      "geometry": {
        "type": "Point",
        "coordinates": [
          81.63546,
          21.28551
        ]
      },
      "properties": {
        "name": "Raipur Ward 5",
        "population": 8923,
        "density_per_sq_km": 2811.4,
        "city": "Raipur",
        "district": "Raipur",
        "income_index": 0.74,
        "value": 0.657
      }
    },
    {
      "type": "Feature",
      "geometry": {
        "type": "Point",
        "coordinates": [
          81.67106,
          21.27561
        ]
      },
      "properties": {
        "name": "Raipur Ward 6",
        "population": 6131,
        "density_per_sq_km": 3190.6,
        "city": "Raipur",
        "district": "Raipur",
        "income_index": 0.71,
        "value": 0.573
      }
    },
    {
      "type": "Feature",
      "geometry": {
        "type": "Point",
        "coordinates": [
          81.71101,
          21.22928
        ]
      },
      "properties": {
        "name": "Raipur Ward 7",
        "population": 3064,
        "density_per_sq_km": 1849.1,
        "city": "Raipur",
        "district": "Raipur",
        "income_index": 0.6,
        "value": 0.254
      }
    },
    {
      "type": "Feature",
      "geometry": {
        "type": "Point",
        "coordinates": [
          81.56812,
          21.30389
        ]
      },
      "properties": {
        "name": "Raipur Ward 8",
        "population": 5195,
        "density_per_sq_km": 1852.9,
        "city": "Raipur",
        "district": "Raipur",
        "income_index": 0.6,
        "value": 0.336
      }
    },
    {
      "type": "Feature",
      "geometry": {
        "type": "Point",
        "coordinates": [
          81.71739,
          21.25779
        ]
      },
      "properties": {
        "name": "Raipur Ward 9",
        "population": 4580,
        "density_per_sq_km": 1406.4,
        "city": "Raipur",
        "district": "Raipur",
        "income_index": 0.59,
        "value": 0.323
      }
    },
    {
      "type": "Feature",
      "geometry": {
        "type": "Point",
        "coordinates": [
          81.60479,
          21.29785
        ]
      },
      "properties": {
        "name": "Raipur Ward 10",
        "population": 8312,
        "density_per_sq_km": 3082.8,
        "city": "Raipur",
        "district": "Raipur",
        "income_index": 0.69,
        "value": 0.47
      }
    },
    {
      "type": "Feature",
      "geometry": {
        "type": "Point",
        "coordinates": [
          81.62429,
          21.23684
        ]
      },
      "properties": {
        "name": "Raipur Ward 11",
        "population": 8437,
        "density_per_sq_km": 4050.0,
        "city": "Raipur",
        "district": "Raipur",
        "income_index": 0.8,
        "value": 0.791
      }
    },
    {
      "type": "Feature",
      "geometry": {
        "type": "Point",
        "coordinates": [
          81.56159,
          21.31101
        ]
      },
      "properties": {
        "name": "Raipur Ward 12",
        "population": 4290,
        "density_per_sq_km": 1476.3,
        "city": "Raipur",
        "district": "Raipur",
        "income_index": 0.57,
        "value": 0.287
      }
    },
    {
      "type": "Feature",
      "geometry": {
        "type": "Point",
        "coordinates": [
          81.56284,
          21.2534
        ]
      },
      "properties": {
        "name": "Raipur Ward 13",
        "population": 6007,
        "density_per_sq_km": 2474.5,
        "city": "Raipur",
        "district": "Raipur",
        "income_index": 0.65,
        "value": 0.505
      }
    },
    {
      "type": "Feature",
      "geometry": {
        "type": "Point",
        "coordinates": [
          81.66821,
          21.24115
        ]
      },
      "properties": {
        "name": "Raipur Ward 14",
        "population": 8699,
        "density_per_sq_km": 2707.3,
        "city": "Raipur",
        "district": "Raipur",
        "income_index": 0.73,
        "value": 0.546
      }
    },
    {
      "type": "Feature",
      "geometry": {
        "type": "Point",
        "coordinates": [
          86.2029,
          22.8046
        ]
      },
      "properties": {
        "name": "Jamshedpur Central Core",
        "population": 198000,
        "density_per_sq_km": 5405.0,
        "city": "Jamshedpur",
        "district": "East Singhbhum",
        "income_index": 0.85,
        "value": 0.91
      }
    },
    {
      "type": "Feature",
      "geometry": {
        "type": "Point",
        "coordinates": [
          86.24123,
          22.76827
        ]
      },
      "properties": {
        "name": "Jamshedpur Ward 1",
        "population": 6763,
        "density_per_sq_km": 2271.6,
        "city": "Jamshedpur",
        "district": "East Singhbhum",
        "income_index": 0.68,
        "value": 0.496
      }
    },
    {
      "type": "Feature",
      "geometry": {
        "type": "Point",
        "coordinates": [
          86.25186,
          22.80318
        ]
      },
      "properties": {
        "name": "Jamshedpur Ward 2",
        "population": 7946,
        "density_per_sq_km": 2489.1,
        "city": "Jamshedpur",
        "district": "East Singhbhum",
        "income_index": 0.7,
        "value": 0.467
      }
    },
    {
      "type": "Feature",
      "geometry": {
        "type": "Point",
        "coordinates": [
          86.22441,
          22.79486
        ]
      },
      "properties": {
        "name": "Jamshedpur Ward 3",
        "population": 11686,
        "density_per_sq_km": 3989.8,
        "city": "Jamshedpur",
        "district": "East Singhbhum",
        "income_index": 0.77,
        "value": 0.716
      }
    },
    {
      "type": "Feature",
      "geometry": {
        "type": "Point",
        "coordinates": [
          86.20674,
          22.74504
        ]
      },
      "properties": {
        "name": "Jamshedpur Ward 4",
        "population": 5206,
        "density_per_sq_km": 2567.4,
        "city": "Jamshedpur",
        "district": "East Singhbhum",
        "income_index": 0.65,
        "value": 0.388
      }
    },
    {
      "type": "Feature",
      "geometry": {
        "type": "Point",
        "coordinates": [
          86.24074,
          22.81126
        ]
      },
      "properties": {
        "name": "Jamshedpur Ward 5",
        "population": 6062,
        "density_per_sq_km": 3281.7,
        "city": "Jamshedpur",
        "district": "East Singhbhum",
        "income_index": 0.73,
        "value": 0.579
      }
    },
    {
      "type": "Feature",
      "geometry": {
        "type": "Point",
        "coordinates": [
          86.19609,
          22.77811
        ]
      },
      "properties": {
        "name": "Jamshedpur Ward 6",
        "population": 7453,
        "density_per_sq_km": 3193.9,
        "city": "Jamshedpur",
        "district": "East Singhbhum",
        "income_index": 0.76,
        "value": 0.626
      }
    },
    {
      "type": "Feature",
      "geometry": {
        "type": "Point",
        "coordinates": [
          86.23458,
          22.78019
        ]
      },
      "properties": {
        "name": "Jamshedpur Ward 7",
        "population": 8922,
        "density_per_sq_km": 3211.4,
        "city": "Jamshedpur",
        "district": "East Singhbhum",
        "income_index": 0.72,
        "value": 0.653
      }
    },
    {
      "type": "Feature",
      "geometry": {
        "type": "Point",
        "coordinates": [
          86.10094,
          22.85152
        ]
      },
      "properties": {
        "name": "Jamshedpur Ward 8",
        "population": 996,
        "density_per_sq_km": 602.1,
        "city": "Jamshedpur",
        "district": "East Singhbhum",
        "income_index": 0.5,
        "value": 0.15
      }
    },
    {
      "type": "Feature",
      "geometry": {
        "type": "Point",
        "coordinates": [
          85.3096,
          23.3441
        ]
      },
      "properties": {
        "name": "Ranchi Central Core",
        "population": 186000,
        "density_per_sq_km": 5175.0,
        "city": "Ranchi",
        "district": "Ranchi",
        "income_index": 0.65,
        "value": 0.96
      }
    },
    {
      "type": "Feature",
      "geometry": {
        "type": "Point",
        "coordinates": [
          85.26463,
          23.29649
        ]
      },
      "properties": {
        "name": "Ranchi Ward 1",
        "population": 6325,
        "density_per_sq_km": 2230.2,
        "city": "Ranchi",
        "district": "Ranchi",
        "income_index": 0.63,
        "value": 0.364
      }
    },
    {
      "type": "Feature",
      "geometry": {
        "type": "Point",
        "coordinates": [
          85.25663,
          23.42745
        ]
      },
      "properties": {
        "name": "Ranchi Ward 2",
        "population": 1785,
        "density_per_sq_km": 804.7,
        "city": "Ranchi",
        "district": "Ranchi",
        "income_index": 0.52,
        "value": 0.15
      }
    },
    {
      "type": "Feature",
      "geometry": {
        "type": "Point",
        "coordinates": [
          85.2635,
          23.41205
        ]
      },
      "properties": {
        "name": "Ranchi Ward 3",
        "population": 3188,
        "density_per_sq_km": 1596.7,
        "city": "Ranchi",
        "district": "Ranchi",
        "income_index": 0.58,
        "value": 0.26
      }
    },
    {
      "type": "Feature",
      "geometry": {
        "type": "Point",
        "coordinates": [
          85.336,
          23.42983
        ]
      },
      "properties": {
        "name": "Ranchi Ward 4",
        "population": 2140,
        "density_per_sq_km": 1082.9,
        "city": "Ranchi",
        "district": "Ranchi",
        "income_index": 0.55,
        "value": 0.275
      }
    },
    {
      "type": "Feature",
      "geometry": {
        "type": "Point",
        "coordinates": [
          85.40298,
          23.39308
        ]
      },
      "properties": {
        "name": "Ranchi Ward 5",
        "population": 1739,
        "density_per_sq_km": 566.9,
        "city": "Ranchi",
        "district": "Ranchi",
        "income_index": 0.51,
        "value": 0.15
      }
    },
    {
      "type": "Feature",
      "geometry": {
        "type": "Point",
        "coordinates": [
          85.23765,
          23.30796
        ]
      },
      "properties": {
        "name": "Ranchi Ward 6",
        "population": 4681,
        "density_per_sq_km": 1558.1,
        "city": "Ranchi",
        "district": "Ranchi",
        "income_index": 0.59,
        "value": 0.24
      }
    },
    {
      "type": "Feature",
      "geometry": {
        "type": "Point",
        "coordinates": [
          85.29189,
          23.27684
        ]
      },
      "properties": {
        "name": "Ranchi Ward 7",
        "population": 5646,
        "density_per_sq_km": 2043.7,
        "city": "Ranchi",
        "district": "Ranchi",
        "income_index": 0.61,
        "value": 0.371
      }
    },
    {
      "type": "Feature",
      "geometry": {
        "type": "Point",
        "coordinates": [
          85.28025,
          23.41184
        ]
      },
      "properties": {
        "name": "Ranchi Ward 8",
        "population": 3285,
        "density_per_sq_km": 1671.1,
        "city": "Ranchi",
        "district": "Ranchi",
        "income_index": 0.6,
        "value": 0.294
      }
    },
    {
      "type": "Feature",
      "geometry": {
        "type": "Point",
        "coordinates": [
          85.32245,
          23.36335
        ]
      },
      "properties": {
        "name": "Ranchi Ward 9",
        "population": 10230,
        "density_per_sq_km": 3716.7,
        "city": "Ranchi",
        "district": "Ranchi",
        "income_index": 0.77,
        "value": 0.698
      }
    },
    {
      "type": "Feature",
      "geometry": {
        "type": "Point",
        "coordinates": [
          85.35357,
          23.34981
        ]
      },
      "properties": {
        "name": "Ranchi Ward 10",
        "population": 6619,
        "density_per_sq_km": 3086.0,
        "city": "Ranchi",
        "district": "Ranchi",
        "income_index": 0.71,
        "value": 0.543
      }
    },
    {
      "type": "Feature",
      "geometry": {
        "type": "Point",
        "coordinates": [
          85.31732,
          23.41061
        ]
      },
      "properties": {
        "name": "Ranchi Ward 11",
        "population": 4746,
        "density_per_sq_km": 2039.2,
        "city": "Ranchi",
        "district": "Ranchi",
        "income_index": 0.62,
        "value": 0.384
      }
    },
    {
      "type": "Feature",
      "geometry": {
        "type": "Point",
        "coordinates": [
          85.2437,
          23.34637
        ]
      },
      "properties": {
        "name": "Ranchi Ward 12",
        "population": 5842,
        "density_per_sq_km": 1802.1,
        "city": "Ranchi",
        "district": "Ranchi",
        "income_index": 0.64,
        "value": 0.479
      }
    },
    {
      "type": "Feature",
      "geometry": {
        "type": "Point",
        "coordinates": [
          85.36117,
          23.40425
        ]
      },
      "properties": {
        "name": "Ranchi Ward 13",
        "population": 3331,
        "density_per_sq_km": 1301.0,
        "city": "Ranchi",
        "district": "Ranchi",
        "income_index": 0.59,
        "value": 0.337
      }
    },
    {
      "type": "Feature",
      "geometry": {
        "type": "Point",
        "coordinates": [
          85.32987,
          23.29902
        ]
      },
      "properties": {
        "name": "Ranchi Ward 14",
        "population": 6913,
        "density_per_sq_km": 2598.9,
        "city": "Ranchi",
        "district": "Ranchi",
        "income_index": 0.68,
        "value": 0.501
      }
    },
    {
      "type": "Feature",
      "geometry": {
        "type": "Point",
        "coordinates": [
          78.0322,
          30.3165
        ]
      },
      "properties": {
        "name": "Dehradun Central Core",
        "population": 120000,
        "density_per_sq_km": 4140.0,
        "city": "Dehradun",
        "district": "Dehradun",
        "income_index": 0.65,
        "value": 0.87
      }
    },
    {
      "type": "Feature",
      "geometry": {
        "type": "Point",
        "coordinates": [
          78.08474,
          30.26097
        ]
      },
      "properties": {
        "name": "Dehradun Ward 1",
        "population": 2418,
        "density_per_sq_km": 1435.5,
        "city": "Dehradun",
        "district": "Dehradun",
        "income_index": 0.58,
        "value": 0.229
      }
    },
    {
      "type": "Feature",
      "geometry": {
        "type": "Point",
        "coordinates": [
          77.94445,
          30.27927
        ]
      },
      "properties": {
        "name": "Dehradun Ward 2",
        "population": 1793,
        "density_per_sq_km": 861.7,
        "city": "Dehradun",
        "district": "Dehradun",
        "income_index": 0.54,
        "value": 0.166
      }
    },
    {
      "type": "Feature",
      "geometry": {
        "type": "Point",
        "coordinates": [
          78.01265,
          30.36785
        ]
      },
      "properties": {
        "name": "Dehradun Ward 3",
        "population": 3610,
        "density_per_sq_km": 1528.8,
        "city": "Dehradun",
        "district": "Dehradun",
        "income_index": 0.65,
        "value": 0.346
      }
    },
    {
      "type": "Feature",
      "geometry": {
        "type": "Point",
        "coordinates": [
          77.99712,
          30.27292
        ]
      },
      "properties": {
        "name": "Dehradun Ward 4",
        "population": 4474,
        "density_per_sq_km": 1689.6,
        "city": "Dehradun",
        "district": "Dehradun",
        "income_index": 0.65,
        "value": 0.472
      }
    },
    {
      "type": "Feature",
      "geometry": {
        "type": "Point",
        "coordinates": [
          78.00411,
          30.35149
        ]
      },
      "properties": {
        "name": "Dehradun Ward 5",
        "population": 4032,
        "density_per_sq_km": 2309.9,
        "city": "Dehradun",
        "district": "Dehradun",
        "income_index": 0.69,
        "value": 0.517
      }
    },
    {
      "type": "Feature",
      "geometry": {
        "type": "Point",
        "coordinates": [
          78.06709,
          30.33536
        ]
      },
      "properties": {
        "name": "Dehradun Ward 6",
        "population": 5597,
        "density_per_sq_km": 2121.0,
        "city": "Dehradun",
        "district": "Dehradun",
        "income_index": 0.72,
        "value": 0.52
      }
    },
    {
      "type": "Feature",
      "geometry": {
        "type": "Point",
        "coordinates": [
          77.9473,
          30.34014
        ]
      },
      "properties": {
        "name": "Dehradun Ward 7",
        "population": 2417,
        "density_per_sq_km": 1214.6,
        "city": "Dehradun",
        "district": "Dehradun",
        "income_index": 0.57,
        "value": 0.324
      }
    },
    {
      "type": "Feature",
      "geometry": {
        "type": "Point",
        "coordinates": [
          78.04722,
          30.26427
        ]
      },
      "properties": {
        "name": "Dehradun Ward 8",
        "population": 3094,
        "density_per_sq_km": 1495.0,
        "city": "Dehradun",
        "district": "Dehradun",
        "income_index": 0.65,
        "value": 0.363
      }
    },
    {
      "type": "Feature",
      "geometry": {
        "type": "Point",
        "coordinates": [
          74.7973,
          34.0837
        ]
      },
      "properties": {
        "name": "Srinagar Central Core",
        "population": 174000,
        "density_per_sq_km": 4600.0,
        "city": "Srinagar",
        "district": "Srinagar",
        "income_index": 0.65,
        "value": 0.94
      }
    },
    {
      "type": "Feature",
      "geometry": {
        "type": "Point",
        "coordinates": [
          74.80169,
          34.03867
        ]
      },
      "properties": {
        "name": "Srinagar Ward 1",
        "population": 4910,
        "density_per_sq_km": 2610.0,
        "city": "Srinagar",
        "district": "Srinagar",
        "income_index": 0.7,
        "value": 0.458
      }
    },
    {
      "type": "Feature",
      "geometry": {
        "type": "Point",
        "coordinates": [
          74.7237,
          34.01839
        ]
      },
      "properties": {
        "name": "Srinagar Ward 2",
        "population": 2156,
        "density_per_sq_km": 929.9,
        "city": "Srinagar",
        "district": "Srinagar",
        "income_index": 0.54,
        "value": 0.22
      }
    },
    {
      "type": "Feature",
      "geometry": {
        "type": "Point",
        "coordinates": [
          74.86586,
          34.06298
        ]
      },
      "properties": {
        "name": "Srinagar Ward 3",
        "population": 5095,
        "density_per_sq_km": 1830.6,
        "city": "Srinagar",
        "district": "Srinagar",
        "income_index": 0.64,
        "value": 0.382
      }
    },
    {
      "type": "Feature",
      "geometry": {
        "type": "Point",
        "coordinates": [
          74.8035,
          34.07308
        ]
      },
      "properties": {
        "name": "Srinagar Ward 4",
        "population": 7803,
        "density_per_sq_km": 3196.5,
        "city": "Srinagar",
        "district": "Srinagar",
        "income_index": 0.81,
        "value": 0.803
      }
    },
    {
      "type": "Feature",
      "geometry": {
        "type": "Point",
        "coordinates": [
          74.83597,
          34.00824
        ]
      },
      "properties": {
        "name": "Srinagar Ward 5",
        "population": 2409,
        "density_per_sq_km": 1312.0,
        "city": "Srinagar",
        "district": "Srinagar",
        "income_index": 0.57,
        "value": 0.316
      }
    },
    {
      "type": "Feature",
      "geometry": {
        "type": "Point",
        "coordinates": [
          74.81035,
          34.03823
        ]
      },
      "properties": {
        "name": "Srinagar Ward 6",
        "population": 5421,
        "density_per_sq_km": 2453.3,
        "city": "Srinagar",
        "district": "Srinagar",
        "income_index": 0.69,
        "value": 0.459
      }
    },
    {
      "type": "Feature",
      "geometry": {
        "type": "Point",
        "coordinates": [
          74.7357,
          34.0193
        ]
      },
      "properties": {
        "name": "Srinagar Ward 7",
        "population": 3650,
        "density_per_sq_km": 1022.0,
        "city": "Srinagar",
        "district": "Srinagar",
        "income_index": 0.57,
        "value": 0.26
      }
    },
    {
      "type": "Feature",
      "geometry": {
        "type": "Point",
        "coordinates": [
          74.90257,
          34.07643
        ]
      },
      "properties": {
        "name": "Srinagar Ward 8",
        "population": 1946,
        "density_per_sq_km": 840.1,
        "city": "Srinagar",
        "district": "Srinagar",
        "income_index": 0.55,
        "value": 0.15
      }
    },
    {
      "type": "Feature",
      "geometry": {
        "type": "Point",
        "coordinates": [
          73.8278,
          15.4909
        ]
      },
      "properties": {
        "name": "Panaji Central Core",
        "population": 32400,
        "density_per_sq_km": 3680.0,
        "city": "Panaji",
        "district": "North Goa",
        "income_index": 0.85,
        "value": 0.91
      }
    },
    {
      "type": "Feature",
      "geometry": {
        "type": "Point",
        "coordinates": [
          73.83726,
          15.53681
        ]
      },
      "properties": {
        "name": "Panaji Ward 1",
        "population": 858,
        "density_per_sq_km": 1592.7,
        "city": "Panaji",
        "district": "North Goa",
        "income_index": 0.64,
        "value": 0.473
      }
    },
    {
      "type": "Feature",
      "geometry": {
        "type": "Point",
        "coordinates": [
          73.81297,
          15.44837
        ]
      },
      "properties": {
        "name": "Panaji Ward 2",
        "population": 1219,
        "density_per_sq_km": 1588.5,
        "city": "Panaji",
        "district": "North Goa",
        "income_index": 0.65,
        "value": 0.471
      }
    },
    {
      "type": "Feature",
      "geometry": {
        "type": "Point",
        "coordinates": [
          73.85128,
          15.47074
        ]
      },
      "properties": {
        "name": "Panaji Ward 3",
        "population": 1449,
        "density_per_sq_km": 2321.6,
        "city": "Panaji",
        "district": "North Goa",
        "income_index": 0.72,
        "value": 0.531
      }
    },
    {
      "type": "Feature",
      "geometry": {
        "type": "Point",
        "coordinates": [
          73.83767,
          15.4487
        ]
      },
      "properties": {
        "name": "Panaji Ward 4",
        "population": 924,
        "density_per_sq_km": 1665.0,
        "city": "Panaji",
        "district": "North Goa",
        "income_index": 0.66,
        "value": 0.468
      }
    },
    {
      "type": "Feature",
      "geometry": {
        "type": "Point",
        "coordinates": [
          73.77642,
          15.52592
        ]
      },
      "properties": {
        "name": "Panaji Ward 5",
        "population": 657,
        "density_per_sq_km": 905.9,
        "city": "Panaji",
        "district": "North Goa",
        "income_index": 0.58,
        "value": 0.28
      }
    },
    {
      "type": "Feature",
      "geometry": {
        "type": "Point",
        "coordinates": [
          73.8374,
          15.46458
        ]
      },
      "properties": {
        "name": "Panaji Ward 6",
        "population": 1639,
        "density_per_sq_km": 2350.0,
        "city": "Panaji",
        "district": "North Goa",
        "income_index": 0.73,
        "value": 0.662
      }
    },
    {
      "type": "Feature",
      "geometry": {
        "type": "Point",
        "coordinates": [
          73.7844,
          15.48719
        ]
      },
      "properties": {
        "name": "Panaji Ward 7",
        "population": 927,
        "density_per_sq_km": 1516.5,
        "city": "Panaji",
        "district": "North Goa",
        "income_index": 0.66,
        "value": 0.452
      }
    },
    {
      "type": "Feature",
      "geometry": {
        "type": "Point",
        "coordinates": [
          73.84255,
          15.525
        ]
      },
      "properties": {
        "name": "Panaji Ward 8",
        "population": 823,
        "density_per_sq_km": 1666.5,
        "city": "Panaji",
        "district": "North Goa",
        "income_index": 0.69,
        "value": 0.567
      }
    },
    {
      "type": "Feature",
      "geometry": {
        "type": "Point",
        "coordinates": [
          78.1198,
          9.9252
        ]
      },
      "properties": {
        "name": "Madurai Central Core",
        "population": 204000,
        "density_per_sq_km": 6210.0,
        "city": "Madurai",
        "district": "Madurai",
        "income_index": 0.65,
        "value": 0.89
      }
    },
    {
      "type": "Feature",
      "geometry": {
        "type": "Point",
        "coordinates": [
          78.12984,
          9.87393
        ]
      },
      "properties": {
        "name": "Madurai Ward 1",
        "population": 4885,
        "density_per_sq_km": 3567.6,
        "city": "Madurai",
        "district": "Madurai",
        "income_index": 0.67,
        "value": 0.443
      }
    },
    {
      "type": "Feature",
      "geometry": {
        "type": "Point",
        "coordinates": [
          78.06503,
          9.90906
        ]
      },
      "properties": {
        "name": "Madurai Ward 2",
        "population": 7341,
        "density_per_sq_km": 3178.8,
        "city": "Madurai",
        "district": "Madurai",
        "income_index": 0.66,
        "value": 0.403
      }
    },
    {
      "type": "Feature",
      "geometry": {
        "type": "Point",
        "coordinates": [
          78.1101,
          9.89181
        ]
      },
      "properties": {
        "name": "Madurai Ward 3",
        "population": 9106,
        "density_per_sq_km": 3594.1,
        "city": "Madurai",
        "district": "Madurai",
        "income_index": 0.73,
        "value": 0.622
      }
    },
    {
      "type": "Feature",
      "geometry": {
        "type": "Point",
        "coordinates": [
          78.07094,
          9.95386
        ]
      },
      "properties": {
        "name": "Madurai Ward 4",
        "population": 5769,
        "density_per_sq_km": 3276.0,
        "city": "Madurai",
        "district": "Madurai",
        "income_index": 0.66,
        "value": 0.446
      }
    },
    {
      "type": "Feature",
      "geometry": {
        "type": "Point",
        "coordinates": [
          78.1888,
          9.8739
        ]
      },
      "properties": {
        "name": "Madurai Ward 5",
        "population": 3223,
        "density_per_sq_km": 1463.2,
        "city": "Madurai",
        "district": "Madurai",
        "income_index": 0.56,
        "value": 0.249
      }
    },
    {
      "type": "Feature",
      "geometry": {
        "type": "Point",
        "coordinates": [
          78.11943,
          9.89339
        ]
      },
      "properties": {
        "name": "Madurai Ward 6",
        "population": 7011,
        "density_per_sq_km": 3267.8,
        "city": "Madurai",
        "district": "Madurai",
        "income_index": 0.74,
        "value": 0.642
      }
    },
    {
      "type": "Feature",
      "geometry": {
        "type": "Point",
        "coordinates": [
          78.15503,
          9.93376
        ]
      },
      "properties": {
        "name": "Madurai Ward 7",
        "population": 7617,
        "density_per_sq_km": 4078.1,
        "city": "Madurai",
        "district": "Madurai",
        "income_index": 0.73,
        "value": 0.53
      }
    },
    {
      "type": "Feature",
      "geometry": {
        "type": "Point",
        "coordinates": [
          78.19932,
          9.93492
        ]
      },
      "properties": {
        "name": "Madurai Ward 8",
        "population": 4368,
        "density_per_sq_km": 1747.8,
        "city": "Madurai",
        "district": "Madurai",
        "income_index": 0.58,
        "value": 0.274
      }
    },
    {
      "type": "Feature",
      "geometry": {
        "type": "Point",
        "coordinates": [
          76.9366,
          8.5241
        ]
      },
      "properties": {
        "name": "Thiruvananthapuram Central Core",
        "population": 228000,
        "density_per_sq_km": 6095.0,
        "city": "Thiruvananthapuram",
        "district": "Thiruvananthapuram",
        "income_index": 0.85,
        "value": 0.88
      }
    },
    {
      "type": "Feature",
      "geometry": {
        "type": "Point",
        "coordinates": [
          77.01159,
          8.57035
        ]
      },
      "properties": {
        "name": "Thiruvananthapuram Ward 1",
        "population": 2969,
        "density_per_sq_km": 1329.9,
        "city": "Thiruvananthapuram",
        "district": "Thiruvananthapuram",
        "income_index": 0.57,
        "value": 0.273
      }
    },
    {
      "type": "Feature",
      "geometry": {
        "type": "Point",
        "coordinates": [
          76.99525,
          8.56033
        ]
      },
      "properties": {
        "name": "Thiruvananthapuram Ward 2",
        "population": 4485,
        "density_per_sq_km": 2496.4,
        "city": "Thiruvananthapuram",
        "district": "Thiruvananthapuram",
        "income_index": 0.63,
        "value": 0.318
      }
    },
    {
      "type": "Feature",
      "geometry": {
        "type": "Point",
        "coordinates": [
          76.9746,
          8.52215
        ]
      },
      "properties": {
        "name": "Thiruvananthapuram Ward 3",
        "population": 11774,
        "density_per_sq_km": 3866.3,
        "city": "Thiruvananthapuram",
        "district": "Thiruvananthapuram",
        "income_index": 0.73,
        "value": 0.607
      }
    },
    {
      "type": "Feature",
      "geometry": {
        "type": "Point",
        "coordinates": [
          76.94556,
          8.59947
        ]
      },
      "properties": {
        "name": "Thiruvananthapuram Ward 4",
        "population": 5787,
        "density_per_sq_km": 1928.2,
        "city": "Thiruvananthapuram",
        "district": "Thiruvananthapuram",
        "income_index": 0.61,
        "value": 0.272
      }
    },
    {
      "type": "Feature",
      "geometry": {
        "type": "Point",
        "coordinates": [
          76.97406,
          8.412
        ]
      },
      "properties": {
        "name": "Thiruvananthapuram Ward 5",
        "population": 1930,
        "density_per_sq_km": 552.2,
        "city": "Thiruvananthapuram",
        "district": "Thiruvananthapuram",
        "income_index": 0.5,
        "value": 0.155
      }
    },
    {
      "type": "Feature",
      "geometry": {
        "type": "Point",
        "coordinates": [
          76.88683,
          8.4571
        ]
      },
      "properties": {
        "name": "Thiruvananthapuram Ward 6",
        "population": 5363,
        "density_per_sq_km": 1576.7,
        "city": "Thiruvananthapuram",
        "district": "Thiruvananthapuram",
        "income_index": 0.59,
        "value": 0.315
      }
    },
    {
      "type": "Feature",
      "geometry": {
        "type": "Point",
        "coordinates": [
          77.01344,
          8.51715
        ]
      },
      "properties": {
        "name": "Thiruvananthapuram Ward 7",
        "population": 4781,
        "density_per_sq_km": 2054.6,
        "city": "Thiruvananthapuram",
        "district": "Thiruvananthapuram",
        "income_index": 0.61,
        "value": 0.35
      }
    },
    {
      "type": "Feature",
      "geometry": {
        "type": "Point",
        "coordinates": [
          76.98852,
          8.53065
        ]
      },
      "properties": {
        "name": "Thiruvananthapuram Ward 8",
        "population": 6087,
        "density_per_sq_km": 2752.9,
        "city": "Thiruvananthapuram",
        "district": "Thiruvananthapuram",
        "income_index": 0.69,
        "value": 0.559
      }
    },
    {
      "type": "Feature",
      "geometry": {
        "type": "Point",
        "coordinates": [
          76.93511,
          8.47025
        ]
      },
      "properties": {
        "name": "Thiruvananthapuram Ward 9",
        "population": 6093,
        "density_per_sq_km": 2546.1,
        "city": "Thiruvananthapuram",
        "district": "Thiruvananthapuram",
        "income_index": 0.68,
        "value": 0.483
      }
    },
    {
      "type": "Feature",
      "geometry": {
        "type": "Point",
        "coordinates": [
          76.92233,
          8.50804
        ]
      },
      "properties": {
        "name": "Thiruvananthapuram Ward 10",
        "population": 12837,
        "density_per_sq_km": 4407.6,
        "city": "Thiruvananthapuram",
        "district": "Thiruvananthapuram",
        "income_index": 0.78,
        "value": 0.645
      }
    },
    {
      "type": "Feature",
      "geometry": {
        "type": "Point",
        "coordinates": [
          76.94033,
          8.49121
        ]
      },
      "properties": {
        "name": "Thiruvananthapuram Ward 11",
        "population": 10390,
        "density_per_sq_km": 4421.4,
        "city": "Thiruvananthapuram",
        "district": "Thiruvananthapuram",
        "income_index": 0.75,
        "value": 0.69
      }
    },
    {
      "type": "Feature",
      "geometry": {
        "type": "Point",
        "coordinates": [
          76.86674,
          8.53499
        ]
      },
      "properties": {
        "name": "Thiruvananthapuram Ward 12",
        "population": 5999,
        "density_per_sq_km": 2238.5,
        "city": "Thiruvananthapuram",
        "district": "Thiruvananthapuram",
        "income_index": 0.63,
        "value": 0.306
      }
    },
    {
      "type": "Feature",
      "geometry": {
        "type": "Point",
        "coordinates": [
          76.92877,
          8.48327
        ]
      },
      "properties": {
        "name": "Thiruvananthapuram Ward 13",
        "population": 10457,
        "density_per_sq_km": 3965.2,
        "city": "Thiruvananthapuram",
        "district": "Thiruvananthapuram",
        "income_index": 0.72,
        "value": 0.551
      }
    },
    {
      "type": "Feature",
      "geometry": {
        "type": "Point",
        "coordinates": [
          76.8948,
          8.45809
        ]
      },
      "properties": {
        "name": "Thiruvananthapuram Ward 14",
        "population": 5847,
        "density_per_sq_km": 2186.7,
        "city": "Thiruvananthapuram",
        "district": "Thiruvananthapuram",
        "income_index": 0.6,
        "value": 0.261
      }
    },
    {
      "type": "Feature",
      "geometry": {
        "type": "Point",
        "coordinates": [
          80.648,
          16.5062
        ]
      },
      "properties": {
        "name": "Vijayawada Central Core",
        "population": 216000,
        "density_per_sq_km": 6440.0,
        "city": "Vijayawada",
        "district": "NTR",
        "income_index": 0.65,
        "value": 0.87
      }
    },
    {
      "type": "Feature",
      "geometry": {
        "type": "Point",
        "coordinates": [
          80.65424,
          16.46484
        ]
      },
      "properties": {
        "name": "Vijayawada Ward 1",
        "population": 10154,
        "density_per_sq_km": 3420.1,
        "city": "Vijayawada",
        "district": "NTR",
        "income_index": 0.72,
        "value": 0.629
      }
    },
    {
      "type": "Feature",
      "geometry": {
        "type": "Point",
        "coordinates": [
          80.66974,
          16.47397
        ]
      },
      "properties": {
        "name": "Vijayawada Ward 2",
        "population": 9812,
        "density_per_sq_km": 4346.7,
        "city": "Vijayawada",
        "district": "NTR",
        "income_index": 0.73,
        "value": 0.604
      }
    },
    {
      "type": "Feature",
      "geometry": {
        "type": "Point",
        "coordinates": [
          80.65735,
          16.51601
        ]
      },
      "properties": {
        "name": "Vijayawada Ward 3",
        "population": 12267,
        "density_per_sq_km": 5386.2,
        "city": "Vijayawada",
        "district": "NTR",
        "income_index": 0.81,
        "value": 0.731
      }
    },
    {
      "type": "Feature",
      "geometry": {
        "type": "Point",
        "coordinates": [
          80.67613,
          16.48324
        ]
      },
      "properties": {
        "name": "Vijayawada Ward 4",
        "population": 9846,
        "density_per_sq_km": 3630.5,
        "city": "Vijayawada",
        "district": "NTR",
        "income_index": 0.74,
        "value": 0.668
      }
    },
    {
      "type": "Feature",
      "geometry": {
        "type": "Point",
        "coordinates": [
          80.67237,
          16.46135
        ]
      },
      "properties": {
        "name": "Vijayawada Ward 5",
        "population": 6580,
        "density_per_sq_km": 3597.0,
        "city": "Vijayawada",
        "district": "NTR",
        "income_index": 0.69,
        "value": 0.55
      }
    },
    {
      "type": "Feature",
      "geometry": {
        "type": "Point",
        "coordinates": [
          80.69236,
          16.43607
        ]
      },
      "properties": {
        "name": "Vijayawada Ward 6",
        "population": 4362,
        "density_per_sq_km": 1856.8,
        "city": "Vijayawada",
        "district": "NTR",
        "income_index": 0.59,
        "value": 0.306
      }
    },
    {
      "type": "Feature",
      "geometry": {
        "type": "Point",
        "coordinates": [
          80.69692,
          16.50509
        ]
      },
      "properties": {
        "name": "Vijayawada Ward 7",
        "population": 7209,
        "density_per_sq_km": 3805.9,
        "city": "Vijayawada",
        "district": "NTR",
        "income_index": 0.7,
        "value": 0.572
      }
    },
    {
      "type": "Feature",
      "geometry": {
        "type": "Point",
        "coordinates": [
          80.58969,
          16.54956
        ]
      },
      "properties": {
        "name": "Vijayawada Ward 8",
        "population": 6315,
        "density_per_sq_km": 2406.1,
        "city": "Vijayawada",
        "district": "NTR",
        "income_index": 0.63,
        "value": 0.405
      }
    },
    {
      "type": "Feature",
      "geometry": {
        "type": "Point",
        "coordinates": [
          80.68384,
          16.52747
        ]
      },
      "properties": {
        "name": "Vijayawada Ward 9",
        "population": 8075,
        "density_per_sq_km": 3559.6,
        "city": "Vijayawada",
        "district": "NTR",
        "income_index": 0.72,
        "value": 0.586
      }
    },
    {
      "type": "Feature",
      "geometry": {
        "type": "Point",
        "coordinates": [
          80.5743,
          16.48179
        ]
      },
      "properties": {
        "name": "Vijayawada Ward 10",
        "population": 4136,
        "density_per_sq_km": 2704.6,
        "city": "Vijayawada",
        "district": "NTR",
        "income_index": 0.61,
        "value": 0.267
      }
    },
    {
      "type": "Feature",
      "geometry": {
        "type": "Point",
        "coordinates": [
          80.66751,
          16.53524
        ]
      },
      "properties": {
        "name": "Vijayawada Ward 11",
        "population": 11375,
        "density_per_sq_km": 3961.1,
        "city": "Vijayawada",
        "district": "NTR",
        "income_index": 0.74,
        "value": 0.547
      }
    },
    {
      "type": "Feature",
      "geometry": {
        "type": "Point",
        "coordinates": [
          80.67623,
          16.51105
        ]
      },
      "properties": {
        "name": "Vijayawada Ward 12",
        "population": 7250,
        "density_per_sq_km": 4176.6,
        "city": "Vijayawada",
        "district": "NTR",
        "income_index": 0.76,
        "value": 0.742
      }
    },
    {
      "type": "Feature",
      "geometry": {
        "type": "Point",
        "coordinates": [
          80.6066,
          16.46058
        ]
      },
      "properties": {
        "name": "Vijayawada Ward 13",
        "population": 7352,
        "density_per_sq_km": 3028.7,
        "city": "Vijayawada",
        "district": "NTR",
        "income_index": 0.66,
        "value": 0.514
      }
    },
    {
      "type": "Feature",
      "geometry": {
        "type": "Point",
        "coordinates": [
          80.58271,
          16.53577
        ]
      },
      "properties": {
        "name": "Vijayawada Ward 14",
        "population": 5485,
        "density_per_sq_km": 2224.8,
        "city": "Vijayawada",
        "district": "NTR",
        "income_index": 0.63,
        "value": 0.409
      }
    },
    {
      "type": "Feature",
      "geometry": {
        "type": "Point",
        "coordinates": [
          78.1828,
          26.2183
        ]
      },
      "properties": {
        "name": "Gwalior Central Core",
        "population": 168000,
        "density_per_sq_km": 5060.0,
        "city": "Gwalior",
        "district": "Gwalior",
        "income_index": 0.65,
        "value": 0.95
      }
    },
    {
      "type": "Feature",
      "geometry": {
        "type": "Point",
        "coordinates": [
          78.20377,
          26.21397
        ]
      },
      "properties": {
        "name": "Gwalior Ward 1",
        "population": 8649,
        "density_per_sq_km": 3697.9,
        "city": "Gwalior",
        "district": "Gwalior",
        "income_index": 0.78,
        "value": 0.667
      }
    },
    {
      "type": "Feature",
      "geometry": {
        "type": "Point",
        "coordinates": [
          78.20205,
          26.22787
        ]
      },
      "properties": {
        "name": "Gwalior Ward 2",
        "population": 6934,
        "density_per_sq_km": 2927.1,
        "city": "Gwalior",
        "district": "Gwalior",
        "income_index": 0.78,
        "value": 0.652
      }
    },
    {
      "type": "Feature",
      "geometry": {
        "type": "Point",
        "coordinates": [
          78.18111,
          26.29415
        ]
      },
      "properties": {
        "name": "Gwalior Ward 3",
        "population": 3162,
        "density_per_sq_km": 1484.8,
        "city": "Gwalior",
        "district": "Gwalior",
        "income_index": 0.59,
        "value": 0.313
      }
    },
    {
      "type": "Feature",
      "geometry": {
        "type": "Point",
        "coordinates": [
          78.17387,
          26.14671
        ]
      },
      "properties": {
        "name": "Gwalior Ward 4",
        "population": 2842,
        "density_per_sq_km": 1415.8,
        "city": "Gwalior",
        "district": "Gwalior",
        "income_index": 0.6,
        "value": 0.293
      }
    },
    {
      "type": "Feature",
      "geometry": {
        "type": "Point",
        "coordinates": [
          78.09335,
          26.26226
        ]
      },
      "properties": {
        "name": "Gwalior Ward 5",
        "population": 1957,
        "density_per_sq_km": 1140.9,
        "city": "Gwalior",
        "district": "Gwalior",
        "income_index": 0.54,
        "value": 0.15
      }
    },
    {
      "type": "Feature",
      "geometry": {
        "type": "Point",
        "coordinates": [
          78.15771,
          26.18979
        ]
      },
      "properties": {
        "name": "Gwalior Ward 6",
        "population": 8421,
        "density_per_sq_km": 3126.5,
        "city": "Gwalior",
        "district": "Gwalior",
        "income_index": 0.73,
        "value": 0.548
      }
    },
    {
      "type": "Feature",
      "geometry": {
        "type": "Point",
        "coordinates": [
          78.20045,
          26.19431
        ]
      },
      "properties": {
        "name": "Gwalior Ward 7",
        "population": 5587,
        "density_per_sq_km": 3046.9,
        "city": "Gwalior",
        "district": "Gwalior",
        "income_index": 0.75,
        "value": 0.713
      }
    },
    {
      "type": "Feature",
      "geometry": {
        "type": "Point",
        "coordinates": [
          78.07867,
          26.25057
        ]
      },
      "properties": {
        "name": "Gwalior Ward 8",
        "population": 1858,
        "density_per_sq_km": 773.0,
        "city": "Gwalior",
        "district": "Gwalior",
        "income_index": 0.51,
        "value": 0.15
      }
    },
    {
      "type": "Feature",
      "geometry": {
        "type": "Point",
        "coordinates": [
          79.9864,
          23.1815
        ]
      },
      "properties": {
        "name": "Jabalpur Central Core",
        "population": 186000,
        "density_per_sq_km": 5290.0,
        "city": "Jabalpur",
        "district": "Jabalpur",
        "income_index": 0.65,
        "value": 0.93
      }
    },
    {
      "type": "Feature",
      "geometry": {
        "type": "Point",
        "coordinates": [
          79.97281,
          23.23919
        ]
      },
      "properties": {
        "name": "Jabalpur Ward 1",
        "population": 6211,
        "density_per_sq_km": 2516.3,
        "city": "Jabalpur",
        "district": "Jabalpur",
        "income_index": 0.65,
        "value": 0.495
      }
    },
    {
      "type": "Feature",
      "geometry": {
        "type": "Point",
        "coordinates": [
          80.00102,
          23.13067
        ]
      },
      "properties": {
        "name": "Jabalpur Ward 2",
        "population": 6275,
        "density_per_sq_km": 2055.6,
        "city": "Jabalpur",
        "district": "Jabalpur",
        "income_index": 0.67,
        "value": 0.407
      }
    },
    {
      "type": "Feature",
      "geometry": {
        "type": "Point",
        "coordinates": [
          80.01504,
          23.23975
        ]
      },
      "properties": {
        "name": "Jabalpur Ward 3",
        "population": 6319,
        "density_per_sq_km": 2237.1,
        "city": "Jabalpur",
        "district": "Jabalpur",
        "income_index": 0.63,
        "value": 0.343
      }
    },
    {
      "type": "Feature",
      "geometry": {
        "type": "Point",
        "coordinates": [
          80.08461,
          23.14194
        ]
      },
      "properties": {
        "name": "Jabalpur Ward 4",
        "population": 1734,
        "density_per_sq_km": 585.7,
        "city": "Jabalpur",
        "district": "Jabalpur",
        "income_index": 0.51,
        "value": 0.188
      }
    },
    {
      "type": "Feature",
      "geometry": {
        "type": "Point",
        "coordinates": [
          80.01614,
          23.1818
        ]
      },
      "properties": {
        "name": "Jabalpur Ward 5",
        "population": 9142,
        "density_per_sq_km": 3979.2,
        "city": "Jabalpur",
        "district": "Jabalpur",
        "income_index": 0.76,
        "value": 0.584
      }
    },
    {
      "type": "Feature",
      "geometry": {
        "type": "Point",
        "coordinates": [
          79.96207,
          23.23014
        ]
      },
      "properties": {
        "name": "Jabalpur Ward 6",
        "population": 5397,
        "density_per_sq_km": 2891.2,
        "city": "Jabalpur",
        "district": "Jabalpur",
        "income_index": 0.67,
        "value": 0.425
      }
    },
    {
      "type": "Feature",
      "geometry": {
        "type": "Point",
        "coordinates": [
          79.9624,
          23.24545
        ]
      },
      "properties": {
        "name": "Jabalpur Ward 7",
        "population": 5656,
        "density_per_sq_km": 1942.3,
        "city": "Jabalpur",
        "district": "Jabalpur",
        "income_index": 0.62,
        "value": 0.311
      }
    },
    {
      "type": "Feature",
      "geometry": {
        "type": "Point",
        "coordinates": [
          79.89349,
          23.17366
        ]
      },
      "properties": {
        "name": "Jabalpur Ward 8",
        "population": 2417,
        "density_per_sq_km": 1085.0,
        "city": "Jabalpur",
        "district": "Jabalpur",
        "income_index": 0.56,
        "value": 0.187
      }
    },
    {
      "type": "Feature",
      "geometry": {
        "type": "Point",
        "coordinates": [
          75.8648,
          25.2138
        ]
      },
      "properties": {
        "name": "Kota Central Core",
        "population": 156000,
        "density_per_sq_km": 4945.0,
        "city": "Kota",
        "district": "Kota",
        "income_index": 0.65,
        "value": 0.92
      }
    },
    {
      "type": "Feature",
      "geometry": {
        "type": "Point",
        "coordinates": [
          75.89121,
          25.22982
        ]
      },
      "properties": {
        "name": "Kota Ward 1",
        "population": 8513,
        "density_per_sq_km": 3471.9,
        "city": "Kota",
        "district": "Kota",
        "income_index": 0.75,
        "value": 0.667
      }
    },
    {
      "type": "Feature",
      "geometry": {
        "type": "Point",
        "coordinates": [
          75.81084,
          25.1576
        ]
      },
      "properties": {
        "name": "Kota Ward 2",
        "population": 3394,
        "density_per_sq_km": 1279.8,
        "city": "Kota",
        "district": "Kota",
        "income_index": 0.6,
        "value": 0.307
      }
    },
    {
      "type": "Feature",
      "geometry": {
        "type": "Point",
        "coordinates": [
          75.82338,
          25.17423
        ]
      },
      "properties": {
        "name": "Kota Ward 3",
        "population": 6214,
        "density_per_sq_km": 2664.1,
        "city": "Kota",
        "district": "Kota",
        "income_index": 0.66,
        "value": 0.513
      }
    },
    {
      "type": "Feature",
      "geometry": {
        "type": "Point",
        "coordinates": [
          75.87157,
          25.10784
        ]
      },
      "properties": {
        "name": "Kota Ward 4",
        "population": 1351,
        "density_per_sq_km": 470.6,
        "city": "Kota",
        "district": "Kota",
        "income_index": 0.5,
        "value": 0.15
      }
    },
    {
      "type": "Feature",
      "geometry": {
        "type": "Point",
        "coordinates": [
          75.85324,
          25.1938
        ]
      },
      "properties": {
        "name": "Kota Ward 5",
        "population": 8602,
        "density_per_sq_km": 3441.4,
        "city": "Kota",
        "district": "Kota",
        "income_index": 0.77,
        "value": 0.693
      }
    },
    {
      "type": "Feature",
      "geometry": {
        "type": "Point",
        "coordinates": [
          75.86396,
          25.16512
        ]
      },
      "properties": {
        "name": "Kota Ward 6",
        "population": 5883,
        "density_per_sq_km": 2185.6,
        "city": "Kota",
        "district": "Kota",
        "income_index": 0.68,
        "value": 0.573
      }
    },
    {
      "type": "Feature",
      "geometry": {
        "type": "Point",
        "coordinates": [
          75.80977,
          25.19701
        ]
      },
      "properties": {
        "name": "Kota Ward 7",
        "population": 5560,
        "density_per_sq_km": 1908.0,
        "city": "Kota",
        "district": "Kota",
        "income_index": 0.67,
        "value": 0.422
      }
    },
    {
      "type": "Feature",
      "geometry": {
        "type": "Point",
        "coordinates": [
          75.84064,
          25.17463
        ]
      },
      "properties": {
        "name": "Kota Ward 8",
        "population": 5976,
        "density_per_sq_km": 2397.9,
        "city": "Kota",
        "district": "Kota",
        "income_index": 0.7,
        "value": 0.532
      }
    }
  ]
}