{
  "type": "FeatureCollection",
  "features": [
    {
      "type": "Feature",
      "geometry": {
        "type": "Point",
        "coordinates": [
          72.50753,
          23.02695
        ]
      },
      "properties": {
        "name": "SG Highway Commercial Corridor Retail #1",
        "type": "retail",
        "category": "retail",
        "city": "SG Highway Commercial Corridor",
        "rating": 3.9,
        "footfall": 4940,
        "revenue_index": 0.71,
        "value": 0.861
      }
    },
    {
      "type": "Feature",
      "geometry": {
        "type": "Point",
        "coordinates": [
          72.49268,
          23.03055
        ]
      },
      "properties": {
        "name": "SG Highway Commercial Corridor Grocery #2",
        "type": "grocery",
        "category": "grocery",
        "city": "SG Highway Commercial Corridor",
        "rating": 4.3,
        "footfall": 5060,
        "revenue_index": 0.68,
        "value": 0.781
      }
    },
    {
      "type": "Feature",
      "geometry": {
        "type": "Point",
        "coordinates": [
          72.48429,
          23.02859
        ]
      },
      "properties": {
        "name": "SG Highway Commercial Corridor Ev Charging #3",
        "type": "ev_charging",
        "category": "ev_charging",
        "city": "SG Highway Commercial Corridor",
        "rating": 4.5,
        "footfall": 3327,
        "revenue_index": 0.55,
        "value": 0.752
      }
    },
    {
      "type": "Feature",
      "geometry": {
        "type": "Point",
        "coordinates": [
          72.5162,
          23.03192
        ]
      },
      "properties": {
        "name": "SG Highway Commercial Corridor Hotel #4",
        "type": "hotel",
        "category": "hotel",
        "city": "SG Highway Commercial Corridor",
        "rating": 4.8,
        "footfall": 731,
        "revenue_index": 0.56,
        "value": 0.525
      }
    },
    {
      "type": "Feature",
      "geometry": {
        "type": "Point",
        "coordinates": [
          72.54831,
          23.0262
        ]
      },
      "properties": {
        "name": "SG Highway Commercial Corridor Bank #5",
        "type": "bank",
        "category": "bank",
        "city": "SG Highway Commercial Corridor",
        "rating": 3.7,
        "footfall": 5091,
        "revenue_index": 0.9,
        "value": 0.712
      }
    },
    {
      "type": "Feature",
      "geometry": {
        "type": "Point",
        "coordinates": [
          72.51653,
          23.04376
        ]
      },
      "properties": {
        "name": "SG Highway Commercial Corridor Hotel #6",
        "type": "hotel",
        "category": "hotel",
        "city": "SG Highway Commercial Corridor",
        "rating": 4.7,
        "footfall": 2120,
        "revenue_index": 0.91,
        "value": 0.709
      }
    },
    {
      "type": "Feature",
      "geometry": {
        "type": "Point",
        "coordinates": [
          72.50704,
          23.04575
        ]
      },
      "properties": {
        "name": "SG Highway Commercial Corridor Hotel #7",
        "type": "hotel",
        "category": "hotel",
        "city": "SG Highway Commercial Corridor",
        "rating": 3.8,
        "footfall": 5128,
        "revenue_index": 0.54,
        "value": 0.934
      }
    },
    {
      "type": "Feature",
      "geometry": {
        "type": "Point",
        "coordinates": [
          72.50054,
          23.06343
        ]
      },
      "properties": {
        "name": "SG Highway Commercial Corridor Bank #8",
        "type": "bank",
        "category": "bank",
        "city": "SG Highway Commercial Corridor",
        "rating": 3.6,
        "footfall": 2880,
        "revenue_index": 0.56,
        "value": 0.525
      }
    },
    {
      "type": "Feature",
      "geometry": {
        "type": "Point",
        "coordinates": [
          72.49155,
          23.05063
        ]
      },
      "properties": {
        "name": "Bodakdev Urban Ward Retail #9",
        "type": "retail",
        "category": "retail",
        "city": "Bodakdev Urban Ward",
        "rating": 4.4,
        "footfall": 2008,
        "revenue_index": 0.93,
        "value": 0.713
      }
    },
    {
      "type": "Feature",
      "geometry": {
        "type": "Point",
        "coordinates": [
          72.50695,
          23.04569
        ]
      },
      "properties": {
        "name": "Bodakdev Urban Ward Bank #10",
        "type": "bank",
        "category": "bank",
        "city": "Bodakdev Urban Ward",
        "rating": 4.4,
        "footfall": 1161,
        "revenue_index": 0.77,
        "value": 0.423
      }
    },
    {
      "type": "Feature",
      "geometry": {
        "type": "Point",
        "coordinates": [
          72.52261,
          23.01857
        ]
      },
      "properties": {
        "name": "Bodakdev Urban Ward Bank #11",
        "type": "bank",
        "category": "bank",
        "city": "Bodakdev Urban Ward",
        "rating": 3.8,
        "footfall": 2097,
        "revenue_index": 0.53,
        "value": 0.896
      }
    },
    {
      "type": "Feature",
      "geometry": {
        "type": "Point",
        "coordinates": [
          72.48787,
          23.07203
        ]
      },
      "properties": {
        "name": "Bodakdev Urban Ward Gas Station #12",
        "type": "gas_station",
        "category": "gas_station",
        "city": "Bodakdev Urban Ward",
        "rating": 4.2,
        "footfall": 1543,
        "revenue_index": 0.48,
        "value": 0.732
      }
    },
    {
      "type": "Feature",
      "geometry": {
        "type": "Point",
        "coordinates": [
          72.49799,
          23.03708
        ]
      },
      "properties": {
        "name": "Bodakdev Urban Ward Retail #13",
        "type": "retail",
        "category": "retail",
        "city": "Bodakdev Urban Ward",
        "rating": 4.1,
        "footfall": 1256,
        "revenue_index": 0.52,
        "value": 0.464
      }
    },
    {
      "type": "Feature",
      "geometry": {
        "type": "Point",
        "coordinates": [
          72.52717,
          23.05644
        ]
      },
      "properties": {
        "name": "Bodakdev Urban Ward Gas Station #14",
        "type": "gas_station",
        "category": "gas_station",
        "city": "Bodakdev Urban Ward",
        "rating": 3.8,
        "footfall": 3209,
        "revenue_index": 0.8,
        "value": 0.933
      }
    },
    {
      "type": "Feature",
      "geometry": {
        "type": "Point",
        "coordinates": [
          72.46752,
          23.0396
        ]
      },
      "properties": {
        "name": "Bodakdev Urban Ward Restaurant #15",
        "type": "restaurant",
        "category": "restaurant",
        "city": "Bodakdev Urban Ward",
        "rating": 4.8,
        "footfall": 2153,
        "revenue_index": 0.47,
        "value": 0.71
      }
    },
    {
      "type": "Feature",
      "geometry": {
        "type": "Point",
        "coordinates": [
          72.51434,
          23.02339
        ]
      },
      "properties": {
        "name": "Bodakdev Urban Ward Grocery #16",
        "type": "grocery",
        "category": "grocery",
        "city": "Bodakdev Urban Ward",
        "rating": 3.6,
        "footfall": 1865,
        "revenue_index": 0.69,
        "value": 0.902
      }
    },
    {
      "type": "Feature",
      "geometry": {
        "type": "Point",
        "coordinates": [
          72.46926,
          23.05571
        ]
      },
      "properties": {
        "name": "Sindhu Bhavan Road (SBR) Retail #17",
        "type": "retail",
        "category": "retail",
        "city": "Sindhu Bhavan Road (SBR)",
        "rating": 3.8,
        "footfall": 2710,
        "revenue_index": 0.54,
        "value": 0.407
      }
    },
    {
      "type": "Feature",
      "geometry": {
        "type": "Point",
        "coordinates": [
          72.50126,
          23.06588
        ]
      },
      "properties": {
        "name": "Sindhu Bhavan Road (SBR) Gas Station #18",
        "type": "gas_station",
        "category": "gas_station",
        "city": "Sindhu Bhavan Road (SBR)",
        "rating": 4.4,
        "footfall": 1551,
        "revenue_index": 0.94,
        "value": 0.892
      }
    },
    {
      "type": "Feature",
      "geometry": {
        "type": "Point",
        "coordinates": [
          72.49044,
          23.03165
        ]
      },
      "properties": {
        "name": "Sindhu Bhavan Road (SBR) Restaurant #19",
        "type": "restaurant",
        "category": "restaurant",
        "city": "Sindhu Bhavan Road (SBR)",
        "rating": 3.8,
        "footfall": 2748,
        "revenue_index": 0.65,
        "value": 0.361
      }
    },
    {
      "type": "Feature",
      "geometry": {
        "type": "Point",
        "coordinates": [
          72.4864,
          23.05029
        ]
      },
      "properties": {
        "name": "Sindhu Bhavan Road (SBR) Hotel #20",
        "type": "hotel",
        "category": "hotel",
        "city": "Sindhu Bhavan Road (SBR)",
        "rating": 4.1,
        "footfall": 3266,
        "revenue_index": 0.83,
        "value": 0.879
      }
    },
    {
      "type": "Feature",
      "geometry": {
        "type": "Point",
        "coordinates": [
          72.5099,
          23.06986
        ]
      },
      "properties": {
        "name": "Sindhu Bhavan Road (SBR) Bank #21",
        "type": "bank",
        "category": "bank",
        "city": "Sindhu Bhavan Road (SBR)",
        "rating": 3.6,
        "footfall": 2158,
        "revenue_index": 0.83,
        "value": 0.708
      }
    },
    {
      "type": "Feature",
      "geometry": {
        "type": "Point",
        "coordinates": [
          72.52372,
          23.02887
        ]
      },
      "properties": {
        "name": "Sindhu Bhavan Road (SBR) Grocery #22",
        "type": "grocery",
        "category": "grocery",
        "city": "Sindhu Bhavan Road (SBR)",
        "rating": 4.2,
        "footfall": 539,
        "revenue_index": 0.86,
        "value": 0.494
      }
    },
    {
      "type": "Feature",
      "geometry": {
        "type": "Point",
        "coordinates": [
          72.50126,
          23.03499
        ]
      },
      "properties": {
        "name": "Sindhu Bhavan Road (SBR) Restaurant #23",
        "type": "restaurant",
        "category": "restaurant",
        "city": "Sindhu Bhavan Road (SBR)",
        "rating": 4.2,
        "footfall": 3341,
        "revenue_index": 0.74,
        "value": 0.69
      }
    },
    {
      "type": "Feature",
      "geometry": {
        "type": "Point",
        "coordinates": [
          72.51776,
          23.02375
        ]
      },
      "properties": {
        "name": "Sindhu Bhavan Road (SBR) Restaurant #24",
        "type": "restaurant",
        "category": "restaurant",
        "city": "Sindhu Bhavan Road (SBR)",
        "rating": 3.9,
        "footfall": 621,
        "revenue_index": 0.59,
        "value": 0.397
      }
    },
    {
      "type": "Feature",
      "geometry": {
        "type": "Point",
        "coordinates": [
          72.49669,
          23.012
        ]
      },
      "properties": {
        "name": "Prahlad Nagar Corporate Road Restaurant #25",
        "type": "restaurant",
        "category": "restaurant",
        "city": "Prahlad Nagar Corporate Road",
        "rating": 4.9,
        "footfall": 840,
        "revenue_index": 0.67,
        "value": 0.578
      }
    },
    {
      "type": "Feature",
      "geometry": {
        "type": "Point",
        "coordinates": [
          72.52037,
          23.01924
        ]
      },
      "properties": {
        "name": "Prahlad Nagar Corporate Road Gas Station #26",
        "type": "gas_station",
        "category": "gas_station",
        "city": "Prahlad Nagar Corporate Road",
        "rating": 4.0,
        "footfall": 1762,
        "revenue_index": 0.77,
        "value": 0.389
      }
    },
    {
      "type": "Feature",
      "geometry": {
        "type": "Point",
        "coordinates": [
          72.46641,
          23.00482
        ]
      },
      "properties": {
        "name": "Prahlad Nagar Corporate Road Gas Station #27",
        "type": "gas_station",
        "category": "gas_station",
        "city": "Prahlad Nagar Corporate Road",
        "rating": 4.2,
        "footfall": 583,
        "revenue_index": 0.67,
        "value": 0.432
      }
    },
    {
      "type": "Feature",
      "geometry": {
        "type": "Point",
        "coordinates": [
          72.4915,
          23.02545
        ]
      },
      "properties": {
        "name": "Prahlad Nagar Corporate Road Retail #28",
        "type": "retail",
        "category": "retail",
        "city": "Prahlad Nagar Corporate Road",
        "rating": 4.0,
        "footfall": 2538,
        "revenue_index": 0.96,
        "value": 0.45
      }
    },
    {
      "type": "Feature",
      "geometry": {
        "type": "Point",
        "coordinates": [
          72.49098,
          23.02937
        ]
      },
      "properties": {
        "name": "Prahlad Nagar Corporate Road Retail #29",
        "type": "retail",
        "category": "retail",
        "city": "Prahlad Nagar Corporate Road",
        "rating": 3.9,
        "footfall": 2738,
        "revenue_index": 0.47,
        "value": 0.387
      }
    },
    {
      "type": "Feature",
      "geometry": {
        "type": "Point",
        "coordinates": [
          72.51033,
          23.02834
        ]
      },
      "properties": {
        "name": "Prahlad Nagar Corporate Road Gas Station #30",
        "type": "gas_station",
        "category": "gas_station",
        "city": "Prahlad Nagar Corporate Road",
        "rating": 4.8,
        "footfall": 5023,
        "revenue_index": 0.93,
        "value": 0.753
      }
    },
    {
      "type": "Feature",
      "geometry": {
        "type": "Point",
        "coordinates": [
          72.53579,
          22.98933
        ]
      },
      "properties": {
        "name": "Prahlad Nagar Corporate Road Ev Charging #31",
        "type": "ev_charging",
        "category": "ev_charging",
        "city": "Prahlad Nagar Corporate Road",
        "rating": 4.4,
        "footfall": 3438,
        "revenue_index": 0.68,
        "value": 0.777
      }
    },
    {
      "type": "Feature",
      "geometry": {
        "type": "Point",
        "coordinates": [
          72.50828,
          23.02864
        ]
      },
      "properties": {
        "name": "Prahlad Nagar Corporate Road Gas Station #32",
        "type": "gas_station",
        "category": "gas_station",
        "city": "Prahlad Nagar Corporate Road",
        "rating": 4.7,
        "footfall": 2416,
        "revenue_index": 0.58,
        "value": 0.88
      }
    },
    {
      "type": "Feature",
      "geometry": {
        "type": "Point",
        "coordinates": [
          72.54247,
          23.05005
        ]
      },
      "properties": {
        "name": "Satellite & Shivranjani Gas Station #33",
        "type": "gas_station",
        "category": "gas_station",
        "city": "Satellite & Shivranjani",
        "rating": 4.2,
        "footfall": 1305,
        "revenue_index": 0.47,
        "value": 0.387
      }
    },
    {
      "type": "Feature",
      "geometry": {
        "type": "Point",
        "coordinates": [
          72.53902,
          23.05169
        ]
      },
      "properties": {
        "name": "Satellite & Shivranjani Retail #34",
        "type": "retail",
        "category": "retail",
        "city": "Satellite & Shivranjani",
        "rating": 3.7,
        "footfall": 618,
        "revenue_index": 0.88,
        "value": 0.814
      }
    },
    {
      "type": "Feature",
      "geometry": {
        "type": "Point",
        "coordinates": [
          72.52507,
          23.01957
        ]
      },
      "properties": {
        "name": "Satellite & Shivranjani Gas Station #35",
        "type": "gas_station",
        "category": "gas_station",
        "city": "Satellite & Shivranjani",
        "rating": 4.1,
        "footfall": 1137,
        "revenue_index": 0.71,
        "value": 0.617
      }
    },
    {
      "type": "Feature",
      "geometry": {
        "type": "Point",
        "coordinates": [
          72.51907,
          23.03478
        ]
      },
      "properties": {
        "name": "Satellite & Shivranjani Retail #36",
        "type": "retail",
        "category": "retail",
        "city": "Satellite & Shivranjani",
        "rating": 4.7,
        "footfall": 3400,
        "revenue_index": 0.69,
        "value": 0.443
      }
    },
    {
      "type": "Feature",
      "geometry": {
        "type": "Point",
        "coordinates": [
          72.52325,
          23.05635
        ]
      },
      "properties": {
        "name": "Satellite & Shivranjani Ev Charging #37",
        "type": "ev_charging",
        "category": "ev_charging",
        "city": "Satellite & Shivranjani",
        "rating": 4.5,
        "footfall": 4196,
        "revenue_index": 0.49,
        "value": 0.67
      }
    },
    {
      "type": "Feature",
      "geometry": {
        "type": "Point",
        "coordinates": [
          72.52319,
          23.02284
        ]
      },
      "properties": {
        "name": "Satellite & Shivranjani Retail #38",
        "type": "retail",
        "category": "retail",
        "city": "Satellite & Shivranjani",
        "rating": 4.2,
        "footfall": 2277,
        "revenue_index": 0.63,
        "value": 0.96
      }
    },
    {
      "type": "Feature",
      "geometry": {
        "type": "Point",
        "coordinates": [
          72.50362,
          23.03595
        ]
      },
      "properties": {
        "name": "Satellite & Shivranjani Grocery #39",
        "type": "grocery",
        "category": "grocery",
        "city": "Satellite & Shivranjani",
        "rating": 4.8,
        "footfall": 4430,
        "revenue_index": 0.61,
        "value": 0.855
      }
    },
    {
      "type": "Feature",
      "geometry": {
        "type": "Point",
        "coordinates": [
          72.54275,
          23.0422
        ]
      },
      "properties": {
        "name": "Satellite & Shivranjani Retail #40",
        "type": "retail",
        "category": "retail",
        "city": "Satellite & Shivranjani",
        "rating": 3.6,
        "footfall": 3964,
        "revenue_index": 0.55,
        "value": 0.685
      }
    },
    {
      "type": "Feature",
      "geometry": {
        "type": "Point",
        "coordinates": [
          72.5226,
          23.00045
        ]
      },
      "properties": {
        "name": "Vastrapur Lake & IIM Ahmedabad Gas Station #41",
        "type": "gas_station",
        "category": "gas_station",
        "city": "Vastrapur Lake & IIM Ahmedabad",
        "rating": 4.5,
        "footfall": 2478,
        "revenue_index": 0.71,
        "value": 0.479
      }
    },
    {
      "type": "Feature",
      "geometry": {
        "type": "Point",
        "coordinates": [
          72.51573,
          23.00418
        ]
      },
      "properties": {
        "name": "Vastrapur Lake & IIM Ahmedabad Bank #42",
        "type": "bank",
        "category": "bank",
        "city": "Vastrapur Lake & IIM Ahmedabad",
        "rating": 4.6,
        "footfall": 2041,
        "revenue_index": 0.77,
        "value": 0.449
      }
    },
    {
      "type": "Feature",
      "geometry": {
        "type": "Point",
        "coordinates": [
          72.41602,
          23.07617
        ]
      },
      "properties": {
        "name": "Vastrapur Lake & IIM Ahmedabad Ev Charging #43",
        "type": "ev_charging",
        "category": "ev_charging",
        "city": "Vastrapur Lake & IIM Ahmedabad",
        "rating": 4.7,
        "footfall": 3624,
        "revenue_index": 0.68,
        "value": 0.444
      }
    },
    {
      "type": "Feature",
      "geometry": {
        "type": "Point",
        "coordinates": [
          72.53988,
          23.02762
        ]
      },
      "properties": {
        "name": "Vastrapur Lake & IIM Ahmedabad Restaurant #44",
        "type": "restaurant",
        "category": "restaurant",
        "city": "Vastrapur Lake & IIM Ahmedabad",
        "rating": 4.7,
        "footfall": 4291,
        "revenue_index": 0.46,
        "value": 0.386
      }
    },
    {
      "type": "Feature",
      "geometry": {
        "type": "Point",
        "coordinates": [
          72.57293,
          23.03095
        ]
      },
      "properties": {
        "name": "Vastrapur Lake & IIM Ahmedabad Retail #45",
        "type": "retail",
        "category": "retail",
        "city": "Vastrapur Lake & IIM Ahmedabad",
        "rating": 4.0,
        "footfall": 3106,
        "revenue_index": 0.78,
        "value": 0.366
      }
    },
    {
      "type": "Feature",
      "geometry": {
        "type": "Point",
        "coordinates": [
          72.53653,
          23.04966
        ]
      },
      "properties": {
        "name": "Vastrapur Lake & IIM Ahmedabad Gas Station #46",
        "type": "gas_station",
        "category": "gas_station",
        "city": "Vastrapur Lake & IIM Ahmedabad",
        "rating": 4.4,
        "footfall": 4228,
        "revenue_index": 0.52,
        "value": 0.509
      }
    },
    {
      "type": "Feature",
      "geometry": {
        "type": "Point",
        "coordinates": [
          72.538,
          23.0995
        ]
      },
      "properties": {
        "name": "Vastrapur Lake & IIM Ahmedabad Grocery #47",
        "type": "grocery",
        "category": "grocery",
        "city": "Vastrapur Lake & IIM Ahmedabad",
        "rating": 3.9,
        "footfall": 4922,
        "revenue_index": 0.49,
        "value": 0.8
      }
    },
    {
      "type": "Feature",
      "geometry": {
        "type": "Point",
        "coordinates": [
          72.4271,
          23.03931
        ]
      },
      "properties": {
        "name": "Vastrapur Lake & IIM Ahmedabad Bank #48",
        "type": "bank",
        "category": "bank",
        "city": "Vastrapur Lake & IIM Ahmedabad",
        "rating": 4.5,
        "footfall": 5103,
        "revenue_index": 0.45,
        "value": 0.507
      }
    },
    {
      "type": "Feature",
      "geometry": {
        "type": "Point",
        "coordinates": [
          72.56097,
          23.04419
        ]
      },
      "properties": {
        "name": "Navrangpura Commercial District Hotel #49",
        "type": "hotel",
        "category": "hotel",
        "city": "Navrangpura Commercial District",
        "rating": 3.8,
        "footfall": 2493,
        "revenue_index": 0.77,
        "value": 0.666
      }
    },
    {
      "type": "Feature",
      "geometry": {
        "type": "Point",
        "coordinates": [
          72.5465,
          23.04161
        ]
      },
      "properties": {
        "name": "Navrangpura Commercial District Hotel #50",
        "type": "hotel",
        "category": "hotel",
        "city": "Navrangpura Commercial District",
        "rating": 4.4,
        "footfall": 4470,
        "revenue_index": 0.94,
        "value": 0.599
      }
    },
    {
      "type": "Feature",
      "geometry": {
        "type": "Point",
        "coordinates": [
          72.53226,
          23.00278
        ]
      },
      "properties": {
        "name": "Navrangpura Commercial District Bank #51",
        "type": "bank",
        "category": "bank",
        "city": "Navrangpura Commercial District",
        "rating": 3.9,
        "footfall": 933,
        "revenue_index": 0.56,
        "value": 0.722
      }
    },
    {
      "type": "Feature",
      "geometry": {
        "type": "Point",
        "coordinates": [
          72.53105,
          23.02456
        ]
      },
      "properties": {
        "name": "Navrangpura Commercial District Gas Station #52",
        "type": "gas_station",
        "category": "gas_station",
        "city": "Navrangpura Commercial District",
        "rating": 4.4,
        "footfall": 2797,
        "revenue_index": 0.5,
        "value": 0.922
      }
    },
    {
      "type": "Feature",
      "geometry": {
        "type": "Point",
        "coordinates": [
          72.5579,
          23.04674
        ]
      },
      "properties": {
        "name": "Navrangpura Commercial District Gas Station #53",
        "type": "gas_station",
        "category": "gas_station",
        "city": "Navrangpura Commercial District",
        "rating": 4.0,
        "footfall": 802,
        "revenue_index": 0.71,
        "value": 0.71
      }
    },
    {
      "type": "Feature",
      "geometry": {
        "type": "Point",
        "coordinates": [
          72.59469,
          23.03684
        ]
      },
      "properties": {
        "name": "Navrangpura Commercial District Hotel #54",
        "type": "hotel",
        "category": "hotel",
        "city": "Navrangpura Commercial District",
        "rating": 4.0,
        "footfall": 1899,
        "revenue_index": 0.56,
        "value": 0.784
      }
    },
    {
      "type": "Feature",
      "geometry": {
        "type": "Point",
        "coordinates": [
          72.55879,
          23.01454
        ]
      },
      "properties": {
        "name": "Navrangpura Commercial District Ev Charging #55",
        "type": "ev_charging",
        "category": "ev_charging",
        "city": "Navrangpura Commercial District",
        "rating": 4.4,
        "footfall": 1333,
        "revenue_index": 0.98,
        "value": 0.631
      }
    },
    {
      "type": "Feature",
      "geometry": {
        "type": "Point",
        "coordinates": [
          72.5637,
          23.06242
        ]
      },
      "properties": {
        "name": "Navrangpura Commercial District Ev Charging #56",
        "type": "ev_charging",
        "category": "ev_charging",
        "city": "Navrangpura Commercial District",
        "rating": 3.8,
        "footfall": 3929,
        "revenue_index": 0.9,
        "value": 0.952
      }
    },
    {
      "type": "Feature",
      "geometry": {
        "type": "Point",
        "coordinates": [
          72.47499,
          23.04175
        ]
      },
      "properties": {
        "name": "Bopal & South Bopal (SOBO) Retail #57",
        "type": "retail",
        "category": "retail",
        "city": "Bopal & South Bopal (SOBO)",
        "rating": 4.3,
        "footfall": 4828,
        "revenue_index": 0.9,
        "value": 0.417
      }
    },
    {
      "type": "Feature",
      "geometry": {
        "type": "Point",
        "coordinates": [
          72.48275,
          23.00721
        ]
      },
      "properties": {
        "name": "Bopal & South Bopal (SOBO) Bank #58",
        "type": "bank",
        "category": "bank",
        "city": "Bopal & South Bopal (SOBO)",
        "rating": 4.5,
        "footfall": 624,
        "revenue_index": 0.78,
        "value": 0.766
      }
    },
    {
      "type": "Feature",
      "geometry": {
        "type": "Point",
        "coordinates": [
          72.49912,
          23.0319
        ]
      },
      "properties": {
        "name": "Bopal & South Bopal (SOBO) Grocery #59",
        "type": "grocery",
        "category": "grocery",
        "city": "Bopal & South Bopal (SOBO)",
        "rating": 4.8,
        "footfall": 1085,
        "revenue_index": 0.57,
        "value": 0.781
      }
    },
    {
      "type": "Feature",
      "geometry": {
        "type": "Point",
        "coordinates": [
          72.44126,
          23.03392
        ]
      },
      "properties": {
        "name": "Bopal & South Bopal (SOBO) Grocery #60",
        "type": "grocery",
        "category": "grocery",
        "city": "Bopal & South Bopal (SOBO)",
        "rating": 4.3,
        "footfall": 5189,
        "revenue_index": 0.69,
        "value": 0.442
      }
    },
    {
      "type": "Feature",
      "geometry": {
        "type": "Point",
        "coordinates": [
          72.49331,
          23.06495
        ]
      },
      "properties": {
        "name": "Bopal & South Bopal (SOBO) Retail #61",
        "type": "retail",
        "category": "retail",
        "city": "Bopal & South Bopal (SOBO)",
        "rating": 4.6,
        "footfall": 4803,
        "revenue_index": 0.72,
        "value": 0.72
      }
    },
    {
      "type": "Feature",
      "geometry": {
        "type": "Point",
        "coordinates": [
          72.49019,
          23.02779
        ]
      },
      "properties": {
        "name": "Bopal & South Bopal (SOBO) Retail #62",
        "type": "retail",
        "category": "retail",
        "city": "Bopal & South Bopal (SOBO)",
        "rating": 4.7,
        "footfall": 978,
        "revenue_index": 0.96,
        "value": 0.935
      }
    },
    {
      "type": "Feature",
      "geometry": {
        "type": "Point",
        "coordinates": [
          72.45486,
          23.04523
        ]
      },
      "properties": {
        "name": "Bopal & South Bopal (SOBO) Restaurant #63",
        "type": "restaurant",
        "category": "restaurant",
        "city": "Bopal & South Bopal (SOBO)",
        "rating": 3.8,
        "footfall": 1385,
        "revenue_index": 0.69,
        "value": 0.905
      }
    },
    {
      "type": "Feature",
      "geometry": {
        "type": "Point",
        "coordinates": [
          72.48152,
          23.02156
        ]
      },
      "properties": {
        "name": "Bopal & South Bopal (SOBO) Restaurant #64",
        "type": "restaurant",
        "category": "restaurant",
        "city": "Bopal & South Bopal (SOBO)",
        "rating": 4.3,
        "footfall": 4007,
        "revenue_index": 0.97,
        "value": 0.585
      }
    },
    {
      "type": "Feature",
      "geometry": {
        "type": "Point",
        "coordinates": [
          72.49931,
          23.07302
        ]
      },
      "properties": {
        "name": "Thaltej Commercial & Shilaj Axis Retail #65",
        "type": "retail",
        "category": "retail",
        "city": "Thaltej Commercial & Shilaj Axis",
        "rating": 4.7,
        "footfall": 2525,
        "revenue_index": 0.74,
        "value": 0.614
      }
    },
    {
      "type": "Feature",
      "geometry": {
        "type": "Point",
        "coordinates": [
          72.53255,
          23.04385
        ]
      },
      "properties": {
        "name": "Thaltej Commercial & Shilaj Axis Hotel #66",
        "type": "hotel",
        "category": "hotel",
        "city": "Thaltej Commercial & Shilaj Axis",
        "rating": 4.7,
        "footfall": 1947,
        "revenue_index": 0.65,
        "value": 0.404
      }
    },
    {
      "type": "Feature",
      "geometry": {
        "type": "Point",
        "coordinates": [
          72.50312,
          23.04708
        ]
      },
      "properties": {
        "name": "Thaltej Commercial & Shilaj Axis Bank #67",
        "type": "bank",
        "category": "bank",
        "city": "Thaltej Commercial & Shilaj Axis",
        "rating": 4.5,
        "footfall": 1692,
        "revenue_index": 0.72,
        "value": 0.665
      }
    },
    {
      "type": "Feature",
      "geometry": {
        "type": "Point",
        "coordinates": [
          72.49487,
          23.05993
        ]
      },
      "properties": {
        "name": "Thaltej Commercial & Shilaj Axis Restaurant #68",
        "type": "restaurant",
        "category": "restaurant",
        "city": "Thaltej Commercial & Shilaj Axis",
        "rating": 4.4,
        "footfall": 3869,
        "revenue_index": 0.75,
        "value": 0.668
      }
    },
    {
      "type": "Feature",
      "geometry": {
        "type": "Point",
        "coordinates": [
          72.51533,
          23.02747
        ]
      },
      "properties": {
        "name": "Thaltej Commercial & Shilaj Axis Grocery #69",
        "type": "grocery",
        "category": "grocery",
        "city": "Thaltej Commercial & Shilaj Axis",
        "rating": 4.8,
        "footfall": 4308,
        "revenue_index": 0.8,
        "value": 0.382
      }
    },
    {
      "type": "Feature",
      "geometry": {
        "type": "Point",
        "coordinates": [
          72.51307,
          23.06944
        ]
      },
      "properties": {
        "name": "Thaltej Commercial & Shilaj Axis Bank #70",
        "type": "bank",
        "category": "bank",
        "city": "Thaltej Commercial & Shilaj Axis",
        "rating": 3.8,
        "footfall": 1124,
        "revenue_index": 0.87,
        "value": 0.617
      }
    },
    {
      "type": "Feature",
      "geometry": {
        "type": "Point",
        "coordinates": [
          72.5142,
          23.05025
        ]
      },
      "properties": {
        "name": "Thaltej Commercial & Shilaj Axis Grocery #71",
        "type": "grocery",
        "category": "grocery",
        "city": "Thaltej Commercial & Shilaj Axis",
        "rating": 4.4,
        "footfall": 1850,
        "revenue_index": 0.71,
        "value": 0.775
      }
    },
    {
      "type": "Feature",
      "geometry": {
        "type": "Point",
        "coordinates": [
          72.48726,
          23.06182
        ]
      },
      "properties": {
        "name": "Thaltej Commercial & Shilaj Axis Restaurant #72",
        "type": "restaurant",
        "category": "restaurant",
        "city": "Thaltej Commercial & Shilaj Axis",
        "rating": 4.0,
        "footfall": 3491,
        "revenue_index": 0.64,
        "value": 0.841
      }
    },
    {
      "type": "Feature",
      "geometry": {
        "type": "Point",
        "coordinates": [
          72.54891,
          23.07849
        ]
      },
      "properties": {
        "name": "Gota & SG Highway North Hotel #73",
        "type": "hotel",
        "category": "hotel",
        "city": "Gota & SG Highway North",
        "rating": 4.5,
        "footfall": 3661,
        "revenue_index": 0.55,
        "value": 0.753
      }
    },
    {
      "type": "Feature",
      "geometry": {
        "type": "Point",
        "coordinates": [
          72.51484,
          23.13421
        ]
      },
      "properties": {
        "name": "Gota & SG Highway North Bank #74",
        "type": "bank",
        "category": "bank",
        "city": "Gota & SG Highway North",
        "rating": 4.4,
        "footfall": 3482,
        "revenue_index": 0.65,
        "value": 0.507
      }
    },
    {
      "type": "Feature",
      "geometry": {
        "type": "Point",
        "coordinates": [
          72.56558,
          23.10489
        ]
      },
      "properties": {
        "name": "Gota & SG Highway North Retail #75",
        "type": "retail",
        "category": "retail",
        "city": "Gota & SG Highway North",
        "rating": 3.9,
        "footfall": 4591,
        "revenue_index": 0.62,
        "value": 0.391
      }
    },
    {
      "type": "Feature",
      "geometry": {
        "type": "Point",
        "coordinates": [
          72.54268,
          23.12811
        ]
      },
      "properties": {
        "name": "Gota & SG Highway North Retail #76",
        "type": "retail",
        "category": "retail",
        "city": "Gota & SG Highway North",
        "rating": 4.1,
        "footfall": 1709,
        "revenue_index": 0.97,
        "value": 0.574
      }
    },
    {
      "type": "Feature",
      "geometry": {
        "type": "Point",
        "coordinates": [
          72.50773,
          23.10893
        ]
      },
      "properties": {
        "name": "Gota & SG Highway North Gas Station #77",
        "type": "gas_station",
        "category": "gas_station",
        "city": "Gota & SG Highway North",
        "rating": 4.0,
        "footfall": 4878,
        "revenue_index": 0.52,
        "value": 0.667
      }
    },
    {
      "type": "Feature",
      "geometry": {
        "type": "Point",
        "coordinates": [
          72.52686,
          23.08101
        ]
      },
      "properties": {
        "name": "Gota & SG Highway North Restaurant #78",
        "type": "restaurant",
        "category": "restaurant",
        "city": "Gota & SG Highway North",
        "rating": 3.9,
        "footfall": 3677,
        "revenue_index": 0.73,
        "value": 0.666
      }
    },
    {
      "type": "Feature",
      "geometry": {
        "type": "Point",
        "coordinates": [
          72.51711,
          23.08179
        ]
      },
      "properties": {
        "name": "Gota & SG Highway North Restaurant #79",
        "type": "restaurant",
        "category": "restaurant",
        "city": "Gota & SG Highway North",
        "rating": 4.9,
        "footfall": 3637,
        "revenue_index": 0.7,
        "value": 0.974
      }
    },
    {
      "type": "Feature",
      "geometry": {
        "type": "Point",
        "coordinates": [
          72.52145,
          23.10733
        ]
      },
      "properties": {
        "name": "Gota & SG Highway North Grocery #80",
        "type": "grocery",
        "category": "grocery",
        "city": "Gota & SG Highway North",
        "rating": 3.7,
        "footfall": 580,
        "revenue_index": 0.78,
        "value": 0.39
      }
    },
    {
      "type": "Feature",
      "geometry": {
        "type": "Point",
        "coordinates": [
          72.61036,
          23.09836
        ]
      },
      "properties": {
        "name": "Chandkheda & Motera Stadium Precinct Hotel #81",
        "type": "hotel",
        "category": "hotel",
        "city": "Chandkheda & Motera Stadium Precinct",
        "rating": 3.7,
        "footfall": 2433,
        "revenue_index": 0.64,
        "value": 0.826
      }
    },
    {
      "type": "Feature",
      "geometry": {
        "type": "Point",
        "coordinates": [
          72.57827,
          23.07775
        ]
      },
      "properties": {
        "name": "Chandkheda & Motera Stadium Precinct Hotel #82",
        "type": "hotel",
        "category": "hotel",
        "city": "Chandkheda & Motera Stadium Precinct",
        "rating": 4.7,
        "footfall": 3737,
        "revenue_index": 0.51,
        "value": 0.484
      }
    },
    {
      "type": "Feature",
      "geometry": {
        "type": "Point",
        "coordinates": [
          72.56093,
          23.09572
        ]
      },
      "properties": {
        "name": "Chandkheda & Motera Stadium Precinct Ev Charging #83",
        "type": "ev_charging",
        "category": "ev_charging",
        "city": "Chandkheda & Motera Stadium Precinct",
        "rating": 3.8,
        "footfall": 2436,
        "revenue_index": 0.47,
        "value": 0.51
      }
    },
    {
      "type": "Feature",
      "geometry": {
        "type": "Point",
        "coordinates": [
          72.59416,
          23.09389
        ]
      },
      "properties": {
        "name": "Chandkheda & Motera Stadium Precinct Ev Charging #84",
        "type": "ev_charging",
        "category": "ev_charging",
        "city": "Chandkheda & Motera Stadium Precinct",
        "rating": 4.6,
        "footfall": 579,
        "revenue_index": 0.93,
        "value": 0.577
      }
    },
    {
      "type": "Feature",
      "geometry": {
        "type": "Point",
        "coordinates": [
          72.58937,
          23.12865
        ]
      },
      "properties": {
        "name": "Chandkheda & Motera Stadium Precinct Gas Station #85",
        "type": "gas_station",
        "category": "gas_station",
        "city": "Chandkheda & Motera Stadium Precinct",
        "rating": 3.8,
        "footfall": 1420,
        "revenue_index": 0.78,
        "value": 0.62
      }
    },
    {
      "type": "Feature",
      "geometry": {
        "type": "Point",
        "coordinates": [
          72.5684,
          23.08283
        ]
      },
      "properties": {
        "name": "Chandkheda & Motera Stadium Precinct Bank #86",
        "type": "bank",
        "category": "bank",
        "city": "Chandkheda & Motera Stadium Precinct",
        "rating": 4.0,
        "footfall": 631,
        "revenue_index": 0.87,
        "value": 0.612
      }
    },
    {
      "type": "Feature",
      "geometry": {
        "type": "Point",
        "coordinates": [
          72.58075,
          23.11269
        ]
      },
      "properties": {
        "name": "Chandkheda & Motera Stadium Precinct Bank #87",
        "type": "bank",
        "category": "bank",
        "city": "Chandkheda & Motera Stadium Precinct",
        "rating": 4.2,
        "footfall": 935,
        "revenue_index": 0.86,
        "value": 0.43
      }
    },
    {
      "type": "Feature",
      "geometry": {
        "type": "Point",
        "coordinates": [
          72.61977,
          23.10108
        ]
      },
      "properties": {
        "name": "Chandkheda & Motera Stadium Precinct Hotel #88",
        "type": "hotel",
        "category": "hotel",
        "city": "Chandkheda & Motera Stadium Precinct",
        "rating": 4.3,
        "footfall": 742,
        "revenue_index": 0.74,
        "value": 0.953
      }
    },
    {
      "type": "Feature",
      "geometry": {
        "type": "Point",
        "coordinates": [
          72.56739,
          22.9936
        ]
      },
      "properties": {
        "name": "Maninagar & Kankaria Lake Front Gas Station #89",
        "type": "gas_station",
        "category": "gas_station",
        "city": "Maninagar & Kankaria Lake Front",
        "rating": 4.7,
        "footfall": 1591,
        "revenue_index": 0.5,
        "value": 0.4
      }
    },
    {
      "type": "Feature",
      "geometry": {
        "type": "Point",
        "coordinates": [
          72.62405,
          22.9952
        ]
      },
      "properties": {
        "name": "Maninagar & Kankaria Lake Front Retail #90",
        "type": "retail",
        "category": "retail",
        "city": "Maninagar & Kankaria Lake Front",
        "rating": 4.6,
        "footfall": 3074,
        "revenue_index": 0.78,
        "value": 0.929
      }
    },
    {
      "type": "Feature",
      "geometry": {
        "type": "Point",
        "coordinates": [
          72.57316,
          22.97124
        ]
      },
      "properties": {
        "name": "Maninagar & Kankaria Lake Front Grocery #91",
        "type": "grocery",
        "category": "grocery",
        "city": "Maninagar & Kankaria Lake Front",
        "rating": 4.1,
        "footfall": 4810,
        "revenue_index": 0.78,
        "value": 0.927
      }
    },
    {
      "type": "Feature",
      "geometry": {
        "type": "Point",
        "coordinates": [
          72.58014,
          22.99092
        ]
      },
      "properties": {
        "name": "Maninagar & Kankaria Lake Front Bank #92",
        "type": "bank",
        "category": "bank",
        "city": "Maninagar & Kankaria Lake Front",
        "rating": 4.4,
        "footfall": 4007,
        "revenue_index": 0.62,
        "value": 0.669
      }
    },
    {
      "type": "Feature",
      "geometry": {
        "type": "Point",
        "coordinates": [
          72.59137,
          22.97479
        ]
      },
      "properties": {
        "name": "Maninagar & Kankaria Lake Front Hotel #93",
        "type": "hotel",
        "category": "hotel",
        "city": "Maninagar & Kankaria Lake Front",
        "rating": 3.7,
        "footfall": 3187,
        "revenue_index": 0.76,
        "value": 0.967
      }
    },
    {
      "type": "Feature",
      "geometry": {
        "type": "Point",
        "coordinates": [
          72.59552,
          23.00008
        ]
      },
      "properties": {
        "name": "Maninagar & Kankaria Lake Front Retail #94",
        "type": "retail",
        "category": "retail",
        "city": "Maninagar & Kankaria Lake Front",
        "rating": 4.4,
        "footfall": 1879,
        "revenue_index": 0.48,
        "value": 0.783
      }
    },
    {
      "type": "Feature",
      "geometry": {
        "type": "Point",
        "coordinates": [
          72.605,
          22.98208
        ]
      },
      "properties": {
        "name": "Maninagar & Kankaria Lake Front Bank #95",
        "type": "bank",
        "category": "bank",
        "city": "Maninagar & Kankaria Lake Front",
        "rating": 4.8,
        "footfall": 764,
        "revenue_index": 0.64,
        "value": 0.394
      }
    },
    {
      "type": "Feature",
      "geometry": {
        "type": "Point",
        "coordinates": [
          72.61549,
          23.01983
        ]
      },
      "properties": {
        "name": "Maninagar & Kankaria Lake Front Retail #96",
        "type": "retail",
        "category": "retail",
        "city": "Maninagar & Kankaria Lake Front",
        "rating": 3.9,
        "footfall": 4805,
        "revenue_index": 0.85,
        "value": 0.7
      }
    },
    {
      "type": "Feature",
      "geometry": {
        "type": "Point",
        "coordinates": [
          72.67958,
          23.03728
        ]
      },
      "properties": {
        "name": "Nikol & Naroda Industrial Axis Restaurant #97",
        "type": "restaurant",
        "category": "restaurant",
        "city": "Nikol & Naroda Industrial Axis",
        "rating": 4.1,
        "footfall": 1430,
        "revenue_index": 0.5,
        "value": 0.715
      }
    },
    {
      "type": "Feature",
      "geometry": {
        "type": "Point",
        "coordinates": [
          72.68943,
          23.04053
        ]
      },
      "properties": {
        "name": "Nikol & Naroda Industrial Axis Gas Station #98",
        "type": "gas_station",
        "category": "gas_station",
        "city": "Nikol & Naroda Industrial Axis",
        "rating": 4.2,
        "footfall": 802,
        "revenue_index": 0.46,
        "value": 0.763
      }
    },
    {
      "type": "Feature",
      "geometry": {
        "type": "Point",
        "coordinates": [
          72.65376,
          23.02421
        ]
      },
      "properties": {
        "name": "Nikol & Naroda Industrial Axis Ev Charging #99",
        "type": "ev_charging",
        "category": "ev_charging",
        "city": "Nikol & Naroda Industrial Axis",
        "rating": 4.3,
        "footfall": 5154,
        "revenue_index": 0.58,
        "value": 0.38
      }
    },
    {
      "type": "Feature",
      "geometry": {
        "type": "Point",
        "coordinates": [
          72.64436,
          23.09087
        ]
      },
      "properties": {
        "name": "Nikol & Naroda Industrial Axis Bank #100",
        "type": "bank",
        "category": "bank",
        "city": "Nikol & Naroda Industrial Axis",
        "rating": 4.7,
        "footfall": 4960,
        "revenue_index": 0.78,
        "value": 0.622
      }
    },
    {
      "type": "Feature",
      "geometry": {
        "type": "Point",
        "coordinates": [
          72.67673,
          23.03827
        ]
      },
      "properties": {
        "name": "Nikol & Naroda Industrial Axis Gas Station #101",
        "type": "gas_station",
        "category": "gas_station",
        "city": "Nikol & Naroda Industrial Axis",
        "rating": 3.9,
        "footfall": 517,
        "revenue_index": 0.88,
        "value": 0.937
      }
    },
    {
      "type": "Feature",
      "geometry": {
        "type": "Point",
        "coordinates": [
          72.70056,
          23.03809
        ]
      },
      "properties": {
        "name": "Nikol & Naroda Industrial Axis Gas Station #102",
        "type": "gas_station",
        "category": "gas_station",
        "city": "Nikol & Naroda Industrial Axis",
        "rating": 4.6,
        "footfall": 3184,
        "revenue_index": 0.73,
        "value": 0.368
      }
    },
    {
      "type": "Feature",
      "geometry": {
        "type": "Point",
        "coordinates": [
          72.68076,
          23.01439
        ]
      },
      "properties": {
        "name": "Nikol & Naroda Industrial Axis Hotel #103",
        "type": "hotel",
        "category": "hotel",
        "city": "Nikol & Naroda Industrial Axis",
        "rating": 4.0,
        "footfall": 2208,
        "revenue_index": 0.55,
        "value": 0.669
      }
    },
    {
      "type": "Feature",
      "geometry": {
        "type": "Point",
        "coordinates": [
          72.65603,
          23.03744
        ]
      },
      "properties": {
        "name": "Nikol & Naroda Industrial Axis Restaurant #104",
        "type": "restaurant",
        "category": "restaurant",
        "city": "Nikol & Naroda Industrial Axis",
        "rating": 4.7,
        "footfall": 3427,
        "revenue_index": 0.59,
        "value": 0.605
      }
    },
    {
      "type": "Feature",
      "geometry": {
        "type": "Point",
        "coordinates": [
          72.38885,
          22.97938
        ]
      },
      "properties": {
        "name": "Sanand GIDC Mega Automotive Corridor Bank #105",
        "type": "bank",
        "category": "bank",
        "city": "Sanand GIDC Mega Automotive Corridor",
        "rating": 3.8,
        "footfall": 3830,
        "revenue_index": 0.63,
        "value": 0.532
      }
    },
    {
      "type": "Feature",
      "geometry": {
        "type": "Point",
        "coordinates": [
          72.39738,
          23.00495
        ]
      },
      "properties": {
        "name": "Sanand GIDC Mega Automotive Corridor Grocery #106",
        "type": "grocery",
        "category": "grocery",
        "city": "Sanand GIDC Mega Automotive Corridor",
        "rating": 4.4,
        "footfall": 2275,
        "revenue_index": 0.94,
        "value": 0.356
      }
    },
    {
      "type": "Feature",
      "geometry": {
        "type": "Point",
        "coordinates": [
          72.37352,
          23.0027
        ]
      },
      "properties": {
        "name": "Sanand GIDC Mega Automotive Corridor Hotel #107",
        "type": "hotel",
        "category": "hotel",
        "city": "Sanand GIDC Mega Automotive Corridor",
        "rating": 3.8,
        "footfall": 1832,
        "revenue_index": 0.53,
        "value": 0.464
      }
    },
    {
      "type": "Feature",
      "geometry": {
        "type": "Point",
        "coordinates": [
          72.36173,
          22.98817
        ]
      },
      "properties": {
        "name": "Sanand GIDC Mega Automotive Corridor Gas Station #108",
        "type": "gas_station",
        "category": "gas_station",
        "city": "Sanand GIDC Mega Automotive Corridor",
        "rating": 4.5,
        "footfall": 4282,
        "revenue_index": 0.61,
        "value": 0.435
      }
    },
    {
      "type": "Feature",
      "geometry": {
        "type": "Point",
        "coordinates": [
          72.38912,
          22.98367
        ]
      },
      "properties": {
        "name": "Sanand GIDC Mega Automotive Corridor Retail #109",
        "type": "retail",
        "category": "retail",
        "city": "Sanand GIDC Mega Automotive Corridor",
        "rating": 3.7,
        "footfall": 1848,
        "revenue_index": 0.6,
        "value": 0.97
      }
    },
    {
      "type": "Feature",
      "geometry": {
        "type": "Point",
        "coordinates": [
          72.40239,
          23.0163
        ]
      },
      "properties": {
        "name": "Sanand GIDC Mega Automotive Corridor Hotel #110",
        "type": "hotel",
        "category": "hotel",
        "city": "Sanand GIDC Mega Automotive Corridor",
        "rating": 4.3,
        "footfall": 2457,
        "revenue_index": 0.73,
        "value": 0.676
      }
    },
    {
      "type": "Feature",
      "geometry": {
        "type": "Point",
        "coordinates": [
          72.38661,
          22.98113
        ]
      },
      "properties": {
        "name": "Sanand GIDC Mega Automotive Corridor Hotel #111",
        "type": "hotel",
        "category": "hotel",
        "city": "Sanand GIDC Mega Automotive Corridor",
        "rating": 4.8,
        "footfall": 4797,
        "revenue_index": 0.46,
        "value": 0.649
      }
    },
    {
      "type": "Feature",
      "geometry": {
        "type": "Point",
        "coordinates": [
          72.37954,
          22.97015
        ]
      },
      "properties": {
        "name": "Sanand GIDC Mega Automotive Corridor Bank #112",
        "type": "bank",
        "category": "bank",
        "city": "Sanand GIDC Mega Automotive Corridor",
        "rating": 4.2,
        "footfall": 4977,
        "revenue_index": 0.52,
        "value": 0.901
      }
    },
    {
      "type": "Feature",
      "geometry": {
        "type": "Point",
        "coordinates": [
          72.45387,
          22.9357
        ]
      },
      "properties": {
        "name": "Changodar Industrial & Logistics Park Ev Charging #113",
        "type": "ev_charging",
        "category": "ev_charging",
        "city": "Changodar Industrial & Logistics Park",
        "rating": 4.2,
        "footfall": 511,
        "revenue_index": 0.94,
        "value": 0.522
      }
    },
    {
      "type": "Feature",
      "geometry": {
        "type": "Point",
        "coordinates": [
          72.45432,
          22.94439
        ]
      },
      "properties": {
        "name": "Changodar Industrial & Logistics Park Hotel #114",
        "type": "hotel",
        "category": "hotel",
        "city": "Changodar Industrial & Logistics Park",
        "rating": 3.9,
        "footfall": 1744,
        "revenue_index": 0.79,
        "value": 0.618
      }
    },
    {
      "type": "Feature",
      "geometry": {
        "type": "Point",
        "coordinates": [
          72.43751,
          22.92965
        ]
      },
      "properties": {
        "name": "Changodar Industrial & Logistics Park Restaurant #115",
        "type": "restaurant",
        "category": "restaurant",
        "city": "Changodar Industrial & Logistics Park",
        "rating": 3.7,
        "footfall": 4731,
        "revenue_index": 0.58,
        "value": 0.813
      }
    },
    {
      "type": "Feature",
      "geometry": {
        "type": "Point",
        "coordinates": [
          72.41586,
          22.93653
        ]
      },
      "properties": {
        "name": "Changodar Industrial & Logistics Park Gas Station #116",
        "type": "gas_station",
        "category": "gas_station",
        "city": "Changodar Industrial & Logistics Park",
        "rating": 4.0,
        "footfall": 3561,
        "revenue_index": 0.91,
        "value": 0.685
      }
    },
    {
      "type": "Feature",
      "geometry": {
        "type": "Point",
        "coordinates": [
          72.43317,
          22.90612
        ]
      },
      "properties": {
        "name": "Changodar Industrial & Logistics Park Hotel #117",
        "type": "hotel",
        "category": "hotel",
        "city": "Changodar Industrial & Logistics Park",
        "rating": 4.4,
        "footfall": 3418,
        "revenue_index": 0.97,
        "value": 0.947
      }
    },
    {
      "type": "Feature",
      "geometry": {
        "type": "Point",
        "coordinates": [
          72.43916,
          22.92841
        ]
      },
      "properties": {
        "name": "Changodar Industrial & Logistics Park Bank #118",
        "type": "bank",
        "category": "bank",
        "city": "Changodar Industrial & Logistics Park",
        "rating": 4.3,
        "footfall": 2305,
        "revenue_index": 0.72,
        "value": 0.904
      }
    },
    {
      "type": "Feature",
      "geometry": {
        "type": "Point",
        "coordinates": [
          72.3838,
          22.81816
        ]
      },
      "properties": {
        "name": "Bavla Industrial & Grain Hub Ev Charging #119",
        "type": "ev_charging",
        "category": "ev_charging",
        "city": "Bavla Industrial & Grain Hub",
        "rating": 3.7,
        "footfall": 3916,
        "revenue_index": 0.58,
        "value": 0.761
      }
    },
    {
      "type": "Feature",
      "geometry": {
        "type": "Point",
        "coordinates": [
          72.38065,
          22.83193
        ]
      },
      "properties": {
        "name": "Bavla Industrial & Grain Hub Bank #120",
        "type": "bank",
        "category": "bank",
        "city": "Bavla Industrial & Grain Hub",
        "rating": 3.8,
        "footfall": 2012,
        "revenue_index": 0.9,
        "value": 0.398
      }
    },
    {
      "type": "Feature",
      "geometry": {
        "type": "Point",
        "coordinates": [
          72.44994,
          22.72759
        ]
      },
      "properties": {
        "name": "Dholka Historical & Pharma Town Bank #121",
        "type": "bank",
        "category": "bank",
        "city": "Dholka Historical & Pharma Town",
        "rating": 4.9,
        "footfall": 2738,
        "revenue_index": 0.86,
        "value": 0.737
      }
    },
    {
      "type": "Feature",
      "geometry": {
        "type": "Point",
        "coordinates": [
          72.39572,
          22.71652
        ]
      },
      "properties": {
        "name": "Dholka Historical & Pharma Town Bank #122",
        "type": "bank",
        "category": "bank",
        "city": "Dholka Historical & Pharma Town",
        "rating": 4.8,
        "footfall": 1095,
        "revenue_index": 0.69,
        "value": 0.918
      }
    },
    {
      "type": "Feature",
      "geometry": {
        "type": "Point",
        "coordinates": [
          72.04294,
          23.11519
        ]
      },
      "properties": {
        "name": "Viramgam Railway Junction & Commercial Hub Bank #123",
        "type": "bank",
        "category": "bank",
        "city": "Viramgam Railway Junction & Commercial Hub",
        "rating": 4.0,
        "footfall": 1762,
        "revenue_index": 0.71,
        "value": 0.369
      }
    },
    {
      "type": "Feature",
      "geometry": {
        "type": "Point",
        "coordinates": [
          72.01812,
          23.13914
        ]
      },
      "properties": {
        "name": "Viramgam Railway Junction & Commercial Hub Gas Station #124",
        "type": "gas_station",
        "category": "gas_station",
        "city": "Viramgam Railway Junction & Commercial Hub",
        "rating": 4.5,
        "footfall": 996,
        "revenue_index": 0.93,
        "value": 0.573
      }
    },
    {
      "type": "Feature",
      "geometry": {
        "type": "Point",
        "coordinates": [
          71.9171,
          23.3043
        ]
      },
      "properties": {
        "name": "Mandal Industrial Node Hotel #125",
        "type": "hotel",
        "category": "hotel",
        "city": "Mandal Industrial Node",
        "rating": 4.7,
        "footfall": 3570,
        "revenue_index": 0.96,
        "value": 0.871
      }
    },
    {
      "type": "Feature",
      "geometry": {
        "type": "Point",
        "coordinates": [
          71.94933,
          23.27902
        ]
      },
      "properties": {
        "name": "Mandal Industrial Node Restaurant #126",
        "type": "restaurant",
        "category": "restaurant",
        "city": "Mandal Industrial Node",
        "rating": 3.6,
        "footfall": 2280,
        "revenue_index": 0.62,
        "value": 0.694
      }
    },
    {
      "type": "Feature",
      "geometry": {
        "type": "Point",
        "coordinates": [
          71.90043,
          23.28733
        ]
      },
      "properties": {
        "name": "Mandal Industrial Node Restaurant #127",
        "type": "restaurant",
        "category": "restaurant",
        "city": "Mandal Industrial Node",
        "rating": 4.0,
        "footfall": 2280,
        "revenue_index": 0.92,
        "value": 0.357
      }
    },
    {
      "type": "Feature",
      "geometry": {
        "type": "Point",
        "coordinates": [
          71.88119,
          23.30499
        ]
      },
      "properties": {
        "name": "Mandal Industrial Node Hotel #128",
        "type": "hotel",
        "category": "hotel",
        "city": "Mandal Industrial Node",
        "rating": 4.4,
        "footfall": 1250,
        "revenue_index": 0.72,
        "value": 0.801
      }
    },
    {
      "type": "Feature",
      "geometry": {
        "type": "Point",
        "coordinates": [
          71.92945,
          23.26259
        ]
      },
      "properties": {
        "name": "Mandal Industrial Node Ev Charging #129",
        "type": "ev_charging",
        "category": "ev_charging",
        "city": "Mandal Industrial Node",
        "rating": 4.3,
        "footfall": 948,
        "revenue_index": 0.9,
        "value": 0.568
      }
    },
    {
      "type": "Feature",
      "geometry": {
        "type": "Point",
        "coordinates": [
          71.92931,
          23.28699
        ]
      },
      "properties": {
        "name": "Mandal Industrial Node Bank #130",
        "type": "bank",
        "category": "bank",
        "city": "Mandal Industrial Node",
        "rating": 4.8,
        "footfall": 2543,
        "revenue_index": 0.59,
        "value": 0.384
      }
    },
    {
      "type": "Feature",
      "geometry": {
        "type": "Point",
        "coordinates": [
          72.18145,
          23.30222
        ]
      },
      "properties": {
        "name": "Detroj-Rampura Taluka Center Ev Charging #131",
        "type": "ev_charging",
        "category": "ev_charging",
        "city": "Detroj-Rampura Taluka Center",
        "rating": 4.5,
        "footfall": 4292,
        "revenue_index": 0.77,
        "value": 0.487
      }
    },
    {
      "type": "Feature",
      "geometry": {
        "type": "Point",
        "coordinates": [
          72.16613,
          23.32611
        ]
      },
      "properties": {
        "name": "Detroj-Rampura Taluka Center Retail #132",
        "type": "retail",
        "category": "retail",
        "city": "Detroj-Rampura Taluka Center",
        "rating": 4.4,
        "footfall": 3025,
        "revenue_index": 0.58,
        "value": 0.725
      }
    },
    {
      "type": "Feature",
      "geometry": {
        "type": "Point",
        "coordinates": [
          71.99578,
          22.38101
        ]
      },
      "properties": {
        "name": "Dhandhuka Regional Gateway Grocery #133",
        "type": "grocery",
        "category": "grocery",
        "city": "Dhandhuka Regional Gateway",
        "rating": 4.3,
        "footfall": 2492,
        "revenue_index": 0.91,
        "value": 0.813
      }
    },
    {
      "type": "Feature",
      "geometry": {
        "type": "Point",
        "coordinates": [
          71.9582,
          22.3771
        ]
      },
      "properties": {
        "name": "Dhandhuka Regional Gateway Gas Station #134",
        "type": "gas_station",
        "category": "gas_station",
        "city": "Dhandhuka Regional Gateway",
        "rating": 4.9,
        "footfall": 4722,
        "revenue_index": 0.72,
        "value": 0.448
      }
    },
    {
      "type": "Feature",
      "geometry": {
        "type": "Point",
        "coordinates": [
          72.16932,
          22.27025
        ]
      },
      "properties": {
        "name": "Dholera Special Investment Region (SIR) Retail #135",
        "type": "retail",
        "category": "retail",
        "city": "Dholera Special Investment Region (SIR)",
        "rating": 4.0,
        "footfall": 2976,
        "revenue_index": 0.71,
        "value": 0.793
      }
    },
    {
      "type": "Feature",
      "geometry": {
        "type": "Point",
        "coordinates": [
          72.18146,
          22.2525
        ]
      },
      "properties": {
        "name": "Dholera Special Investment Region (SIR) Hotel #136",
        "type": "hotel",
        "category": "hotel",
        "city": "Dholera Special Investment Region (SIR)",
        "rating": 4.2,
        "footfall": 1526,
        "revenue_index": 0.58,
        "value": 0.497
      }
    },
    {
      "type": "Feature",
      "geometry": {
        "type": "Point",
        "coordinates": [
          72.15088,
          22.26189
        ]
      },
      "properties": {
        "name": "Dholera Special Investment Region (SIR) Grocery #137",
        "type": "grocery",
        "category": "grocery",
        "city": "Dholera Special Investment Region (SIR)",
        "rating": 4.3,
        "footfall": 3523,
        "revenue_index": 0.83,
        "value": 0.46
      }
    },
    {
      "type": "Feature",
      "geometry": {
        "type": "Point",
        "coordinates": [
          72.20152,
          22.25626
        ]
      },
      "properties": {
        "name": "Dholera Special Investment Region (SIR) Grocery #138",
        "type": "grocery",
        "category": "grocery",
        "city": "Dholera Special Investment Region (SIR)",
        "rating": 4.4,
        "footfall": 4082,
        "revenue_index": 0.54,
        "value": 0.498
      }
    },
    {
      "type": "Feature",
      "geometry": {
        "type": "Point",
        "coordinates": [
          72.18628,
          22.23802
        ]
      },
      "properties": {
        "name": "Dholera Special Investment Region (SIR) Retail #139",
        "type": "retail",
        "category": "retail",
        "city": "Dholera Special Investment Region (SIR)",
        "rating": 4.9,
        "footfall": 4903,
        "revenue_index": 0.71,
        "value": 0.597
      }
    },
    {
      "type": "Feature",
      "geometry": {
        "type": "Point",
        "coordinates": [
          72.14487,
          22.2662
        ]
      },
      "properties": {
        "name": "Dholera Special Investment Region (SIR) Grocery #140",
        "type": "grocery",
        "category": "grocery",
        "city": "Dholera Special Investment Region (SIR)",
        "rating": 3.9,
        "footfall": 1812,
        "revenue_index": 0.72,
        "value": 0.674
      }
    },
    {
      "type": "Feature",
      "geometry": {
        "type": "Point",
        "coordinates": [
          72.6913,
          23.18074
        ]
      },
      "properties": {
        "name": "GIFT City International FinTech Zone Restaurant #141",
        "type": "restaurant",
        "category": "restaurant",
        "city": "GIFT City International FinTech Zone",
        "rating": 3.8,
        "footfall": 1392,
        "revenue_index": 0.47,
        "value": 0.424
      }
    },
    {
      "type": "Feature",
      "geometry": {
        "type": "Point",
        "coordinates": [
          72.69551,
          23.16463
        ]
      },
      "properties": {
        "name": "GIFT City International FinTech Zone Retail #142",
        "type": "retail",
        "category": "retail",
        "city": "GIFT City International FinTech Zone",
        "rating": 3.6,
        "footfall": 4676,
        "revenue_index": 0.65,
        "value": 0.623
      }
    },
    {
      "type": "Feature",
      "geometry": {
        "type": "Point",
        "coordinates": [
          72.70937,
          23.18658
        ]
      },
      "properties": {
        "name": "GIFT City International FinTech Zone Grocery #143",
        "type": "grocery",
        "category": "grocery",
        "city": "GIFT City International FinTech Zone",
        "rating": 4.7,
        "footfall": 4972,
        "revenue_index": 0.94,
        "value": 0.776
      }
    },
    {
      "type": "Feature",
      "geometry": {
        "type": "Point",
        "coordinates": [
          72.67368,
          23.15795
        ]
      },
      "properties": {
        "name": "GIFT City International FinTech Zone Grocery #144",
        "type": "grocery",
        "category": "grocery",
        "city": "GIFT City International FinTech Zone",
        "rating": 3.7,
        "footfall": 2820,
        "revenue_index": 0.55,
        "value": 0.592
      }
    },
    {
      "type": "Feature",
      "geometry": {
        "type": "Point",
        "coordinates": [
          72.6886,
          23.16636
        ]
      },
      "properties": {
        "name": "GIFT City International FinTech Zone Bank #145",
        "type": "bank",
        "category": "bank",
        "city": "GIFT City International FinTech Zone",
        "rating": 3.9,
        "footfall": 4930,
        "revenue_index": 0.6,
        "value": 0.551
      }
    },
    {
      "type": "Feature",
      "geometry": {
        "type": "Point",
        "coordinates": [
          72.725,
          23.16153
        ]
      },
      "properties": {
        "name": "GIFT City International FinTech Zone Grocery #146",
        "type": "grocery",
        "category": "grocery",
        "city": "GIFT City International FinTech Zone",
        "rating": 4.3,
        "footfall": 788,
        "revenue_index": 0.87,
        "value": 0.524
      }
    },
    {
      "type": "Feature",
      "geometry": {
        "type": "Point",
        "coordinates": [
          72.65417,
          23.1659
        ]
      },
      "properties": {
        "name": "GIFT City International FinTech Zone Grocery #147",
        "type": "grocery",
        "category": "grocery",
        "city": "GIFT City International FinTech Zone",
        "rating": 4.4,
        "footfall": 1997,
        "revenue_index": 0.62,
        "value": 0.607
      }
    },
    {
      "type": "Feature",
      "geometry": {
        "type": "Point",
        "coordinates": [
          72.68233,
          23.17482
        ]
      },
      "properties": {
        "name": "GIFT City International FinTech Zone Bank #148",
        "type": "bank",
        "category": "bank",
        "city": "GIFT City International FinTech Zone",
        "rating": 4.6,
        "footfall": 685,
        "revenue_index": 0.45,
        "value": 0.812
      }
    },
    {
      "type": "Feature",
      "geometry": {
        "type": "Point",
        "coordinates": [
          72.636,
          23.23992
        ]
      },
      "properties": {
        "name": "Gandhinagar Central (Sector 10-21) Hotel #149",
        "type": "hotel",
        "category": "hotel",
        "city": "Gandhinagar Central (Sector 10-21)",
        "rating": 4.1,
        "footfall": 1894,
        "revenue_index": 0.45,
        "value": 0.865
      }
    },
    {
      "type": "Feature",
      "geometry": {
        "type": "Point",
        "coordinates": [
          72.65747,
          23.21212
        ]
      },
      "properties": {
        "name": "Gandhinagar Central (Sector 10-21) Bank #150",
        "type": "bank",
        "category": "bank",
        "city": "Gandhinagar Central (Sector 10-21)",
        "rating": 4.4,
        "footfall": 3984,
        "revenue_index": 0.89,
        "value": 0.559
      }
    },
    {
      "type": "Feature",
      "geometry": {
        "type": "Point",
        "coordinates": [
          72.63199,
          23.22206
        ]
      },
      "properties": {
        "name": "Gandhinagar Central (Sector 10-21) Gas Station #151",
        "type": "gas_station",
        "category": "gas_station",
        "city": "Gandhinagar Central (Sector 10-21)",
        "rating": 4.9,
        "footfall": 3594,
        "revenue_index": 0.67,
        "value": 0.408
      }
    },
    {
      "type": "Feature",
      "geometry": {
        "type": "Point",
        "coordinates": [
          72.63986,
          23.24874
        ]
      },
      "properties": {
        "name": "Gandhinagar Central (Sector 10-21) Ev Charging #152",
        "type": "ev_charging",
        "category": "ev_charging",
        "city": "Gandhinagar Central (Sector 10-21)",
        "rating": 4.0,
        "footfall": 1108,
        "revenue_index": 0.83,
        "value": 0.794
      }
    },
    {
      "type": "Feature",
      "geometry": {
        "type": "Point",
        "coordinates": [
          72.59905,
          23.25863
        ]
      },
      "properties": {
        "name": "Gandhinagar Central (Sector 10-21) Ev Charging #153",
        "type": "ev_charging",
        "category": "ev_charging",
        "city": "Gandhinagar Central (Sector 10-21)",
        "rating": 3.6,
        "footfall": 4061,
        "revenue_index": 0.74,
        "value": 0.413
      }
    },
    {
      "type": "Feature",
      "geometry": {
        "type": "Point",
        "coordinates": [
          72.59701,
          23.15688
        ]
      },
      "properties": {
        "name": "Infocity IT & Software Park Grocery #154",
        "type": "grocery",
        "category": "grocery",
        "city": "Infocity IT & Software Park",
        "rating": 3.9,
        "footfall": 4245,
        "revenue_index": 0.47,
        "value": 0.738
      }
    },
    {
      "type": "Feature",
      "geometry": {
        "type": "Point",
        "coordinates": [
          72.64901,
          23.17354
        ]
      },
      "properties": {
        "name": "Infocity IT & Software Park Restaurant #155",
        "type": "restaurant",
        "category": "restaurant",
        "city": "Infocity IT & Software Park",
        "rating": 4.2,
        "footfall": 4891,
        "revenue_index": 0.56,
        "value": 0.699
      }
    },
    {
      "type": "Feature",
      "geometry": {
        "type": "Point",
        "coordinates": [
          72.65302,
          23.16731
        ]
      },
      "properties": {
        "name": "Infocity IT & Software Park Grocery #156",
        "type": "grocery",
        "category": "grocery",
        "city": "Infocity IT & Software Park",
        "rating": 4.4,
        "footfall": 1705,
        "revenue_index": 0.66,
        "value": 0.639
      }
    },
    {
      "type": "Feature",
      "geometry": {
        "type": "Point",
        "coordinates": [
          72.63031,
          23.20464
        ]
      },
      "properties": {
        "name": "Infocity IT & Software Park Gas Station #157",
        "type": "gas_station",
        "category": "gas_station",
        "city": "Infocity IT & Software Park",
        "rating": 4.3,
        "footfall": 4660,
        "revenue_index": 0.93,
        "value": 0.706
      }
    },
    {
      "type": "Feature",
      "geometry": {
        "type": "Point",
        "coordinates": [
          72.63909,
          23.13623
        ]
      },
      "properties": {
        "name": "Infocity IT & Software Park Bank #158",
        "type": "bank",
        "category": "bank",
        "city": "Infocity IT & Software Park",
        "rating": 4.4,
        "footfall": 995,
        "revenue_index": 0.64,
        "value": 0.584
      }
    },
    {
      "type": "Feature",
      "geometry": {
        "type": "Point",
        "coordinates": [
          72.62126,
          23.17969
        ]
      },
      "properties": {
        "name": "Infocity IT & Software Park Gas Station #159",
        "type": "gas_station",
        "category": "gas_station",
        "city": "Infocity IT & Software Park",
        "rating": 4.7,
        "footfall": 5064,
        "revenue_index": 0.69,
        "value": 0.588
      }
    },
    {
      "type": "Feature",
      "geometry": {
        "type": "Point",
        "coordinates": [
          72.61877,
          23.17147
        ]
      },
      "properties": {
        "name": "Kudasan & Raysan Urban Corridor Retail #160",
        "type": "retail",
        "category": "retail",
        "city": "Kudasan & Raysan Urban Corridor",
        "rating": 4.8,
        "footfall": 1487,
        "revenue_index": 0.68,
        "value": 0.792
      }
    },
    {
      "type": "Feature",
      "geometry": {
        "type": "Point",
        "coordinates": [
          72.63054,
          23.19418
        ]
      },
      "properties": {
        "name": "Kudasan & Raysan Urban Corridor Bank #161",
        "type": "bank",
        "category": "bank",
        "city": "Kudasan & Raysan Urban Corridor",
        "rating": 4.3,
        "footfall": 4979,
        "revenue_index": 0.89,
        "value": 0.468
      }
    },
    {
      "type": "Feature",
      "geometry": {
        "type": "Point",
        "coordinates": [
          72.63612,
          23.2169
        ]
      },
      "properties": {
        "name": "Kudasan & Raysan Urban Corridor Grocery #162",
        "type": "grocery",
        "category": "grocery",
        "city": "Kudasan & Raysan Urban Corridor",
        "rating": 4.7,
        "footfall": 5082,
        "revenue_index": 0.65,
        "value": 0.438
      }
    },
    {
      "type": "Feature",
      "geometry": {
        "type": "Point",
        "coordinates": [
          72.64084,
          23.1925
        ]
      },
      "properties": {
        "name": "Kudasan & Raysan Urban Corridor Ev Charging #163",
        "type": "ev_charging",
        "category": "ev_charging",
        "city": "Kudasan & Raysan Urban Corridor",
        "rating": 4.3,
        "footfall": 1364,
        "revenue_index": 0.69,
        "value": 0.638
      }
    },
    {
      "type": "Feature",
      "geometry": {
        "type": "Point",
        "coordinates": [
          72.60623,
          23.16929
        ]
      },
      "properties": {
        "name": "Kudasan & Raysan Urban Corridor Restaurant #164",
        "type": "restaurant",
        "category": "restaurant",
        "city": "Kudasan & Raysan Urban Corridor",
        "rating": 4.2,
        "footfall": 3554,
        "revenue_index": 0.77,
        "value": 0.844
      }
    },
    {
      "type": "Feature",
      "geometry": {
        "type": "Point",
        "coordinates": [
          72.64731,
          23.19628
        ]
      },
      "properties": {
        "name": "Kudasan & Raysan Urban Corridor Hotel #165",
        "type": "hotel",
        "category": "hotel",
        "city": "Kudasan & Raysan Urban Corridor",
        "rating": 4.4,
        "footfall": 1585,
        "revenue_index": 0.6,
        "value": 0.733
      }
    },
    {
      "type": "Feature",
      "geometry": {
        "type": "Point",
        "coordinates": [
          72.60975,
          23.14474
        ]
      },
      "properties": {
        "name": "Kudasan & Raysan Urban Corridor Gas Station #166",
        "type": "gas_station",
        "category": "gas_station",
        "city": "Kudasan & Raysan Urban Corridor",
        "rating": 3.9,
        "footfall": 1732,
        "revenue_index": 0.52,
        "value": 0.944
      }
    },
    {
      "type": "Feature",
      "geometry": {
        "type": "Point",
        "coordinates": [
          72.65262,
          23.16491
        ]
      },
      "properties": {
        "name": "Kudasan & Raysan Urban Corridor Gas Station #167",
        "type": "gas_station",
        "category": "gas_station",
        "city": "Kudasan & Raysan Urban Corridor",
        "rating": 3.7,
        "footfall": 2565,
        "revenue_index": 0.83,
        "value": 0.581
      }
    },
    {
      "type": "Feature",
      "geometry": {
        "type": "Point",
        "coordinates": [
          72.59694,
          23.203
        ]
      },
      "properties": {
        "name": "Sargasan Cross Roads & SG Highway Extension Grocery #168",
        "type": "grocery",
        "category": "grocery",
        "city": "Sargasan Cross Roads & SG Highway Extension",
        "rating": 4.1,
        "footfall": 2805,
        "revenue_index": 0.65,
        "value": 0.875
      }
    },
    {
      "type": "Feature",
      "geometry": {
        "type": "Point",
        "coordinates": [
          72.60742,
          23.21201
        ]
      },
      "properties": {
        "name": "Sargasan Cross Roads & SG Highway Extension Grocery #169",
        "type": "grocery",
        "category": "grocery",
        "city": "Sargasan Cross Roads & SG Highway Extension",
        "rating": 3.8,
        "footfall": 5134,
        "revenue_index": 0.53,
        "value": 0.882
      }
    },
    {
      "type": "Feature",
      "geometry": {
        "type": "Point",
        "coordinates": [
          72.62691,
          23.17426
        ]
      },
      "properties": {
        "name": "Sargasan Cross Roads & SG Highway Extension Bank #170",
        "type": "bank",
        "category": "bank",
        "city": "Sargasan Cross Roads & SG Highway Extension",
        "rating": 4.3,
        "footfall": 807,
        "revenue_index": 0.48,
        "value": 0.602
      }
    },
    {
      "type": "Feature",
      "geometry": {
        "type": "Point",
        "coordinates": [
          72.58503,
          23.22577
        ]
      },
      "properties": {
        "name": "Sargasan Cross Roads & SG Highway Extension Gas Station #171",
        "type": "gas_station",
        "category": "gas_station",
        "city": "Sargasan Cross Roads & SG Highway Extension",
        "rating": 4.0,
        "footfall": 832,
        "revenue_index": 0.69,
        "value": 0.483
      }
    },
    {
      "type": "Feature",
      "geometry": {
        "type": "Point",
        "coordinates": [
          72.62803,
          23.21583
        ]
      },
      "properties": {
        "name": "Sargasan Cross Roads & SG Highway Extension Gas Station #172",
        "type": "gas_station",
        "category": "gas_station",
        "city": "Sargasan Cross Roads & SG Highway Extension",
        "rating": 4.9,
        "footfall": 4521,
        "revenue_index": 0.54,
        "value": 0.703
      }
    },
    {
      "type": "Feature",
      "geometry": {
        "type": "Point",
        "coordinates": [
          72.62732,
          23.18257
        ]
      },
      "properties": {
        "name": "Sargasan Cross Roads & SG Highway Extension Hotel #173",
        "type": "hotel",
        "category": "hotel",
        "city": "Sargasan Cross Roads & SG Highway Extension",
        "rating": 4.0,
        "footfall": 878,
        "revenue_index": 0.5,
        "value": 0.678
      }
    },
    {
      "type": "Feature",
      "geometry": {
        "type": "Point",
        "coordinates": [
          72.59091,
          23.22349
        ]
      },
      "properties": {
        "name": "Sargasan Cross Roads & SG Highway Extension Restaurant #174",
        "type": "restaurant",
        "category": "restaurant",
        "city": "Sargasan Cross Roads & SG Highway Extension",
        "rating": 3.8,
        "footfall": 2544,
        "revenue_index": 0.83,
        "value": 0.501
      }
    },
    {
      "type": "Feature",
      "geometry": {
        "type": "Point",
        "coordinates": [
          72.61624,
          23.20636
        ]
      },
      "properties": {
        "name": "Sargasan Cross Roads & SG Highway Extension Gas Station #175",
        "type": "gas_station",
        "category": "gas_station",
        "city": "Sargasan Cross Roads & SG Highway Extension",
        "rating": 4.8,
        "footfall": 4842,
        "revenue_index": 0.94,
        "value": 0.851
      }
    },
    {
      "type": "Feature",
      "geometry": {
        "type": "Point",
        "coordinates": [
          72.51524,
          23.22652
        ]
      },
      "properties": {
        "name": "Kalol GIDC Industrial Estate Retail #176",
        "type": "retail",
        "category": "retail",
        "city": "Kalol GIDC Industrial Estate",
        "rating": 4.6,
        "footfall": 5007,
        "revenue_index": 0.79,
        "value": 0.824
      }
    },
    {
      "type": "Feature",
      "geometry": {
        "type": "Point",
        "coordinates": [
          72.50218,
          23.25187
        ]
      },
      "properties": {
        "name": "Kalol GIDC Industrial Estate Ev Charging #177",
        "type": "ev_charging",
        "category": "ev_charging",
        "city": "Kalol GIDC Industrial Estate",
        "rating": 4.9,
        "footfall": 1858,
        "revenue_index": 0.9,
        "value": 0.908
      }
    },
    {
      "type": "Feature",
      "geometry": {
        "type": "Point",
        "coordinates": [
          72.52343,
          23.27054
        ]
      },
      "properties": {
        "name": "Kalol GIDC Industrial Estate Retail #178",
        "type": "retail",
        "category": "retail",
        "city": "Kalol GIDC Industrial Estate",
        "rating": 4.0,
        "footfall": 3901,
        "revenue_index": 0.49,
        "value": 0.904
      }
    },
    {
      "type": "Feature",
      "geometry": {
        "type": "Point",
        "coordinates": [
          72.48265,
          23.24146
        ]
      },
      "properties": {
        "name": "Kalol GIDC Industrial Estate Hotel #179",
        "type": "hotel",
        "category": "hotel",
        "city": "Kalol GIDC Industrial Estate",
        "rating": 4.7,
        "footfall": 4009,
        "revenue_index": 0.48,
        "value": 0.709
      }
    },
    {
      "type": "Feature",
      "geometry": {
        "type": "Point",
        "coordinates": [
          72.50469,
          23.24402
        ]
      },
      "properties": {
        "name": "Kalol GIDC Industrial Estate Retail #180",
        "type": "retail",
        "category": "retail",
        "city": "Kalol GIDC Industrial Estate",
        "rating": 4.7,
        "footfall": 2971,
        "revenue_index": 0.81,
        "value": 0.353
      }
    },
    {
      "type": "Feature",
      "geometry": {
        "type": "Point",
        "coordinates": [
          72.50274,
          23.19916
        ]
      },
      "properties": {
        "name": "Kalol GIDC Industrial Estate Hotel #181",
        "type": "hotel",
        "category": "hotel",
        "city": "Kalol GIDC Industrial Estate",
        "rating": 4.9,
        "footfall": 1109,
        "revenue_index": 0.91,
        "value": 0.712
      }
    },
    {
      "type": "Feature",
      "geometry": {
        "type": "Point",
        "coordinates": [
          72.68622,
          23.41508
        ]
      },
      "properties": {
        "name": "Mansa Commercial & Agricultural Town Bank #182",
        "type": "bank",
        "category": "bank",
        "city": "Mansa Commercial & Agricultural Town",
        "rating": 4.0,
        "footfall": 1553,
        "revenue_index": 0.87,
        "value": 0.679
      }
    },
    {
      "type": "Feature",
      "geometry": {
        "type": "Point",
        "coordinates": [
          72.67188,
          23.40704
        ]
      },
      "properties": {
        "name": "Mansa Commercial & Agricultural Town Restaurant #183",
        "type": "restaurant",
        "category": "restaurant",
        "city": "Mansa Commercial & Agricultural Town",
        "rating": 4.7,
        "footfall": 3776,
        "revenue_index": 0.63,
        "value": 0.725
      }
    },
    {
      "type": "Feature",
      "geometry": {
        "type": "Point",
        "coordinates": [
          72.68004,
          23.42161
        ]
      },
      "properties": {
        "name": "Mansa Commercial & Agricultural Town Retail #184",
        "type": "retail",
        "category": "retail",
        "city": "Mansa Commercial & Agricultural Town",
        "rating": 4.1,
        "footfall": 1121,
        "revenue_index": 0.96,
        "value": 0.85
      }
    },
    {
      "type": "Feature",
      "geometry": {
        "type": "Point",
        "coordinates": [
          72.65895,
          23.41461
        ]
      },
      "properties": {
        "name": "Mansa Commercial & Agricultural Town Gas Station #185",
        "type": "gas_station",
        "category": "gas_station",
        "city": "Mansa Commercial & Agricultural Town",
        "rating": 3.9,
        "footfall": 2946,
        "revenue_index": 0.88,
        "value": 0.402
      }
    },
    {
      "type": "Feature",
      "geometry": {
        "type": "Point",
        "coordinates": [
          72.79528,
          23.18964
        ]
      },
      "properties": {
        "name": "Dehgam Industrial & Transport Node Retail #186",
        "type": "retail",
        "category": "retail",
        "city": "Dehgam Industrial & Transport Node",
        "rating": 3.6,
        "footfall": 3122,
        "revenue_index": 0.47,
        "value": 0.572
      }
    },
    {
      "type": "Feature",
      "geometry": {
        "type": "Point",
        "coordinates": [
          72.80271,
          23.147
        ]
      },
      "properties": {
        "name": "Dehgam Industrial & Transport Node Restaurant #187",
        "type": "restaurant",
        "category": "restaurant",
        "city": "Dehgam Industrial & Transport Node",
        "rating": 4.5,
        "footfall": 962,
        "revenue_index": 0.7,
        "value": 0.537
      }
    },
    {
      "type": "Feature",
      "geometry": {
        "type": "Point",
        "coordinates": [
          72.80628,
          23.19634
        ]
      },
      "properties": {
        "name": "Dehgam Industrial & Transport Node Bank #188",
        "type": "bank",
        "category": "bank",
        "city": "Dehgam Industrial & Transport Node",
        "rating": 4.1,
        "footfall": 2497,
        "revenue_index": 0.73,
        "value": 0.905
      }
    },
    {
      "type": "Feature",
      "geometry": {
        "type": "Point",
        "coordinates": [
          72.84779,
          23.16966
        ]
      },
      "properties": {
        "name": "Dehgam Industrial & Transport Node Restaurant #189",
        "type": "restaurant",
        "category": "restaurant",
        "city": "Dehgam Industrial & Transport Node",
        "rating": 4.1,
        "footfall": 895,
        "revenue_index": 0.66,
        "value": 0.522
      }
    },
    {
      "type": "Feature",
      "geometry": {
        "type": "Point",
        "coordinates": [
          73.17867,
          22.29926
        ]
      },
      "properties": {
        "name": "Vadodara Central Business District Gas Station #190",
        "type": "gas_station",
        "category": "gas_station",
        "city": "Vadodara Central Business District",
        "rating": 4.2,
        "footfall": 4888,
        "revenue_index": 0.57,
        "value": 0.802
      }
    },
    {
      "type": "Feature",
      "geometry": {
        "type": "Point",
        "coordinates": [
          73.20482,
          22.30701
        ]
      },
      "properties": {
        "name": "Vadodara Central Business District Grocery #191",
        "type": "grocery",
        "category": "grocery",
        "city": "Vadodara Central Business District",
        "rating": 4.3,
        "footfall": 4882,
        "revenue_index": 0.61,
        "value": 0.461
      }
    },
    {
      "type": "Feature",
      "geometry": {
        "type": "Point",
        "coordinates": [
          73.15423,
          22.31534
        ]
      },
      "properties": {
        "name": "Vadodara Central Business District Hotel #192",
        "type": "hotel",
        "category": "hotel",
        "city": "Vadodara Central Business District",
        "rating": 4.8,
        "footfall": 2840,
        "revenue_index": 0.67,
        "value": 0.437
      }
    },
    {
      "type": "Feature",
      "geometry": {
        "type": "Point",
        "coordinates": [
          73.1887,
          22.3298
        ]
      },
      "properties": {
        "name": "Vadodara Central Business District Gas Station #193",
        "type": "gas_station",
        "category": "gas_station",
        "city": "Vadodara Central Business District",
        "rating": 4.7,
        "footfall": 2666,
        "revenue_index": 0.82,
        "value": 0.598
      }
    },
    {
      "type": "Feature",
      "geometry": {
        "type": "Point",
        "coordinates": [
          73.18928,
          22.28468
        ]
      },
      "properties": {
        "name": "Vadodara Central Business District Retail #194",
        "type": "retail",
        "category": "retail",
        "city": "Vadodara Central Business District",
        "rating": 4.1,
        "footfall": 3652,
        "revenue_index": 0.53,
        "value": 0.706
      }
    },
    {
      "type": "Feature",
      "geometry": {
        "type": "Point",
        "coordinates": [
          73.17684,
          22.31007
        ]
      },
      "properties": {
        "name": "Alkapuri Central Commercial Hub Retail #195",
        "type": "retail",
        "category": "retail",
        "city": "Alkapuri Central Commercial Hub",
        "rating": 4.3,
        "footfall": 3130,
        "revenue_index": 0.93,
        "value": 0.554
      }
    },
    {
      "type": "Feature",
      "geometry": {
        "type": "Point",
        "coordinates": [
          73.18783,
          22.33302
        ]
      },
      "properties": {
        "name": "Alkapuri Central Commercial Hub Ev Charging #196",
        "type": "ev_charging",
        "category": "ev_charging",
        "city": "Alkapuri Central Commercial Hub",
        "rating": 4.5,
        "footfall": 1233,
        "revenue_index": 0.92,
        "value": 0.413
      }
    },
    {
      "type": "Feature",
      "geometry": {
        "type": "Point",
        "coordinates": [
          73.1861,
          22.31845
        ]
      },
      "properties": {
        "name": "Alkapuri Central Commercial Hub Hotel #197",
        "type": "hotel",
        "category": "hotel",
        "city": "Alkapuri Central Commercial Hub",
        "rating": 4.3,
        "footfall": 3577,
        "revenue_index": 0.5,
        "value": 0.971
      }
    },
    {
      "type": "Feature",
      "geometry": {
        "type": "Point",
        "coordinates": [
          73.18315,
          22.32559
        ]
      },
      "properties": {
        "name": "Alkapuri Central Commercial Hub Ev Charging #198",
        "type": "ev_charging",
        "category": "ev_charging",
        "city": "Alkapuri Central Commercial Hub",
        "rating": 4.5,
        "footfall": 4046,
        "revenue_index": 0.81,
        "value": 0.384
      }
    },
    {
      "type": "Feature",
      "geometry": {
        "type": "Point",
        "coordinates": [
          73.1696,
          22.30731
        ]
      },
      "properties": {
        "name": "Alkapuri Central Commercial Hub Retail #199",
        "type": "retail",
        "category": "retail",
        "city": "Alkapuri Central Commercial Hub",
        "rating": 4.1,
        "footfall": 3438,
        "revenue_index": 0.94,
        "value": 0.549
      }
    },
    {
      "type": "Feature",
      "geometry": {
        "type": "Point",
        "coordinates": [
          73.17406,
          22.3226
        ]
      },
      "properties": {
        "name": "Alkapuri Central Commercial Hub Retail #200",
        "type": "retail",
        "category": "retail",
        "city": "Alkapuri Central Commercial Hub",
        "rating": 4.5,
        "footfall": 405,
        "revenue_index": 0.92,
        "value": 0.77
      }
    },
    {
      "type": "Feature",
      "geometry": {
        "type": "Point",
        "coordinates": [
          73.21532,
          22.32492
        ]
      },
      "properties": {
        "name": "Alkapuri Central Commercial Hub Hotel #201",
        "type": "hotel",
        "category": "hotel",
        "city": "Alkapuri Central Commercial Hub",
        "rating": 4.6,
        "footfall": 5035,
        "revenue_index": 0.64,
        "value": 0.956
      }
    },
    {
      "type": "Feature",
      "geometry": {
        "type": "Point",
        "coordinates": [
          73.18352,
          22.34287
        ]
      },
      "properties": {
        "name": "Alkapuri Central Commercial Hub Hotel #202",
        "type": "hotel",
        "category": "hotel",
        "city": "Alkapuri Central Commercial Hub",
        "rating": 4.7,
        "footfall": 815,
        "revenue_index": 0.49,
        "value": 0.42
      }
    },
    {
      "type": "Feature",
      "geometry": {
        "type": "Point",
        "coordinates": [
          73.18915,
          22.30731
        ]
      },
      "properties": {
        "name": "Akota & Gotri Commercial Corridor Restaurant #203",
        "type": "restaurant",
        "category": "restaurant",
        "city": "Akota & Gotri Commercial Corridor",
        "rating": 4.8,
        "footfall": 3242,
        "revenue_index": 0.96,
        "value": 0.762
      }
    },
    {
      "type": "Feature",
      "geometry": {
        "type": "Point",
        "coordinates": [
          73.14795,
          22.29625
        ]
      },
      "properties": {
        "name": "Akota & Gotri Commercial Corridor Bank #204",
        "type": "bank",
        "category": "bank",
        "city": "Akota & Gotri Commercial Corridor",
        "rating": 4.8,
        "footfall": 3183,
        "revenue_index": 0.47,
        "value": 0.528
      }
    },
    {
      "type": "Feature",
      "geometry": {
        "type": "Point",
        "coordinates": [
          73.15571,
          22.32
        ]
      },
      "properties": {
        "name": "Akota & Gotri Commercial Corridor Hotel #205",
        "type": "hotel",
        "category": "hotel",
        "city": "Akota & Gotri Commercial Corridor",
        "rating": 4.2,
        "footfall": 1966,
        "revenue_index": 0.9,
        "value": 0.642
      }
    },
    {
      "type": "Feature",
      "geometry": {
        "type": "Point",
        "coordinates": [
          73.14898,
          22.2667
        ]
      },
      "properties": {
        "name": "Akota & Gotri Commercial Corridor Bank #206",
        "type": "bank",
        "category": "bank",
        "city": "Akota & Gotri Commercial Corridor",
        "rating": 4.6,
        "footfall": 3399,
        "revenue_index": 0.79,
        "value": 0.925
      }
    },
    {
      "type": "Feature",
      "geometry": {
        "type": "Point",
        "coordinates": [
          73.13256,
          22.28604
        ]
      },
      "properties": {
        "name": "Akota & Gotri Commercial Corridor Retail #207",
        "type": "retail",
        "category": "retail",
        "city": "Akota & Gotri Commercial Corridor",
        "rating": 3.6,
        "footfall": 3616,
        "revenue_index": 0.6,
        "value": 0.777
      }
    },
    {
      "type": "Feature",
      "geometry": {
        "type": "Point",
        "coordinates": [
          73.17674,
          22.30456
        ]
      },
      "properties": {
        "name": "Akota & Gotri Commercial Corridor Bank #208",
        "type": "bank",
        "category": "bank",
        "city": "Akota & Gotri Commercial Corridor",
        "rating": 3.6,
        "footfall": 5142,
        "revenue_index": 0.51,
        "value": 0.525
      }
    },
    {
      "type": "Feature",
      "geometry": {
        "type": "Point",
        "coordinates": [
          73.16592,
          22.30563
        ]
      },
      "properties": {
        "name": "Akota & Gotri Commercial Corridor Restaurant #209",
        "type": "restaurant",
        "category": "restaurant",
        "city": "Akota & Gotri Commercial Corridor",
        "rating": 4.2,
        "footfall": 4549,
        "revenue_index": 0.77,
        "value": 0.963
      }
    },
    {
      "type": "Feature",
      "geometry": {
        "type": "Point",
        "coordinates": [
          73.16981,
          22.2998
        ]
      },
      "properties": {
        "name": "Akota & Gotri Commercial Corridor Ev Charging #210",
        "type": "ev_charging",
        "category": "ev_charging",
        "city": "Akota & Gotri Commercial Corridor",
        "rating": 4.4,
        "footfall": 1168,
        "revenue_index": 0.96,
        "value": 0.974
      }
    },
    {
      "type": "Feature",
      "geometry": {
        "type": "Point",
        "coordinates": [
          73.22012,
          22.23949
        ]
      },
      "properties": {
        "name": "Makarpura GIDC Industrial Estate Restaurant #211",
        "type": "restaurant",
        "category": "restaurant",
        "city": "Makarpura GIDC Industrial Estate",
        "rating": 4.8,
        "footfall": 3342,
        "revenue_index": 0.63,
        "value": 0.823
      }
    },
    {
      "type": "Feature",
      "geometry": {
        "type": "Point",
        "coordinates": [
          73.17738,
          22.27905
        ]
      },
      "properties": {
        "name": "Makarpura GIDC Industrial Estate Ev Charging #212",
        "type": "ev_charging",
        "category": "ev_charging",
        "city": "Makarpura GIDC Industrial Estate",
        "rating": 3.8,
        "footfall": 3360,
        "revenue_index": 0.66,
        "value": 0.371
      }
    },
    {
      "type": "Feature",
      "geometry": {
        "type": "Point",
        "coordinates": [
          73.20824,
          22.23492
        ]
      },
      "properties": {
        "name": "Makarpura GIDC Industrial Estate Grocery #213",
        "type": "grocery",
        "category": "grocery",
        "city": "Makarpura GIDC Industrial Estate",
        "rating": 3.6,
        "footfall": 557,
        "revenue_index": 0.66,
        "value": 0.62
      }
    },
    {
      "type": "Feature",
      "geometry": {
        "type": "Point",
        "coordinates": [
          73.17423,
          22.28564
        ]
      },
      "properties": {
        "name": "Makarpura GIDC Industrial Estate Retail #214",
        "type": "retail",
        "category": "retail",
        "city": "Makarpura GIDC Industrial Estate",
        "rating": 3.7,
        "footfall": 3569,
        "revenue_index": 0.83,
        "value": 0.651
      }
    },
    {
      "type": "Feature",
      "geometry": {
        "type": "Point",
        "coordinates": [
          73.20406,
          22.28309
        ]
      },
      "properties": {
        "name": "Makarpura GIDC Industrial Estate Restaurant #215",
        "type": "restaurant",
        "category": "restaurant",
        "city": "Makarpura GIDC Industrial Estate",
        "rating": 4.9,
        "footfall": 4503,
        "revenue_index": 0.59,
        "value": 0.779
      }
    },
    {
      "type": "Feature",
      "geometry": {
        "type": "Point",
        "coordinates": [
          73.14427,
          22.24362
        ]
      },
      "properties": {
        "name": "Makarpura GIDC Industrial Estate Bank #216",
        "type": "bank",
        "category": "bank",
        "city": "Makarpura GIDC Industrial Estate",
        "rating": 3.9,
        "footfall": 2767,
        "revenue_index": 0.61,
        "value": 0.79
      }
    },
    {
      "type": "Feature",
      "geometry": {
        "type": "Point",
        "coordinates": [
          73.18904,
          22.30033
        ]
      },
      "properties": {
        "name": "Manjalpur Urban Commercial Hub Retail #217",
        "type": "retail",
        "category": "retail",
        "city": "Manjalpur Urban Commercial Hub",
        "rating": 3.6,
        "footfall": 4420,
        "revenue_index": 0.69,
        "value": 0.828
      }
    },
    {
      "type": "Feature",
      "geometry": {
        "type": "Point",
        "coordinates": [
          73.17848,
          22.27668
        ]
      },
      "properties": {
        "name": "Manjalpur Urban Commercial Hub Retail #218",
        "type": "retail",
        "category": "retail",
        "city": "Manjalpur Urban Commercial Hub",
        "rating": 3.9,
        "footfall": 3250,
        "revenue_index": 0.89,
        "value": 0.396
      }
    },
    {
      "type": "Feature",
      "geometry": {
        "type": "Point",
        "coordinates": [
          73.20915,
          22.27181
        ]
      },
      "properties": {
        "name": "Manjalpur Urban Commercial Hub Ev Charging #219",
        "type": "ev_charging",
        "category": "ev_charging",
        "city": "Manjalpur Urban Commercial Hub",
        "rating": 3.8,
        "footfall": 3604,
        "revenue_index": 0.55,
        "value": 0.417
      }
    },
    {
      "type": "Feature",
      "geometry": {
        "type": "Point",
        "coordinates": [
          73.18908,
          22.25667
        ]
      },
      "properties": {
        "name": "Manjalpur Urban Commercial Hub Retail #220",
        "type": "retail",
        "category": "retail",
        "city": "Manjalpur Urban Commercial Hub",
        "rating": 4.4,
        "footfall": 5091,
        "revenue_index": 0.82,
        "value": 0.444
      }
    },
    {
      "type": "Feature",
      "geometry": {
        "type": "Point",
        "coordinates": [
          73.1767,
          22.27157
        ]
      },
      "properties": {
        "name": "Manjalpur Urban Commercial Hub Hotel #221",
        "type": "hotel",
        "category": "hotel",
        "city": "Manjalpur Urban Commercial Hub",
        "rating": 3.7,
        "footfall": 524,
        "revenue_index": 0.84,
        "value": 0.37
      }
    },
    {
      "type": "Feature",
      "geometry": {
        "type": "Point",
        "coordinates": [
          73.20118,
          22.30122
        ]
      },
      "properties": {
        "name": "Manjalpur Urban Commercial Hub Gas Station #222",
        "type": "gas_station",
        "category": "gas_station",
        "city": "Manjalpur Urban Commercial Hub",
        "rating": 4.7,
        "footfall": 780,
        "revenue_index": 0.64,
        "value": 0.354
      }
    },
    {
      "type": "Feature",
      "geometry": {
        "type": "Point",
        "coordinates": [
          73.16984,
          22.26985
        ]
      },
      "properties": {
        "name": "Manjalpur Urban Commercial Hub Gas Station #223",
        "type": "gas_station",
        "category": "gas_station",
        "city": "Manjalpur Urban Commercial Hub",
        "rating": 4.3,
        "footfall": 2390,
        "revenue_index": 0.46,
        "value": 0.908
      }
    },
    {
      "type": "Feature",
      "geometry": {
        "type": "Point",
        "coordinates": [
          73.20388,
          22.28021
        ]
      },
      "properties": {
        "name": "Manjalpur Urban Commercial Hub Gas Station #224",
        "type": "gas_station",
        "category": "gas_station",
        "city": "Manjalpur Urban Commercial Hub",
        "rating": 3.9,
        "footfall": 1514,
        "revenue_index": 0.78,
        "value": 0.354
      }
    },
    {
      "type": "Feature",
      "geometry": {
        "type": "Point",
        "coordinates": [
          73.18802,
          22.33712
        ]
      },
      "properties": {
        "name": "Karelibaug & Fatehgunj Civic Precinct Gas Station #225",
        "type": "gas_station",
        "category": "gas_station",
        "city": "Karelibaug & Fatehgunj Civic Precinct",
        "rating": 4.0,
        "footfall": 5008,
        "revenue_index": 0.74,
        "value": 0.969
      }
    },
    {
      "type": "Feature",
      "geometry": {
        "type": "Point",
        "coordinates": [
          73.20852,
          22.2943
        ]
      },
      "properties": {
        "name": "Karelibaug & Fatehgunj Civic Precinct Hotel #226",
        "type": "hotel",
        "category": "hotel",
        "city": "Karelibaug & Fatehgunj Civic Precinct",
        "rating": 3.8,
        "footfall": 1800,
        "revenue_index": 0.76,
        "value": 0.724
      }
    },
    {
      "type": "Feature",
      "geometry": {
        "type": "Point",
        "coordinates": [
          73.2036,
          22.31507
        ]
      },
      "properties": {
        "name": "Karelibaug & Fatehgunj Civic Precinct Retail #227",
        "type": "retail",
        "category": "retail",
        "city": "Karelibaug & Fatehgunj Civic Precinct",
        "rating": 3.9,
        "footfall": 2368,
        "revenue_index": 0.67,
        "value": 0.857
      }
    },
    {
      "type": "Feature",
      "geometry": {
        "type": "Point",
        "coordinates": [
          73.20182,
          22.32669
        ]
      },
      "properties": {
        "name": "Karelibaug & Fatehgunj Civic Precinct Bank #228",
        "type": "bank",
        "category": "bank",
        "city": "Karelibaug & Fatehgunj Civic Precinct",
        "rating": 3.8,
        "footfall": 3431,
        "revenue_index": 0.64,
        "value": 0.468
      }
    },
    {
      "type": "Feature",
      "geometry": {
        "type": "Point",
        "coordinates": [
          73.2432,
          22.32347
        ]
      },
      "properties": {
        "name": "Karelibaug & Fatehgunj Civic Precinct Retail #229",
        "type": "retail",
        "category": "retail",
        "city": "Karelibaug & Fatehgunj Civic Precinct",
        "rating": 4.5,
        "footfall": 1432,
        "revenue_index": 0.45,
        "value": 0.63
      }
    },
    {
      "type": "Feature",
      "geometry": {
        "type": "Point",
        "coordinates": [
          73.20703,
          22.33802
        ]
      },
      "properties": {
        "name": "Karelibaug & Fatehgunj Civic Precinct Restaurant #230",
        "type": "restaurant",
        "category": "restaurant",
        "city": "Karelibaug & Fatehgunj Civic Precinct",
        "rating": 3.9,
        "footfall": 4911,
        "revenue_index": 0.45,
        "value": 0.469
      }
    },
    {
      "type": "Feature",
      "geometry": {
        "type": "Point",
        "coordinates": [
          73.18645,
          22.32156
        ]
      },
      "properties": {
        "name": "Karelibaug & Fatehgunj Civic Precinct Bank #231",
        "type": "bank",
        "category": "bank",
        "city": "Karelibaug & Fatehgunj Civic Precinct",
        "rating": 4.6,
        "footfall": 1800,
        "revenue_index": 0.49,
        "value": 0.921
      }
    },
    {
      "type": "Feature",
      "geometry": {
        "type": "Point",
        "coordinates": [
          73.19636,
          22.31521
        ]
      },
      "properties": {
        "name": "Karelibaug & Fatehgunj Civic Precinct Grocery #232",
        "type": "grocery",
        "category": "grocery",
        "city": "Karelibaug & Fatehgunj Civic Precinct",
        "rating": 4.8,
        "footfall": 435,
        "revenue_index": 0.81,
        "value": 0.706
      }
    },
    {
      "type": "Feature",
      "geometry": {
        "type": "Point",
        "coordinates": [
          73.10507,
          22.37849
        ]
      },
      "properties": {
        "name": "Nandesari GIDC Petrochemical Complex Grocery #233",
        "type": "grocery",
        "category": "grocery",
        "city": "Nandesari GIDC Petrochemical Complex",
        "rating": 4.2,
        "footfall": 4787,
        "revenue_index": 0.65,
        "value": 0.697
      }
    },
    {
      "type": "Feature",
      "geometry": {
        "type": "Point",
        "coordinates": [
          73.10385,
          22.43277
        ]
      },
      "properties": {
        "name": "Nandesari GIDC Petrochemical Complex Ev Charging #234",
        "type": "ev_charging",
        "category": "ev_charging",
        "city": "Nandesari GIDC Petrochemical Complex",
        "rating": 4.3,
        "footfall": 4199,
        "revenue_index": 0.82,
        "value": 0.646
      }
    },
    {
      "type": "Feature",
      "geometry": {
        "type": "Point",
        "coordinates": [
          73.07993,
          22.40723
        ]
      },
      "properties": {
        "name": "Nandesari GIDC Petrochemical Complex Grocery #235",
        "type": "grocery",
        "category": "grocery",
        "city": "Nandesari GIDC Petrochemical Complex",
        "rating": 4.3,
        "footfall": 812,
        "revenue_index": 0.85,
        "value": 0.837
      }
    },
    {
      "type": "Feature",
      "geometry": {
        "type": "Point",
        "coordinates": [
          73.07814,
          22.42913
        ]
      },
      "properties": {
        "name": "Nandesari GIDC Petrochemical Complex Hotel #236",
        "type": "hotel",
        "category": "hotel",
        "city": "Nandesari GIDC Petrochemical Complex",
        "rating": 4.7,
        "footfall": 2169,
        "revenue_index": 0.49,
        "value": 0.967
      }
    },
    {
      "type": "Feature",
      "geometry": {
        "type": "Point",
        "coordinates": [
          73.08185,
          22.40074
        ]
      },
      "properties": {
        "name": "Nandesari GIDC Petrochemical Complex Grocery #237",
        "type": "grocery",
        "category": "grocery",
        "city": "Nandesari GIDC Petrochemical Complex",
        "rating": 4.2,
        "footfall": 1812,
        "revenue_index": 0.88,
        "value": 0.524
      }
    },
    {
      "type": "Feature",
      "geometry": {
        "type": "Point",
        "coordinates": [
          73.0857,
          22.4261
        ]
      },
      "properties": {
        "name": "Nandesari GIDC Petrochemical Complex Retail #238",
        "type": "retail",
        "category": "retail",
        "city": "Nandesari GIDC Petrochemical Complex",
        "rating": 4.5,
        "footfall": 4609,
        "revenue_index": 0.52,
        "value": 0.805
      }
    },
    {
      "type": "Feature",
      "geometry": {
        "type": "Point",
        "coordinates": [
          73.08541,
          22.23242
        ]
      },
      "properties": {
        "name": "Padra Pharma & Agri Taluka Restaurant #239",
        "type": "restaurant",
        "category": "restaurant",
        "city": "Padra Pharma & Agri Taluka",
        "rating": 4.3,
        "footfall": 2812,
        "revenue_index": 0.73,
        "value": 0.744
      }
    },
    {
      "type": "Feature",
      "geometry": {
        "type": "Point",
        "coordinates": [
          73.07328,
          22.24176
        ]
      },
      "properties": {
        "name": "Padra Pharma & Agri Taluka Bank #240",
        "type": "bank",
        "category": "bank",
        "city": "Padra Pharma & Agri Taluka",
        "rating": 4.8,
        "footfall": 884,
        "revenue_index": 0.58,
        "value": 0.525
      }
    },
    {
      "type": "Feature",
      "geometry": {
        "type": "Point",
        "coordinates": [
          73.22135,
          22.54443
        ]
      },
      "properties": {
        "name": "Savli GIDC Mega Engineering SEZ Restaurant #241",
        "type": "restaurant",
        "category": "restaurant",
        "city": "Savli GIDC Mega Engineering SEZ",
        "rating": 4.6,
        "footfall": 4699,
        "revenue_index": 0.85,
        "value": 0.392
      }
    },
    {
      "type": "Feature",
      "geometry": {
        "type": "Point",
        "coordinates": [
          73.21152,
          22.60738
        ]
      },
      "properties": {
        "name": "Savli GIDC Mega Engineering SEZ Grocery #242",
        "type": "grocery",
        "category": "grocery",
        "city": "Savli GIDC Mega Engineering SEZ",
        "rating": 4.4,
        "footfall": 2007,
        "revenue_index": 0.82,
        "value": 0.774
      }
    },
    {
      "type": "Feature",
      "geometry": {
        "type": "Point",
        "coordinates": [
          73.18493,
          22.55709
        ]
      },
      "properties": {
        "name": "Savli GIDC Mega Engineering SEZ Restaurant #243",
        "type": "restaurant",
        "category": "restaurant",
        "city": "Savli GIDC Mega Engineering SEZ",
        "rating": 3.6,
        "footfall": 2102,
        "revenue_index": 0.97,
        "value": 0.525
      }
    },
    {
      "type": "Feature",
      "geometry": {
        "type": "Point",
        "coordinates": [
          73.20758,
          22.55739
        ]
      },
      "properties": {
        "name": "Savli GIDC Mega Engineering SEZ Hotel #244",
        "type": "hotel",
        "category": "hotel",
        "city": "Savli GIDC Mega Engineering SEZ",
        "rating": 3.8,
        "footfall": 3995,
        "revenue_index": 0.71,
        "value": 0.886
      }
    },
    {
      "type": "Feature",
      "geometry": {
        "type": "Point",
        "coordinates": [
          73.25162,
          22.58841
        ]
      },
      "properties": {
        "name": "Savli GIDC Mega Engineering SEZ Restaurant #245",
        "type": "restaurant",
        "category": "restaurant",
        "city": "Savli GIDC Mega Engineering SEZ",
        "rating": 4.1,
        "footfall": 1988,
        "revenue_index": 0.47,
        "value": 0.839
      }
    },
    {
      "type": "Feature",
      "geometry": {
        "type": "Point",
        "coordinates": [
          73.22768,
          22.5666
        ]
      },
      "properties": {
        "name": "Savli GIDC Mega Engineering SEZ Ev Charging #246",
        "type": "ev_charging",
        "category": "ev_charging",
        "city": "Savli GIDC Mega Engineering SEZ",
        "rating": 4.8,
        "footfall": 3735,
        "revenue_index": 0.58,
        "value": 0.474
      }
    },
    {
      "type": "Feature",
      "geometry": {
        "type": "Point",
        "coordinates": [
          73.08991,
          22.03934
        ]
      },
      "properties": {
        "name": "Karjan NH-48 Transport & Agro Hub Ev Charging #247",
        "type": "ev_charging",
        "category": "ev_charging",
        "city": "Karjan NH-48 Transport & Agro Hub",
        "rating": 4.5,
        "footfall": 2290,
        "revenue_index": 0.95,
        "value": 0.627
      }
    },
    {
      "type": "Feature",
      "geometry": {
        "type": "Point",
        "coordinates": [
          73.12455,
          22.03576
        ]
      },
      "properties": {
        "name": "Karjan NH-48 Transport & Agro Hub Grocery #248",
        "type": "grocery",
        "category": "grocery",
        "city": "Karjan NH-48 Transport & Agro Hub",
        "rating": 3.7,
        "footfall": 4801,
        "revenue_index": 0.57,
        "value": 0.834
      }
    },
    {
      "type": "Feature",
      "geometry": {
        "type": "Point",
        "coordinates": [
          73.40631,
          22.17031
        ]
      },
      "properties": {
        "name": "Dabhoi Heritage Fort & Commercial Node Grocery #249",
        "type": "grocery",
        "category": "grocery",
        "city": "Dabhoi Heritage Fort & Commercial Node",
        "rating": 3.7,
        "footfall": 1006,
        "revenue_index": 0.7,
        "value": 0.588
      }
    },
    {
      "type": "Feature",
      "geometry": {
        "type": "Point",
        "coordinates": [
          73.40803,
          22.15481
        ]
      },
      "properties": {
        "name": "Dabhoi Heritage Fort & Commercial Node Restaurant #250",
        "type": "restaurant",
        "category": "restaurant",
        "city": "Dabhoi Heritage Fort & Commercial Node",
        "rating": 4.4,
        "footfall": 4749,
        "revenue_index": 0.57,
        "value": 0.945
      }
    },
    {
      "type": "Feature",
      "geometry": {
        "type": "Point",
        "coordinates": [
          73.3426,
          21.92802
        ]
      },
      "properties": {
        "name": "Shinor Narmada Riverfront Town Bank #251",
        "type": "bank",
        "category": "bank",
        "city": "Shinor Narmada Riverfront Town",
        "rating": 4.3,
        "footfall": 2660,
        "revenue_index": 0.49,
        "value": 0.594
      }
    },
    {
      "type": "Feature",
      "geometry": {
        "type": "Point",
        "coordinates": [
          73.35961,
          21.9262
        ]
      },
      "properties": {
        "name": "Shinor Narmada Riverfront Town Hotel #252",
        "type": "hotel",
        "category": "hotel",
        "city": "Shinor Narmada Riverfront Town",
        "rating": 4.7,
        "footfall": 1370,
        "revenue_index": 0.67,
        "value": 0.359
      }
    },
    {
      "type": "Feature",
      "geometry": {
        "type": "Point",
        "coordinates": [
          72.84232,
          21.22676
        ]
      },
      "properties": {
        "name": "Surat Central & Ring Road Textile Market Ev Charging #253",
        "type": "ev_charging",
        "category": "ev_charging",
        "city": "Surat Central & Ring Road Textile Market",
        "rating": 4.9,
        "footfall": 3821,
        "revenue_index": 0.9,
        "value": 0.922
      }
    },
    {
      "type": "Feature",
      "geometry": {
        "type": "Point",
        "coordinates": [
          72.84675,
          21.13501
        ]
      },
      "properties": {
        "name": "Surat Central & Ring Road Textile Market Retail #254",
        "type": "retail",
        "category": "retail",
        "city": "Surat Central & Ring Road Textile Market",
        "rating": 4.1,
        "footfall": 3627,
        "revenue_index": 0.94,
        "value": 0.403
      }
    },
    {
      "type": "Feature",
      "geometry": {
        "type": "Point",
        "coordinates": [
          72.82758,
          21.16398
        ]
      },
      "properties": {
        "name": "Surat Central & Ring Road Textile Market Ev Charging #255",
        "type": "ev_charging",
        "category": "ev_charging",
        "city": "Surat Central & Ring Road Textile Market",
        "rating": 3.7,
        "footfall": 5161,
        "revenue_index": 0.6,
        "value": 0.831
      }
    },
    {
      "type": "Feature",
      "geometry": {
        "type": "Point",
        "coordinates": [
          72.88703,
          21.19432
        ]
      },
      "properties": {
        "name": "Surat Central & Ring Road Textile Market Gas Station #256",
        "type": "gas_station",
        "category": "gas_station",
        "city": "Surat Central & Ring Road Textile Market",
        "rating": 4.9,
        "footfall": 3607,
        "revenue_index": 0.97,
        "value": 0.781
      }
    },
    {
      "type": "Feature",
      "geometry": {
        "type": "Point",
        "coordinates": [
          72.81797,
          21.18113
        ]
      },
      "properties": {
        "name": "Surat Central & Ring Road Textile Market Restaurant #257",
        "type": "restaurant",
        "category": "restaurant",
        "city": "Surat Central & Ring Road Textile Market",
        "rating": 4.3,
        "footfall": 3216,
        "revenue_index": 0.45,
        "value": 0.758
      }
    },
    {
      "type": "Feature",
      "geometry": {
        "type": "Point",
        "coordinates": [
          72.85741,
          21.16991
        ]
      },
      "properties": {
        "name": "Surat Central & Ring Road Textile Market Restaurant #258",
        "type": "restaurant",
        "category": "restaurant",
        "city": "Surat Central & Ring Road Textile Market",
        "rating": 4.7,
        "footfall": 3556,
        "revenue_index": 0.52,
        "value": 0.906
      }
    },
    {
      "type": "Feature",
      "geometry": {
        "type": "Point",
        "coordinates": [
          72.84851,
          21.21467
        ]
      },
      "properties": {
        "name": "Surat Central & Ring Road Textile Market Restaurant #259",
        "type": "restaurant",
        "category": "restaurant",
        "city": "Surat Central & Ring Road Textile Market",
        "rating": 3.9,
        "footfall": 3766,
        "revenue_index": 0.8,
        "value": 0.929
      }
    },
    {
      "type": "Feature",
      "geometry": {
        "type": "Point",
        "coordinates": [
          72.73334,
          21.18956
        ]
      },
      "properties": {
        "name": "Surat Central & Ring Road Textile Market Grocery #260",
        "type": "grocery",
        "category": "grocery",
        "city": "Surat Central & Ring Road Textile Market",
        "rating": 4.5,
        "footfall": 2583,
        "revenue_index": 0.81,
        "value": 0.414
      }
    },
    {
      "type": "Feature",
      "geometry": {
        "type": "Point",
        "coordinates": [
          72.76924,
          21.12447
        ]
      },
      "properties": {
        "name": "Vesu Commercial Luxury Retail Hub Retail #261",
        "type": "retail",
        "category": "retail",
        "city": "Vesu Commercial Luxury Retail Hub",
        "rating": 4.3,
        "footfall": 4438,
        "revenue_index": 0.95,
        "value": 0.724
      }
    },
    {
      "type": "Feature",
      "geometry": {
        "type": "Point",
        "coordinates": [
          72.7623,
          21.14074
        ]
      },
      "properties": {
        "name": "Vesu Commercial Luxury Retail Hub Grocery #262",
        "type": "grocery",
        "category": "grocery",
        "city": "Vesu Commercial Luxury Retail Hub",
        "rating": 4.8,
        "footfall": 1608,
        "revenue_index": 0.79,
        "value": 0.806
      }
    },
    {
      "type": "Feature",
      "geometry": {
        "type": "Point",
        "coordinates": [
          72.75587,
          21.16595
        ]
      },
      "properties": {
        "name": "Vesu Commercial Luxury Retail Hub Bank #263",
        "type": "bank",
        "category": "bank",
        "city": "Vesu Commercial Luxury Retail Hub",
        "rating": 4.4,
        "footfall": 3515,
        "revenue_index": 0.59,
        "value": 0.477
      }
    },
    {
      "type": "Feature",
      "geometry": {
        "type": "Point",
        "coordinates": [
          72.78306,
          21.13729
        ]
      },
      "properties": {
        "name": "Vesu Commercial Luxury Retail Hub Restaurant #264",
        "type": "restaurant",
        "category": "restaurant",
        "city": "Vesu Commercial Luxury Retail Hub",
        "rating": 4.5,
        "footfall": 2707,
        "revenue_index": 0.95,
        "value": 0.964
      }
    },
    {
      "type": "Feature",
      "geometry": {
        "type": "Point",
        "coordinates": [
          72.787,
          21.15039
        ]
      },
      "properties": {
        "name": "Vesu Commercial Luxury Retail Hub Retail #265",
        "type": "retail",
        "category": "retail",
        "city": "Vesu Commercial Luxury Retail Hub",
        "rating": 4.1,
        "footfall": 2332,
        "revenue_index": 0.57,
        "value": 0.514
      }
    },
    {
      "type": "Feature",
      "geometry": {
        "type": "Point",
        "coordinates": [
          72.80213,
          21.15311
        ]
      },
      "properties": {
        "name": "Vesu Commercial Luxury Retail Hub Hotel #266",
        "type": "hotel",
        "category": "hotel",
        "city": "Vesu Commercial Luxury Retail Hub",
        "rating": 4.5,
        "footfall": 1035,
        "revenue_index": 0.49,
        "value": 0.876
      }
    },
    {
      "type": "Feature",
      "geometry": {
        "type": "Point",
        "coordinates": [
          72.7535,
          21.15593
        ]
      },
      "properties": {
        "name": "Vesu Commercial Luxury Retail Hub Gas Station #267",
        "type": "gas_station",
        "category": "gas_station",
        "city": "Vesu Commercial Luxury Retail Hub",
        "rating": 3.6,
        "footfall": 2587,
        "revenue_index": 0.65,
        "value": 0.644
      }
    },
    {
      "type": "Feature",
      "geometry": {
        "type": "Point",
        "coordinates": [
          72.73338,
          21.13924
        ]
      },
      "properties": {
        "name": "Vesu Commercial Luxury Retail Hub Grocery #268",
        "type": "grocery",
        "category": "grocery",
        "city": "Vesu Commercial Luxury Retail Hub",
        "rating": 4.5,
        "footfall": 4490,
        "revenue_index": 0.63,
        "value": 0.636
      }
    },
    {
      "type": "Feature",
      "geometry": {
        "type": "Point",
        "coordinates": [
          72.72066,
          21.05207
        ]
      },
      "properties": {
        "name": "Surat Diamond Bourse (DREAM City) Hotel #269",
        "type": "hotel",
        "category": "hotel",
        "city": "Surat Diamond Bourse (DREAM City)",
        "rating": 4.9,
        "footfall": 3148,
        "revenue_index": 0.95,
        "value": 0.577
      }
    },
    {
      "type": "Feature",
      "geometry": {
        "type": "Point",
        "coordinates": [
          72.79864,
          21.12382
        ]
      },
      "properties": {
        "name": "Surat Diamond Bourse (DREAM City) Gas Station #270",
        "type": "gas_station",
        "category": "gas_station",
        "city": "Surat Diamond Bourse (DREAM City)",
        "rating": 4.9,
        "footfall": 2618,
        "revenue_index": 0.66,
        "value": 0.937
      }
    },
    {
      "type": "Feature",
      "geometry": {
        "type": "Point",
        "coordinates": [
          72.74205,
          21.08873
        ]
      },
      "properties": {
        "name": "Surat Diamond Bourse (DREAM City) Hotel #271",
        "type": "hotel",
        "category": "hotel",
        "city": "Surat Diamond Bourse (DREAM City)",
        "rating": 3.7,
        "footfall": 2109,
        "revenue_index": 0.93,
        "value": 0.43
      }
    },
    {
      "type": "Feature",
      "geometry": {
        "type": "Point",
        "coordinates": [
          72.78988,
          21.13284
        ]
      },
      "properties": {
        "name": "Surat Diamond Bourse (DREAM City) Retail #272",
        "type": "retail",
        "category": "retail",
        "city": "Surat Diamond Bourse (DREAM City)",
        "rating": 4.3,
        "footfall": 464,
        "revenue_index": 0.75,
        "value": 0.933
      }
    },
    {
      "type": "Feature",
      "geometry": {
        "type": "Point",
        "coordinates": [
          72.73062,
          21.20089
        ]
      },
      "properties": {
        "name": "Surat Diamond Bourse (DREAM City) Ev Charging #273",
        "type": "ev_charging",
        "category": "ev_charging",
        "city": "Surat Diamond Bourse (DREAM City)",
        "rating": 4.3,
        "footfall": 3199,
        "revenue_index": 0.55,
        "value": 0.601
      }
    },
    {
      "type": "Feature",
      "geometry": {
        "type": "Point",
        "coordinates": [
          72.82186,
          21.16352
        ]
      },
      "properties": {
        "name": "Surat Diamond Bourse (DREAM City) Ev Charging #274",
        "type": "ev_charging",
        "category": "ev_charging",
        "city": "Surat Diamond Bourse (DREAM City)",
        "rating": 4.3,
        "footfall": 3652,
        "revenue_index": 0.61,
        "value": 0.631
      }
    },
    {
      "type": "Feature",
      "geometry": {
        "type": "Point",
        "coordinates": [
          72.82663,
          21.18772
        ]
      },
      "properties": {
        "name": "Surat Diamond Bourse (DREAM City) Retail #275",
        "type": "retail",
        "category": "retail",
        "city": "Surat Diamond Bourse (DREAM City)",
        "rating": 4.2,
        "footfall": 2662,
        "revenue_index": 0.52,
        "value": 0.582
      }
    },
    {
      "type": "Feature",
      "geometry": {
        "type": "Point",
        "coordinates": [
          72.6561,
          21.10059
        ]
      },
      "properties": {
        "name": "Surat Diamond Bourse (DREAM City) Ev Charging #276",
        "type": "ev_charging",
        "category": "ev_charging",
        "city": "Surat Diamond Bourse (DREAM City)",
        "rating": 3.8,
        "footfall": 1403,
        "revenue_index": 0.94,
        "value": 0.53
      }
    },
    {
      "type": "Feature",
      "geometry": {
        "type": "Point",
        "coordinates": [
          72.64746,
          21.16347
        ]
      },
      "properties": {
        "name": "Hazira Port Industrial Belt Bank #277",
        "type": "bank",
        "category": "bank",
        "city": "Hazira Port Industrial Belt",
        "rating": 4.3,
        "footfall": 2000,
        "revenue_index": 0.58,
        "value": 0.915
      }
    },
    {
      "type": "Feature",
      "geometry": {
        "type": "Point",
        "coordinates": [
          72.63386,
          21.15019
        ]
      },
      "properties": {
        "name": "Hazira Port Industrial Belt Ev Charging #278",
        "type": "ev_charging",
        "category": "ev_charging",
        "city": "Hazira Port Industrial Belt",
        "rating": 4.6,
        "footfall": 2930,
        "revenue_index": 0.56,
        "value": 0.86
      }
    },
    {
      "type": "Feature",
      "geometry": {
        "type": "Point",
        "coordinates": [
          72.6544,
          21.09686
        ]
      },
      "properties": {
        "name": "Hazira Port Industrial Belt Bank #279",
        "type": "bank",
        "category": "bank",
        "city": "Hazira Port Industrial Belt",
        "rating": 4.6,
        "footfall": 2251,
        "revenue_index": 0.51,
        "value": 0.922
      }
    },
    {
      "type": "Feature",
      "geometry": {
        "type": "Point",
        "coordinates": [
          72.64438,
          21.12095
        ]
      },
      "properties": {
        "name": "Hazira Port Industrial Belt Bank #280",
        "type": "bank",
        "category": "bank",
        "city": "Hazira Port Industrial Belt",
        "rating": 4.5,
        "footfall": 1399,
        "revenue_index": 0.71,
        "value": 0.684
      }
    },
    {
      "type": "Feature",
      "geometry": {
        "type": "Point",
        "coordinates": [
          72.65859,
          21.10816
        ]
      },
      "properties": {
        "name": "Hazira Port Industrial Belt Retail #281",
        "type": "retail",
        "category": "retail",
        "city": "Hazira Port Industrial Belt",
        "rating": 3.7,
        "footfall": 4897,
        "revenue_index": 0.69,
        "value": 0.927
      }
    },
    {
      "type": "Feature",
      "geometry": {
        "type": "Point",
        "coordinates": [
          72.64188,
          21.10005
        ]
      },
      "properties": {
        "name": "Hazira Port Industrial Belt Restaurant #282",
        "type": "restaurant",
        "category": "restaurant",
        "city": "Hazira Port Industrial Belt",
        "rating": 4.1,
        "footfall": 2688,
        "revenue_index": 0.84,
        "value": 0.461
      }
    },
    {
      "type": "Feature",
      "geometry": {
        "type": "Point",
        "coordinates": [
          72.78152,
          21.21304
        ]
      },
      "properties": {
        "name": "Adajan & Pal Riverside Precinct Gas Station #283",
        "type": "gas_station",
        "category": "gas_station",
        "city": "Adajan & Pal Riverside Precinct",
        "rating": 3.9,
        "footfall": 4480,
        "revenue_index": 0.48,
        "value": 0.663
      }
    },
    {
      "type": "Feature",
      "geometry": {
        "type": "Point",
        "coordinates": [
          72.7857,
          21.19108
        ]
      },
      "properties": {
        "name": "Adajan & Pal Riverside Precinct Bank #284",
        "type": "bank",
        "category": "bank",
        "city": "Adajan & Pal Riverside Precinct",
        "rating": 4.8,
        "footfall": 607,
        "revenue_index": 0.82,
        "value": 0.609
      }
    },
    {
      "type": "Feature",
      "geometry": {
        "type": "Point",
        "coordinates": [
          72.81946,
          21.18324
        ]
      },
      "properties": {
        "name": "Adajan & Pal Riverside Precinct Restaurant #285",
        "type": "restaurant",
        "category": "restaurant",
        "city": "Adajan & Pal Riverside Precinct",
        "rating": 3.9,
        "footfall": 4043,
        "revenue_index": 0.7,
        "value": 0.433
      }
    },
    {
      "type": "Feature",
      "geometry": {
        "type": "Point",
        "coordinates": [
          72.80642,
          21.17539
        ]
      },
      "properties": {
        "name": "Adajan & Pal Riverside Precinct Gas Station #286",
        "type": "gas_station",
        "category": "gas_station",
        "city": "Adajan & Pal Riverside Precinct",
        "rating": 3.8,
        "footfall": 4234,
        "revenue_index": 0.45,
        "value": 0.526
      }
    },
    {
      "type": "Feature",
      "geometry": {
        "type": "Point",
        "coordinates": [
          72.80751,
          21.22645
        ]
      },
      "properties": {
        "name": "Adajan & Pal Riverside Precinct Hotel #287",
        "type": "hotel",
        "category": "hotel",
        "city": "Adajan & Pal Riverside Precinct",
        "rating": 4.4,
        "footfall": 3325,
        "revenue_index": 0.88,
        "value": 0.863
      }
    },
    {
      "type": "Feature",
      "geometry": {
        "type": "Point",
        "coordinates": [
          72.79166,
          21.20489
        ]
      },
      "properties": {
        "name": "Adajan & Pal Riverside Precinct Ev Charging #288",
        "type": "ev_charging",
        "category": "ev_charging",
        "city": "Adajan & Pal Riverside Precinct",
        "rating": 4.0,
        "footfall": 4652,
        "revenue_index": 0.8,
        "value": 0.379
      }
    },
    {
      "type": "Feature",
      "geometry": {
        "type": "Point",
        "coordinates": [
          72.79683,
          21.20862
        ]
      },
      "properties": {
        "name": "Adajan & Pal Riverside Precinct Hotel #289",
        "type": "hotel",
        "category": "hotel",
        "city": "Adajan & Pal Riverside Precinct",
        "rating": 4.5,
        "footfall": 1448,
        "revenue_index": 0.48,
        "value": 0.467
      }
    },
    {
      "type": "Feature",
      "geometry": {
        "type": "Point",
        "coordinates": [
          72.8028,
          21.16717
        ]
      },
      "properties": {
        "name": "Adajan & Pal Riverside Precinct Restaurant #290",
        "type": "restaurant",
        "category": "restaurant",
        "city": "Adajan & Pal Riverside Precinct",
        "rating": 3.8,
        "footfall": 616,
        "revenue_index": 0.77,
        "value": 0.493
      }
    },
    {
      "type": "Feature",
      "geometry": {
        "type": "Point",
        "coordinates": [
          72.74404,
          21.1289
        ]
      },
      "properties": {
        "name": "Piplod & Dumas Road Leisure Hub Hotel #291",
        "type": "hotel",
        "category": "hotel",
        "city": "Piplod & Dumas Road Leisure Hub",
        "rating": 4.8,
        "footfall": 3660,
        "revenue_index": 0.73,
        "value": 0.745
      }
    },
    {
      "type": "Feature",
      "geometry": {
        "type": "Point",
        "coordinates": [
          72.78233,
          21.19236
        ]
      },
      "properties": {
        "name": "Piplod & Dumas Road Leisure Hub Retail #292",
        "type": "retail",
        "category": "retail",
        "city": "Piplod & Dumas Road Leisure Hub",
        "rating": 3.9,
        "footfall": 2022,
        "revenue_index": 0.65,
        "value": 0.568
      }
    },
    {
      "type": "Feature",
      "geometry": {
        "type": "Point",
        "coordinates": [
          72.73731,
          21.14994
        ]
      },
      "properties": {
        "name": "Piplod & Dumas Road Leisure Hub Gas Station #293",
        "type": "gas_station",
        "category": "gas_station",
        "city": "Piplod & Dumas Road Leisure Hub",
        "rating": 3.8,
        "footfall": 619,
        "revenue_index": 0.77,
        "value": 0.467
      }
    },
    {
      "type": "Feature",
      "geometry": {
        "type": "Point",
        "coordinates": [
          72.72392,
          21.15022
        ]
      },
      "properties": {
        "name": "Piplod & Dumas Road Leisure Hub Hotel #294",
        "type": "hotel",
        "category": "hotel",
        "city": "Piplod & Dumas Road Leisure Hub",
        "rating": 3.9,
        "footfall": 1447,
        "revenue_index": 0.83,
        "value": 0.959
      }
    },
    {
      "type": "Feature",
      "geometry": {
        "type": "Point",
        "coordinates": [
          72.78735,
          21.13452
        ]
      },
      "properties": {
        "name": "Piplod & Dumas Road Leisure Hub Bank #295",
        "type": "bank",
        "category": "bank",
        "city": "Piplod & Dumas Road Leisure Hub",
        "rating": 4.5,
        "footfall": 2322,
        "revenue_index": 0.53,
        "value": 0.445
      }
    },
    {
      "type": "Feature",
      "geometry": {
        "type": "Point",
        "coordinates": [
          72.72769,
          21.14447
        ]
      },
      "properties": {
        "name": "Piplod & Dumas Road Leisure Hub Restaurant #296",
        "type": "restaurant",
        "category": "restaurant",
        "city": "Piplod & Dumas Road Leisure Hub",
        "rating": 4.5,
        "footfall": 1957,
        "revenue_index": 0.92,
        "value": 0.73
      }
    },
    {
      "type": "Feature",
      "geometry": {
        "type": "Point",
        "coordinates": [
          72.77147,
          21.16147
        ]
      },
      "properties": {
        "name": "Piplod & Dumas Road Leisure Hub Hotel #297",
        "type": "hotel",
        "category": "hotel",
        "city": "Piplod & Dumas Road Leisure Hub",
        "rating": 4.2,
        "footfall": 2219,
        "revenue_index": 0.86,
        "value": 0.492
      }
    },
    {
      "type": "Feature",
      "geometry": {
        "type": "Point",
        "coordinates": [
          72.77657,
          21.15756
        ]
      },
      "properties": {
        "name": "Piplod & Dumas Road Leisure Hub Grocery #298",
        "type": "grocery",
        "category": "grocery",
        "city": "Piplod & Dumas Road Leisure Hub",
        "rating": 4.1,
        "footfall": 684,
        "revenue_index": 0.7,
        "value": 0.408
      }
    },
    {
      "type": "Feature",
      "geometry": {
        "type": "Point",
        "coordinates": [
          72.89647,
          21.13336
        ]
      },
      "properties": {
        "name": "Sachin GIDC Textile & Diamond SEZ Retail #299",
        "type": "retail",
        "category": "retail",
        "city": "Sachin GIDC Textile & Diamond SEZ",
        "rating": 4.3,
        "footfall": 3587,
        "revenue_index": 0.77,
        "value": 0.846
      }
    },
    {
      "type": "Feature",
      "geometry": {
        "type": "Point",
        "coordinates": [
          72.89697,
          21.10169
        ]
      },
      "properties": {
        "name": "Sachin GIDC Textile & Diamond SEZ Restaurant #300",
        "type": "restaurant",
        "category": "restaurant",
        "city": "Sachin GIDC Textile & Diamond SEZ",
        "rating": 4.7,
        "footfall": 2037,
        "revenue_index": 0.65,
        "value": 0.412
      }
    },
    {
      "type": "Feature",
      "geometry": {
        "type": "Point",
        "coordinates": [
          72.88069,
          21.07303
        ]
      },
      "properties": {
        "name": "Sachin GIDC Textile & Diamond SEZ Retail #301",
        "type": "retail",
        "category": "retail",
        "city": "Sachin GIDC Textile & Diamond SEZ",
        "rating": 4.1,
        "footfall": 4935,
        "revenue_index": 0.57,
        "value": 0.957
      }
    },
    {
      "type": "Feature",
      "geometry": {
        "type": "Point",
        "coordinates": [
          72.85313,
          21.07277
        ]
      },
      "properties": {
        "name": "Sachin GIDC Textile & Diamond SEZ Restaurant #302",
        "type": "restaurant",
        "category": "restaurant",
        "city": "Sachin GIDC Textile & Diamond SEZ",
        "rating": 4.5,
        "footfall": 4438,
        "revenue_index": 0.8,
        "value": 0.88
      }
    },
    {
      "type": "Feature",
      "geometry": {
        "type": "Point",
        "coordinates": [
          72.89333,
          21.05638
        ]
      },
      "properties": {
        "name": "Sachin GIDC Textile & Diamond SEZ Ev Charging #303",
        "type": "ev_charging",
        "category": "ev_charging",
        "city": "Sachin GIDC Textile & Diamond SEZ",
        "rating": 4.3,
        "footfall": 2515,
        "revenue_index": 0.86,
        "value": 0.651
      }
    },
    {
      "type": "Feature",
      "geometry": {
        "type": "Point",
        "coordinates": [
          72.91203,
          21.06994
        ]
      },
      "properties": {
        "name": "Sachin GIDC Textile & Diamond SEZ Restaurant #304",
        "type": "restaurant",
        "category": "restaurant",
        "city": "Sachin GIDC Textile & Diamond SEZ",
        "rating": 3.8,
        "footfall": 2175,
        "revenue_index": 0.97,
        "value": 0.969
      }
    },
    {
      "type": "Feature",
      "geometry": {
        "type": "Point",
        "coordinates": [
          72.84513,
          21.14765
        ]
      },
      "properties": {
        "name": "Pandesara GIDC Industrial Estate Bank #305",
        "type": "bank",
        "category": "bank",
        "city": "Pandesara GIDC Industrial Estate",
        "rating": 4.3,
        "footfall": 1269,
        "revenue_index": 0.85,
        "value": 0.534
      }
    },
    {
      "type": "Feature",
      "geometry": {
        "type": "Point",
        "coordinates": [
          72.83466,
          21.15767
        ]
      },
      "properties": {
        "name": "Pandesara GIDC Industrial Estate Bank #306",
        "type": "bank",
        "category": "bank",
        "city": "Pandesara GIDC Industrial Estate",
        "rating": 4.7,
        "footfall": 5037,
        "revenue_index": 0.53,
        "value": 0.864
      }
    },
    {
      "type": "Feature",
      "geometry": {
        "type": "Point",
        "coordinates": [
          72.83328,
          21.16781
        ]
      },
      "properties": {
        "name": "Pandesara GIDC Industrial Estate Restaurant #307",
        "type": "restaurant",
        "category": "restaurant",
        "city": "Pandesara GIDC Industrial Estate",
        "rating": 3.8,
        "footfall": 3297,
        "revenue_index": 0.66,
        "value": 0.588
      }
    },
    {
      "type": "Feature",
      "geometry": {
        "type": "Point",
        "coordinates": [
          72.80859,
          21.15179
        ]
      },
      "properties": {
        "name": "Pandesara GIDC Industrial Estate Ev Charging #308",
        "type": "ev_charging",
        "category": "ev_charging",
        "city": "Pandesara GIDC Industrial Estate",
        "rating": 3.9,
        "footfall": 803,
        "revenue_index": 0.93,
        "value": 0.503
      }
    },
    {
      "type": "Feature",
      "geometry": {
        "type": "Point",
        "coordinates": [
          72.81213,
          21.16826
        ]
      },
      "properties": {
        "name": "Pandesara GIDC Industrial Estate Gas Station #309",
        "type": "gas_station",
        "category": "gas_station",
        "city": "Pandesara GIDC Industrial Estate",
        "rating": 4.7,
        "footfall": 2404,
        "revenue_index": 0.49,
        "value": 0.758
      }
    },
    {
      "type": "Feature",
      "geometry": {
        "type": "Point",
        "coordinates": [
          72.83175,
          21.1249
        ]
      },
      "properties": {
        "name": "Pandesara GIDC Industrial Estate Bank #310",
        "type": "bank",
        "category": "bank",
        "city": "Pandesara GIDC Industrial Estate",
        "rating": 4.6,
        "footfall": 2659,
        "revenue_index": 0.51,
        "value": 0.499
      }
    },
    {
      "type": "Feature",
      "geometry": {
        "type": "Point",
        "coordinates": [
          72.83644,
          21.21028
        ]
      },
      "properties": {
        "name": "Katargam Diamond Cutting Hub Hotel #311",
        "type": "hotel",
        "category": "hotel",
        "city": "Katargam Diamond Cutting Hub",
        "rating": 4.3,
        "footfall": 2897,
        "revenue_index": 0.86,
        "value": 0.762
      }
    },
    {
      "type": "Feature",
      "geometry": {
        "type": "Point",
        "coordinates": [
          72.83929,
          21.22299
        ]
      },
      "properties": {
        "name": "Katargam Diamond Cutting Hub Bank #312",
        "type": "bank",
        "category": "bank",
        "city": "Katargam Diamond Cutting Hub",
        "rating": 3.7,
        "footfall": 3556,
        "revenue_index": 0.54,
        "value": 0.766
      }
    },
    {
      "type": "Feature",
      "geometry": {
        "type": "Point",
        "coordinates": [
          72.83417,
          21.2109
        ]
      },
      "properties": {
        "name": "Katargam Diamond Cutting Hub Gas Station #313",
        "type": "gas_station",
        "category": "gas_station",
        "city": "Katargam Diamond Cutting Hub",
        "rating": 3.9,
        "footfall": 4279,
        "revenue_index": 0.8,
        "value": 0.593
      }
    },
    {
      "type": "Feature",
      "geometry": {
        "type": "Point",
        "coordinates": [
          72.84872,
          21.21958
        ]
      },
      "properties": {
        "name": "Katargam Diamond Cutting Hub Gas Station #314",
        "type": "gas_station",
        "category": "gas_station",
        "city": "Katargam Diamond Cutting Hub",
        "rating": 3.7,
        "footfall": 3008,
        "revenue_index": 0.58,
        "value": 0.396
      }
    },
    {
      "type": "Feature",
      "geometry": {
        "type": "Point",
        "coordinates": [
          72.85708,
          21.23561
        ]
      },
      "properties": {
        "name": "Katargam Diamond Cutting Hub Retail #315",
        "type": "retail",
        "category": "retail",
        "city": "Katargam Diamond Cutting Hub",
        "rating": 4.1,
        "footfall": 3907,
        "revenue_index": 0.97,
        "value": 0.519
      }
    },
    {
      "type": "Feature",
      "geometry": {
        "type": "Point",
        "coordinates": [
          72.84911,
          21.24985
        ]
      },
      "properties": {
        "name": "Katargam Diamond Cutting Hub Bank #316",
        "type": "bank",
        "category": "bank",
        "city": "Katargam Diamond Cutting Hub",
        "rating": 4.0,
        "footfall": 3908,
        "revenue_index": 0.59,
        "value": 0.709
      }
    },
    {
      "type": "Feature",
      "geometry": {
        "type": "Point",
        "coordinates": [
          72.81464,
          21.21465
        ]
      },
      "properties": {
        "name": "Katargam Diamond Cutting Hub Gas Station #317",
        "type": "gas_station",
        "category": "gas_station",
        "city": "Katargam Diamond Cutting Hub",
        "rating": 4.4,
        "footfall": 2132,
        "revenue_index": 0.76,
        "value": 0.634
      }
    },
    {
      "type": "Feature",
      "geometry": {
        "type": "Point",
        "coordinates": [
          72.83567,
          21.19528
        ]
      },
      "properties": {
        "name": "Katargam Diamond Cutting Hub Retail #318",
        "type": "retail",
        "category": "retail",
        "city": "Katargam Diamond Cutting Hub",
        "rating": 4.2,
        "footfall": 404,
        "revenue_index": 0.88,
        "value": 0.361
      }
    },
    {
      "type": "Feature",
      "geometry": {
        "type": "Point",
        "coordinates": [
          73.14825,
          21.13999
        ]
      },
      "properties": {
        "name": "Bardoli Sugar & Agro-Industrial Capital Bank #319",
        "type": "bank",
        "category": "bank",
        "city": "Bardoli Sugar & Agro-Industrial Capital",
        "rating": 3.6,
        "footfall": 4464,
        "revenue_index": 0.5,
        "value": 0.809
      }
    },
    {
      "type": "Feature",
      "geometry": {
        "type": "Point",
        "coordinates": [
          73.11837,
          21.13234
        ]
      },
      "properties": {
        "name": "Bardoli Sugar & Agro-Industrial Capital Restaurant #320",
        "type": "restaurant",
        "category": "restaurant",
        "city": "Bardoli Sugar & Agro-Industrial Capital",
        "rating": 4.3,
        "footfall": 3922,
        "revenue_index": 0.93,
        "value": 0.741
      }
    },
    {
      "type": "Feature",
      "geometry": {
        "type": "Point",
        "coordinates": [
          73.1153,
          21.09925
        ]
      },
      "properties": {
        "name": "Bardoli Sugar & Agro-Industrial Capital Gas Station #321",
        "type": "gas_station",
        "category": "gas_station",
        "city": "Bardoli Sugar & Agro-Industrial Capital",
        "rating": 4.1,
        "footfall": 5039,
        "revenue_index": 0.96,
        "value": 0.649
      }
    },
    {
      "type": "Feature",
      "geometry": {
        "type": "Point",
        "coordinates": [
          73.11843,
          21.13563
        ]
      },
      "properties": {
        "name": "Bardoli Sugar & Agro-Industrial Capital Gas Station #322",
        "type": "gas_station",
        "category": "gas_station",
        "city": "Bardoli Sugar & Agro-Industrial Capital",
        "rating": 3.9,
        "footfall": 1918,
        "revenue_index": 0.52,
        "value": 0.761
      }
    },
    {
      "type": "Feature",
      "geometry": {
        "type": "Point",
        "coordinates": [
          72.74458,
          21.32743
        ]
      },
      "properties": {
        "name": "Olpad Aquaculture & Gas Exploration Node Ev Charging #323",
        "type": "ev_charging",
        "category": "ev_charging",
        "city": "Olpad Aquaculture & Gas Exploration Node",
        "rating": 4.5,
        "footfall": 4745,
        "revenue_index": 0.73,
        "value": 0.649
      }
    },
    {
      "type": "Feature",
      "geometry": {
        "type": "Point",
        "coordinates": [
          72.74534,
          21.31495
        ]
      },
      "properties": {
        "name": "Olpad Aquaculture & Gas Exploration Node Hotel #324",
        "type": "hotel",
        "category": "hotel",
        "city": "Olpad Aquaculture & Gas Exploration Node",
        "rating": 4.4,
        "footfall": 2103,
        "revenue_index": 0.95,
        "value": 0.782
      }
    },
    {
      "type": "Feature",
      "geometry": {
        "type": "Point",
        "coordinates": [
          72.73389,
          21.35069
        ]
      },
      "properties": {
        "name": "Olpad Aquaculture & Gas Exploration Node Ev Charging #325",
        "type": "ev_charging",
        "category": "ev_charging",
        "city": "Olpad Aquaculture & Gas Exploration Node",
        "rating": 3.9,
        "footfall": 1151,
        "revenue_index": 0.78,
        "value": 0.591
      }
    },
    {
      "type": "Feature",
      "geometry": {
        "type": "Point",
        "coordinates": [
          72.75584,
          21.32789
        ]
      },
      "properties": {
        "name": "Olpad Aquaculture & Gas Exploration Node Grocery #326",
        "type": "grocery",
        "category": "grocery",
        "city": "Olpad Aquaculture & Gas Exploration Node",
        "rating": 4.5,
        "footfall": 5136,
        "revenue_index": 0.79,
        "value": 0.464
      }
    },
    {
      "type": "Feature",
      "geometry": {
        "type": "Point",
        "coordinates": [
          72.96508,
          21.27475
        ]
      },
      "properties": {
        "name": "Kamrej NH-48 Transport & Transit Node Retail #327",
        "type": "retail",
        "category": "retail",
        "city": "Kamrej NH-48 Transport & Transit Node",
        "rating": 4.4,
        "footfall": 3283,
        "revenue_index": 0.9,
        "value": 0.838
      }
    },
    {
      "type": "Feature",
      "geometry": {
        "type": "Point",
        "coordinates": [
          72.9615,
          21.25377
        ]
      },
      "properties": {
        "name": "Kamrej NH-48 Transport & Transit Node Ev Charging #328",
        "type": "ev_charging",
        "category": "ev_charging",
        "city": "Kamrej NH-48 Transport & Transit Node",
        "rating": 4.3,
        "footfall": 4136,
        "revenue_index": 0.87,
        "value": 0.529
      }
    },
    {
      "type": "Feature",
      "geometry": {
        "type": "Point",
        "coordinates": [
          72.96032,
          21.27693
        ]
      },
      "properties": {
        "name": "Kamrej NH-48 Transport & Transit Node Restaurant #329",
        "type": "restaurant",
        "category": "restaurant",
        "city": "Kamrej NH-48 Transport & Transit Node",
        "rating": 4.1,
        "footfall": 4997,
        "revenue_index": 0.7,
        "value": 0.543
      }
    },
    {
      "type": "Feature",
      "geometry": {
        "type": "Point",
        "coordinates": [
          72.95167,
          21.24313
        ]
      },
      "properties": {
        "name": "Kamrej NH-48 Transport & Transit Node Gas Station #330",
        "type": "gas_station",
        "category": "gas_station",
        "city": "Kamrej NH-48 Transport & Transit Node",
        "rating": 4.1,
        "footfall": 5089,
        "revenue_index": 0.69,
        "value": 0.634
      }
    },
    {
      "type": "Feature",
      "geometry": {
        "type": "Point",
        "coordinates": [
          73.02617,
          21.0631
        ]
      },
      "properties": {
        "name": "Palsana Textile Industrial Corridor Gas Station #331",
        "type": "gas_station",
        "category": "gas_station",
        "city": "Palsana Textile Industrial Corridor",
        "rating": 4.7,
        "footfall": 3559,
        "revenue_index": 0.92,
        "value": 0.619
      }
    },
    {
      "type": "Feature",
      "geometry": {
        "type": "Point",
        "coordinates": [
          72.97905,
          21.09495
        ]
      },
      "properties": {
        "name": "Palsana Textile Industrial Corridor Ev Charging #332",
        "type": "ev_charging",
        "category": "ev_charging",
        "city": "Palsana Textile Industrial Corridor",
        "rating": 3.6,
        "footfall": 3731,
        "revenue_index": 0.58,
        "value": 0.548
      }
    },
    {
      "type": "Feature",
      "geometry": {
        "type": "Point",
        "coordinates": [
          72.99402,
          21.08245
        ]
      },
      "properties": {
        "name": "Palsana Textile Industrial Corridor Grocery #333",
        "type": "grocery",
        "category": "grocery",
        "city": "Palsana Textile Industrial Corridor",
        "rating": 4.6,
        "footfall": 2631,
        "revenue_index": 0.75,
        "value": 0.738
      }
    },
    {
      "type": "Feature",
      "geometry": {
        "type": "Point",
        "coordinates": [
          72.97486,
          21.10021
        ]
      },
      "properties": {
        "name": "Palsana Textile Industrial Corridor Retail #334",
        "type": "retail",
        "category": "retail",
        "city": "Palsana Textile Industrial Corridor",
        "rating": 4.7,
        "footfall": 5032,
        "revenue_index": 0.79,
        "value": 0.437
      }
    },
    {
      "type": "Feature",
      "geometry": {
        "type": "Point",
        "coordinates": [
          72.96587,
          21.07534
        ]
      },
      "properties": {
        "name": "Palsana Textile Industrial Corridor Restaurant #335",
        "type": "restaurant",
        "category": "restaurant",
        "city": "Palsana Textile Industrial Corridor",
        "rating": 3.7,
        "footfall": 3438,
        "revenue_index": 0.76,
        "value": 0.803
      }
    },
    {
      "type": "Feature",
      "geometry": {
        "type": "Point",
        "coordinates": [
          72.99721,
          21.08765
        ]
      },
      "properties": {
        "name": "Palsana Textile Industrial Corridor Restaurant #336",
        "type": "restaurant",
        "category": "restaurant",
        "city": "Palsana Textile Industrial Corridor",
        "rating": 4.3,
        "footfall": 4190,
        "revenue_index": 0.67,
        "value": 0.48
      }
    },
    {
      "type": "Feature",
      "geometry": {
        "type": "Point",
        "coordinates": [
          70.81171,
          22.27194
        ]
      },
      "properties": {
        "name": "150 Feet Ring Road Commercial Axis Hotel #337",
        "type": "hotel",
        "category": "hotel",
        "city": "150 Feet Ring Road Commercial Axis",
        "rating": 4.0,
        "footfall": 2775,
        "revenue_index": 0.94,
        "value": 0.741
      }
    },
    {
      "type": "Feature",
      "geometry": {
        "type": "Point",
        "coordinates": [
          70.75953,
          22.26505
        ]
      },
      "properties": {
        "name": "150 Feet Ring Road Commercial Axis Ev Charging #338",
        "type": "ev_charging",
        "category": "ev_charging",
        "city": "150 Feet Ring Road Commercial Axis",
        "rating": 4.4,
        "footfall": 3256,
        "revenue_index": 0.94,
        "value": 0.611
      }
    },
    {
      "type": "Feature",
      "geometry": {
        "type": "Point",
        "coordinates": [
          70.77421,
          22.2718
        ]
      },
      "properties": {
        "name": "150 Feet Ring Road Commercial Axis Ev Charging #339",
        "type": "ev_charging",
        "category": "ev_charging",
        "city": "150 Feet Ring Road Commercial Axis",
        "rating": 4.6,
        "footfall": 2793,
        "revenue_index": 0.85,
        "value": 0.544
      }
    },
    {
      "type": "Feature",
      "geometry": {
        "type": "Point",
        "coordinates": [
          70.77664,
          22.28463
        ]
      },
      "properties": {
        "name": "150 Feet Ring Road Commercial Axis Ev Charging #340",
        "type": "ev_charging",
        "category": "ev_charging",
        "city": "150 Feet Ring Road Commercial Axis",
        "rating": 4.4,
        "footfall": 3640,
        "revenue_index": 0.75,
        "value": 0.73
      }
    },
    {
      "type": "Feature",
      "geometry": {
        "type": "Point",
        "coordinates": [
          70.84296,
          22.30518
        ]
      },
      "properties": {
        "name": "Rajkot Central & Yagnik Road Hotel #341",
        "type": "hotel",
        "category": "hotel",
        "city": "Rajkot Central & Yagnik Road",
        "rating": 4.5,
        "footfall": 2517,
        "revenue_index": 0.6,
        "value": 0.634
      }
    },
    {
      "type": "Feature",
      "geometry": {
        "type": "Point",
        "coordinates": [
          70.8666,
          22.31279
        ]
      },
      "properties": {
        "name": "Rajkot Central & Yagnik Road Gas Station #342",
        "type": "gas_station",
        "category": "gas_station",
        "city": "Rajkot Central & Yagnik Road",
        "rating": 3.9,
        "footfall": 4707,
        "revenue_index": 0.85,
        "value": 0.877
      }
    },
    {
      "type": "Feature",
      "geometry": {
        "type": "Point",
        "coordinates": [
          70.78675,
          22.29922
        ]
      },
      "properties": {
        "name": "Rajkot Central & Yagnik Road Restaurant #343",
        "type": "restaurant",
        "category": "restaurant",
        "city": "Rajkot Central & Yagnik Road",
        "rating": 3.7,
        "footfall": 3088,
        "revenue_index": 0.72,
        "value": 0.431
      }
    },
    {
      "type": "Feature",
      "geometry": {
        "type": "Point",
        "coordinates": [
          70.75342,
          22.29615
        ]
      },
      "properties": {
        "name": "Rajkot Central & Yagnik Road Restaurant #344",
        "type": "restaurant",
        "category": "restaurant",
        "city": "Rajkot Central & Yagnik Road",
        "rating": 4.9,
        "footfall": 4767,
        "revenue_index": 0.79,
        "value": 0.906
      }
    },
    {
      "type": "Feature",
      "geometry": {
        "type": "Point",
        "coordinates": [
          70.76613,
          22.24551
        ]
      },
      "properties": {
        "name": "Rajkot Central & Yagnik Road Retail #345",
        "type": "retail",
        "category": "retail",
        "city": "Rajkot Central & Yagnik Road",
        "rating": 3.9,
        "footfall": 1248,
        "revenue_index": 0.96,
        "value": 0.979
      }
    },
    {
      "type": "Feature",
      "geometry": {
        "type": "Point",
        "coordinates": [
          70.79166,
          22.25275
        ]
      },
      "properties": {
        "name": "Aji GIDC & Shapar Industrial Zone Retail #346",
        "type": "retail",
        "category": "retail",
        "city": "Aji GIDC & Shapar Industrial Zone",
        "rating": 4.5,
        "footfall": 1343,
        "revenue_index": 0.91,
        "value": 0.83
      }
    },
    {
      "type": "Feature",
      "geometry": {
        "type": "Point",
        "coordinates": [
          70.81652,
          22.23525
        ]
      },
      "properties": {
        "name": "Aji GIDC & Shapar Industrial Zone Hotel #347",
        "type": "hotel",
        "category": "hotel",
        "city": "Aji GIDC & Shapar Industrial Zone",
        "rating": 4.3,
        "footfall": 1978,
        "revenue_index": 0.6,
        "value": 0.797
      }
    },
    {
      "type": "Feature",
      "geometry": {
        "type": "Point",
        "coordinates": [
          70.82398,
          22.23657
        ]
      },
      "properties": {
        "name": "Aji GIDC & Shapar Industrial Zone Hotel #348",
        "type": "hotel",
        "category": "hotel",
        "city": "Aji GIDC & Shapar Industrial Zone",
        "rating": 4.4,
        "footfall": 1429,
        "revenue_index": 0.47,
        "value": 0.356
      }
    },
    {
      "type": "Feature",
      "geometry": {
        "type": "Point",
        "coordinates": [
          70.84008,
          22.24332
        ]
      },
      "properties": {
        "name": "Aji GIDC & Shapar Industrial Zone Hotel #349",
        "type": "hotel",
        "category": "hotel",
        "city": "Aji GIDC & Shapar Industrial Zone",
        "rating": 4.0,
        "footfall": 925,
        "revenue_index": 0.53,
        "value": 0.735
      }
    },
    {
      "type": "Feature",
      "geometry": {
        "type": "Point",
        "coordinates": [
          70.79784,
          22.21733
        ]
      },
      "properties": {
        "name": "Aji GIDC & Shapar Industrial Zone Restaurant #350",
        "type": "restaurant",
        "category": "restaurant",
        "city": "Aji GIDC & Shapar Industrial Zone",
        "rating": 4.8,
        "footfall": 3314,
        "revenue_index": 0.51,
        "value": 0.841
      }
    },
    {
      "type": "Feature",
      "geometry": {
        "type": "Point",
        "coordinates": [
          70.85552,
          22.26276
        ]
      },
      "properties": {
        "name": "Aji GIDC & Shapar Industrial Zone Ev Charging #351",
        "type": "ev_charging",
        "category": "ev_charging",
        "city": "Aji GIDC & Shapar Industrial Zone",
        "rating": 4.7,
        "footfall": 3318,
        "revenue_index": 0.73,
        "value": 0.725
      }
    },
    {
      "type": "Feature",
      "geometry": {
        "type": "Point",
        "coordinates": [
          70.71602,
          22.24948
        ]
      },
      "properties": {
        "name": "Metoda GIDC Auto Component Cluster Bank #352",
        "type": "bank",
        "category": "bank",
        "city": "Metoda GIDC Auto Component Cluster",
        "rating": 4.5,
        "footfall": 4261,
        "revenue_index": 0.96,
        "value": 0.7
      }
    },
    {
      "type": "Feature",
      "geometry": {
        "type": "Point",
        "coordinates": [
          70.70664,
          22.20713
        ]
      },
      "properties": {
        "name": "Metoda GIDC Auto Component Cluster Grocery #353",
        "type": "grocery",
        "category": "grocery",
        "city": "Metoda GIDC Auto Component Cluster",
        "rating": 4.4,
        "footfall": 963,
        "revenue_index": 0.59,
        "value": 0.577
      }
    },
    {
      "type": "Feature",
      "geometry": {
        "type": "Point",
        "coordinates": [
          70.70551,
          22.2355
        ]
      },
      "properties": {
        "name": "Metoda GIDC Auto Component Cluster Ev Charging #354",
        "type": "ev_charging",
        "category": "ev_charging",
        "city": "Metoda GIDC Auto Component Cluster",
        "rating": 4.1,
        "footfall": 2212,
        "revenue_index": 0.49,
        "value": 0.49
      }
    },
    {
      "type": "Feature",
      "geometry": {
        "type": "Point",
        "coordinates": [
          70.68479,
          22.22218
        ]
      },
      "properties": {
        "name": "Metoda GIDC Auto Component Cluster Restaurant #355",
        "type": "restaurant",
        "category": "restaurant",
        "city": "Metoda GIDC Auto Component Cluster",
        "rating": 4.0,
        "footfall": 1903,
        "revenue_index": 0.55,
        "value": 0.607
      }
    },
    {
      "type": "Feature",
      "geometry": {
        "type": "Point",
        "coordinates": [
          70.67547,
          22.26994
        ]
      },
      "properties": {
        "name": "Metoda GIDC Auto Component Cluster Retail #356",
        "type": "retail",
        "category": "retail",
        "city": "Metoda GIDC Auto Component Cluster",
        "rating": 4.7,
        "footfall": 1996,
        "revenue_index": 0.61,
        "value": 0.534
      }
    },
    {
      "type": "Feature",
      "geometry": {
        "type": "Point",
        "coordinates": [
          70.70458,
          22.23871
        ]
      },
      "properties": {
        "name": "Metoda GIDC Auto Component Cluster Retail #357",
        "type": "retail",
        "category": "retail",
        "city": "Metoda GIDC Auto Component Cluster",
        "rating": 3.6,
        "footfall": 2300,
        "revenue_index": 0.8,
        "value": 0.8
      }
    },
    {
      "type": "Feature",
      "geometry": {
        "type": "Point",
        "coordinates": [
          70.81479,
          21.93658
        ]
      },
      "properties": {
        "name": "Gondal Heritage Palace & Agri Mandi Bank #358",
        "type": "bank",
        "category": "bank",
        "city": "Gondal Heritage Palace & Agri Mandi",
        "rating": 4.6,
        "footfall": 3646,
        "revenue_index": 0.86,
        "value": 0.69
      }
    },
    {
      "type": "Feature",
      "geometry": {
        "type": "Point",
        "coordinates": [
          70.80395,
          21.98059
        ]
      },
      "properties": {
        "name": "Gondal Heritage Palace & Agri Mandi Bank #359",
        "type": "bank",
        "category": "bank",
        "city": "Gondal Heritage Palace & Agri Mandi",
        "rating": 4.0,
        "footfall": 1553,
        "revenue_index": 0.75,
        "value": 0.527
      }
    },
    {
      "type": "Feature",
      "geometry": {
        "type": "Point",
        "coordinates": [
          70.75793,
          21.9608
        ]
      },
      "properties": {
        "name": "Gondal Heritage Palace & Agri Mandi Restaurant #360",
        "type": "restaurant",
        "category": "restaurant",
        "city": "Gondal Heritage Palace & Agri Mandi",
        "rating": 4.8,
        "footfall": 1134,
        "revenue_index": 0.79,
        "value": 0.963
      }
    },
    {
      "type": "Feature",
      "geometry": {
        "type": "Point",
        "coordinates": [
          70.80576,
          21.94695
        ]
      },
      "properties": {
        "name": "Gondal Heritage Palace & Agri Mandi Gas Station #361",
        "type": "gas_station",
        "category": "gas_station",
        "city": "Gondal Heritage Palace & Agri Mandi",
        "rating": 3.9,
        "footfall": 707,
        "revenue_index": 0.61,
        "value": 0.88
      }
    },
    {
      "type": "Feature",
      "geometry": {
        "type": "Point",
        "coordinates": [
          70.62494,
          21.76693
        ]
      },
      "properties": {
        "name": "Jetpur Block Print & Saree Dyeing Hub Hotel #362",
        "type": "hotel",
        "category": "hotel",
        "city": "Jetpur Block Print & Saree Dyeing Hub",
        "rating": 4.6,
        "footfall": 3403,
        "revenue_index": 0.95,
        "value": 0.453
      }
    },
    {
      "type": "Feature",
      "geometry": {
        "type": "Point",
        "coordinates": [
          70.59764,
          21.764
        ]
      },
      "properties": {
        "name": "Jetpur Block Print & Saree Dyeing Hub Ev Charging #363",
        "type": "ev_charging",
        "category": "ev_charging",
        "city": "Jetpur Block Print & Saree Dyeing Hub",
        "rating": 4.1,
        "footfall": 3171,
        "revenue_index": 0.55,
        "value": 0.824
      }
    },
    {
      "type": "Feature",
      "geometry": {
        "type": "Point",
        "coordinates": [
          70.5905,
          21.75151
        ]
      },
      "properties": {
        "name": "Jetpur Block Print & Saree Dyeing Hub Hotel #364",
        "type": "hotel",
        "category": "hotel",
        "city": "Jetpur Block Print & Saree Dyeing Hub",
        "rating": 3.8,
        "footfall": 2046,
        "revenue_index": 0.52,
        "value": 0.976
      }
    },
    {
      "type": "Feature",
      "geometry": {
        "type": "Point",
        "coordinates": [
          70.61026,
          21.74579
        ]
      },
      "properties": {
        "name": "Jetpur Block Print & Saree Dyeing Hub Restaurant #365",
        "type": "restaurant",
        "category": "restaurant",
        "city": "Jetpur Block Print & Saree Dyeing Hub",
        "rating": 3.6,
        "footfall": 3104,
        "revenue_index": 0.66,
        "value": 0.975
      }
    },
    {
      "type": "Feature",
      "geometry": {
        "type": "Point",
        "coordinates": [
          70.48501,
          21.73716
        ]
      },
      "properties": {
        "name": "Dhoraji Plastic & Oil Milling Town Restaurant #366",
        "type": "restaurant",
        "category": "restaurant",
        "city": "Dhoraji Plastic & Oil Milling Town",
        "rating": 3.6,
        "footfall": 2016,
        "revenue_index": 0.58,
        "value": 0.645
      }
    },
    {
      "type": "Feature",
      "geometry": {
        "type": "Point",
        "coordinates": [
          70.46126,
          21.75309
        ]
      },
      "properties": {
        "name": "Dhoraji Plastic & Oil Milling Town Bank #367",
        "type": "bank",
        "category": "bank",
        "city": "Dhoraji Plastic & Oil Milling Town",
        "rating": 4.8,
        "footfall": 4137,
        "revenue_index": 0.64,
        "value": 0.864
      }
    },
    {
      "type": "Feature",
      "geometry": {
        "type": "Point",
        "coordinates": [
          70.45721,
          21.71382
        ]
      },
      "properties": {
        "name": "Dhoraji Plastic & Oil Milling Town Hotel #368",
        "type": "hotel",
        "category": "hotel",
        "city": "Dhoraji Plastic & Oil Milling Town",
        "rating": 4.2,
        "footfall": 3245,
        "revenue_index": 0.85,
        "value": 0.549
      }
    },
    {
      "type": "Feature",
      "geometry": {
        "type": "Point",
        "coordinates": [
          70.44535,
          21.73584
        ]
      },
      "properties": {
        "name": "Dhoraji Plastic & Oil Milling Town Ev Charging #369",
        "type": "ev_charging",
        "category": "ev_charging",
        "city": "Dhoraji Plastic & Oil Milling Town",
        "rating": 4.4,
        "footfall": 2125,
        "revenue_index": 0.48,
        "value": 0.943
      }
    },
    {
      "type": "Feature",
      "geometry": {
        "type": "Point",
        "coordinates": [
          70.29224,
          21.74097
        ]
      },
      "properties": {
        "name": "Upleta Agri-Logistics & Cotton Hub Grocery #370",
        "type": "grocery",
        "category": "grocery",
        "city": "Upleta Agri-Logistics & Cotton Hub",
        "rating": 4.3,
        "footfall": 2516,
        "revenue_index": 0.88,
        "value": 0.457
      }
    },
    {
      "type": "Feature",
      "geometry": {
        "type": "Point",
        "coordinates": [
          70.28269,
          21.74853
        ]
      },
      "properties": {
        "name": "Upleta Agri-Logistics & Cotton Hub Hotel #371",
        "type": "hotel",
        "category": "hotel",
        "city": "Upleta Agri-Logistics & Cotton Hub",
        "rating": 3.8,
        "footfall": 1440,
        "revenue_index": 0.74,
        "value": 0.639
      }
    },
    {
      "type": "Feature",
      "geometry": {
        "type": "Point",
        "coordinates": [
          70.26953,
          21.76285
        ]
      },
      "properties": {
        "name": "Upleta Agri-Logistics & Cotton Hub Hotel #372",
        "type": "hotel",
        "category": "hotel",
        "city": "Upleta Agri-Logistics & Cotton Hub",
        "rating": 4.6,
        "footfall": 534,
        "revenue_index": 0.5,
        "value": 0.802
      }
    },
    {
      "type": "Feature",
      "geometry": {
        "type": "Point",
        "coordinates": [
          70.27311,
          21.75846
        ]
      },
      "properties": {
        "name": "Upleta Agri-Logistics & Cotton Hub Restaurant #373",
        "type": "restaurant",
        "category": "restaurant",
        "city": "Upleta Agri-Logistics & Cotton Hub",
        "rating": 4.0,
        "footfall": 3458,
        "revenue_index": 0.48,
        "value": 0.863
      }
    },
    {
      "type": "Feature",
      "geometry": {
        "type": "Point",
        "coordinates": [
          71.16214,
          22.02381
        ]
      },
      "properties": {
        "name": "Jasdan Brass & Farm Implement Hub Ev Charging #374",
        "type": "ev_charging",
        "category": "ev_charging",
        "city": "Jasdan Brass & Farm Implement Hub",
        "rating": 4.5,
        "footfall": 4876,
        "revenue_index": 0.7,
        "value": 0.839
      }
    },
    {
      "type": "Feature",
      "geometry": {
        "type": "Point",
        "coordinates": [
          71.22295,
          22.05868
        ]
      },
      "properties": {
        "name": "Jasdan Brass & Farm Implement Hub Bank #375",
        "type": "bank",
        "category": "bank",
        "city": "Jasdan Brass & Farm Implement Hub",
        "rating": 4.4,
        "footfall": 4456,
        "revenue_index": 0.62,
        "value": 0.514
      }
    },
    {
      "type": "Feature",
      "geometry": {
        "type": "Point",
        "coordinates": [
          71.21928,
          22.05278
        ]
      },
      "properties": {
        "name": "Jasdan Brass & Farm Implement Hub Grocery #376",
        "type": "grocery",
        "category": "grocery",
        "city": "Jasdan Brass & Farm Implement Hub",
        "rating": 4.8,
        "footfall": 1898,
        "revenue_index": 0.94,
        "value": 0.382
      }
    },
    {
      "type": "Feature",
      "geometry": {
        "type": "Point",
        "coordinates": [
          71.21715,
          22.01689
        ]
      },
      "properties": {
        "name": "Jasdan Brass & Farm Implement Hub Grocery #377",
        "type": "grocery",
        "category": "grocery",
        "city": "Jasdan Brass & Farm Implement Hub",
        "rating": 4.7,
        "footfall": 4010,
        "revenue_index": 0.53,
        "value": 0.777
      }
    },
    {
      "type": "Feature",
      "geometry": {
        "type": "Point",
        "coordinates": [
          72.13661,
          21.75098
        ]
      },
      "properties": {
        "name": "Bhavnagar Central & Waghawadi Road Hotel #378",
        "type": "hotel",
        "category": "hotel",
        "city": "Bhavnagar Central & Waghawadi Road",
        "rating": 4.8,
        "footfall": 1873,
        "revenue_index": 0.53,
        "value": 0.727
      }
    },
    {
      "type": "Feature",
      "geometry": {
        "type": "Point",
        "coordinates": [
          72.12124,
          21.77428
        ]
      },
      "properties": {
        "name": "Bhavnagar Central & Waghawadi Road Bank #379",
        "type": "bank",
        "category": "bank",
        "city": "Bhavnagar Central & Waghawadi Road",
        "rating": 4.0,
        "footfall": 3629,
        "revenue_index": 0.85,
        "value": 0.528
      }
    },
    {
      "type": "Feature",
      "geometry": {
        "type": "Point",
        "coordinates": [
          72.18043,
          21.76371
        ]
      },
      "properties": {
        "name": "Bhavnagar Central & Waghawadi Road Bank #380",
        "type": "bank",
        "category": "bank",
        "city": "Bhavnagar Central & Waghawadi Road",
        "rating": 3.8,
        "footfall": 2426,
        "revenue_index": 0.71,
        "value": 0.745
      }
    },
    {
      "type": "Feature",
      "geometry": {
        "type": "Point",
        "coordinates": [
          72.16497,
          21.72603
        ]
      },
      "properties": {
        "name": "Bhavnagar Central & Waghawadi Road Retail #381",
        "type": "retail",
        "category": "retail",
        "city": "Bhavnagar Central & Waghawadi Road",
        "rating": 4.6,
        "footfall": 1216,
        "revenue_index": 0.52,
        "value": 0.404
      }
    },
    {
      "type": "Feature",
      "geometry": {
        "type": "Point",
        "coordinates": [
          72.1908,
          21.43959
        ]
      },
      "properties": {
        "name": "Alang Ship Recycling & Marine Yard Grocery #382",
        "type": "grocery",
        "category": "grocery",
        "city": "Alang Ship Recycling & Marine Yard",
        "rating": 3.7,
        "footfall": 3239,
        "revenue_index": 0.97,
        "value": 0.698
      }
    },
    {
      "type": "Feature",
      "geometry": {
        "type": "Point",
        "coordinates": [
          72.15022,
          21.4283
        ]
      },
      "properties": {
        "name": "Alang Ship Recycling & Marine Yard Retail #383",
        "type": "retail",
        "category": "retail",
        "city": "Alang Ship Recycling & Marine Yard",
        "rating": 4.5,
        "footfall": 1005,
        "revenue_index": 0.69,
        "value": 0.381
      }
    },
    {
      "type": "Feature",
      "geometry": {
        "type": "Point",
        "coordinates": [
          72.16796,
          21.42391
        ]
      },
      "properties": {
        "name": "Alang Ship Recycling & Marine Yard Retail #384",
        "type": "retail",
        "category": "retail",
        "city": "Alang Ship Recycling & Marine Yard",
        "rating": 4.6,
        "footfall": 2247,
        "revenue_index": 0.77,
        "value": 0.572
      }
    },
    {
      "type": "Feature",
      "geometry": {
        "type": "Point",
        "coordinates": [
          72.1679,
          21.39339
        ]
      },
      "properties": {
        "name": "Alang Ship Recycling & Marine Yard Ev Charging #385",
        "type": "ev_charging",
        "category": "ev_charging",
        "city": "Alang Ship Recycling & Marine Yard",
        "rating": 4.5,
        "footfall": 1859,
        "revenue_index": 0.77,
        "value": 0.813
      }
    },
    {
      "type": "Feature",
      "geometry": {
        "type": "Point",
        "coordinates": [
          72.17663,
          21.42496
        ]
      },
      "properties": {
        "name": "Alang Ship Recycling & Marine Yard Retail #386",
        "type": "retail",
        "category": "retail",
        "city": "Alang Ship Recycling & Marine Yard",
        "rating": 3.8,
        "footfall": 1564,
        "revenue_index": 0.93,
        "value": 0.946
      }
    },
    {
      "type": "Feature",
      "geometry": {
        "type": "Point",
        "coordinates": [
          72.16744,
          21.41656
        ]
      },
      "properties": {
        "name": "Alang Ship Recycling & Marine Yard Grocery #387",
        "type": "grocery",
        "category": "grocery",
        "city": "Alang Ship Recycling & Marine Yard",
        "rating": 4.2,
        "footfall": 1739,
        "revenue_index": 0.46,
        "value": 0.89
      }
    },
    {
      "type": "Feature",
      "geometry": {
        "type": "Point",
        "coordinates": [
          72.12151,
          21.79177
        ]
      },
      "properties": {
        "name": "Chitra GIDC Industrial Estate Restaurant #388",
        "type": "restaurant",
        "category": "restaurant",
        "city": "Chitra GIDC Industrial Estate",
        "rating": 4.1,
        "footfall": 3025,
        "revenue_index": 0.81,
        "value": 0.514
      }
    },
    {
      "type": "Feature",
      "geometry": {
        "type": "Point",
        "coordinates": [
          72.09844,
          21.79925
        ]
      },
      "properties": {
        "name": "Chitra GIDC Industrial Estate Restaurant #389",
        "type": "restaurant",
        "category": "restaurant",
        "city": "Chitra GIDC Industrial Estate",
        "rating": 4.8,
        "footfall": 412,
        "revenue_index": 0.82,
        "value": 0.864
      }
    },
    {
      "type": "Feature",
      "geometry": {
        "type": "Point",
        "coordinates": [
          72.12881,
          21.7903
        ]
      },
      "properties": {
        "name": "Chitra GIDC Industrial Estate Ev Charging #390",
        "type": "ev_charging",
        "category": "ev_charging",
        "city": "Chitra GIDC Industrial Estate",
        "rating": 4.2,
        "footfall": 551,
        "revenue_index": 0.61,
        "value": 0.88
      }
    },
    {
      "type": "Feature",
      "geometry": {
        "type": "Point",
        "coordinates": [
          72.11256,
          21.75905
        ]
      },
      "properties": {
        "name": "Chitra GIDC Industrial Estate Ev Charging #391",
        "type": "ev_charging",
        "category": "ev_charging",
        "city": "Chitra GIDC Industrial Estate",
        "rating": 3.6,
        "footfall": 4206,
        "revenue_index": 0.46,
        "value": 0.455
      }
    },
    {
      "type": "Feature",
      "geometry": {
        "type": "Point",
        "coordinates": [
          72.0899,
          21.80292
        ]
      },
      "properties": {
        "name": "Chitra GIDC Industrial Estate Gas Station #392",
        "type": "gas_station",
        "category": "gas_station",
        "city": "Chitra GIDC Industrial Estate",
        "rating": 4.6,
        "footfall": 3261,
        "revenue_index": 0.49,
        "value": 0.833
      }
    },
    {
      "type": "Feature",
      "geometry": {
        "type": "Point",
        "coordinates": [
          72.14743,
          21.77195
        ]
      },
      "properties": {
        "name": "Chitra GIDC Industrial Estate Gas Station #393",
        "type": "gas_station",
        "category": "gas_station",
        "city": "Chitra GIDC Industrial Estate",
        "rating": 4.2,
        "footfall": 1888,
        "revenue_index": 0.66,
        "value": 0.75
      }
    },
    {
      "type": "Feature",
      "geometry": {
        "type": "Point",
        "coordinates": [
          72.00892,
          21.71191
        ]
      },
      "properties": {
        "name": "Sihor Steel Rolling & Ceramic Hub Grocery #394",
        "type": "grocery",
        "category": "grocery",
        "city": "Sihor Steel Rolling & Ceramic Hub",
        "rating": 4.6,
        "footfall": 3792,
        "revenue_index": 0.57,
        "value": 0.467
      }
    },
    {
      "type": "Feature",
      "geometry": {
        "type": "Point",
        "coordinates": [
          71.94882,
          21.71927
        ]
      },
      "properties": {
        "name": "Sihor Steel Rolling & Ceramic Hub Hotel #395",
        "type": "hotel",
        "category": "hotel",
        "city": "Sihor Steel Rolling & Ceramic Hub",
        "rating": 3.8,
        "footfall": 3338,
        "revenue_index": 0.75,
        "value": 0.361
      }
    },
    {
      "type": "Feature",
      "geometry": {
        "type": "Point",
        "coordinates": [
          71.97011,
          21.71694
        ]
      },
      "properties": {
        "name": "Sihor Steel Rolling & Ceramic Hub Grocery #396",
        "type": "grocery",
        "category": "grocery",
        "city": "Sihor Steel Rolling & Ceramic Hub",
        "rating": 3.7,
        "footfall": 1496,
        "revenue_index": 0.46,
        "value": 0.582
      }
    },
    {
      "type": "Feature",
      "geometry": {
        "type": "Point",
        "coordinates": [
          71.9472,
          21.69813
        ]
      },
      "properties": {
        "name": "Sihor Steel Rolling & Ceramic Hub Grocery #397",
        "type": "grocery",
        "category": "grocery",
        "city": "Sihor Steel Rolling & Ceramic Hub",
        "rating": 4.0,
        "footfall": 984,
        "revenue_index": 0.62,
        "value": 0.895
      }
    },
    {
      "type": "Feature",
      "geometry": {
        "type": "Point",
        "coordinates": [
          71.95083,
          21.7178
        ]
      },
      "properties": {
        "name": "Sihor Steel Rolling & Ceramic Hub Retail #398",
        "type": "retail",
        "category": "retail",
        "city": "Sihor Steel Rolling & Ceramic Hub",
        "rating": 3.8,
        "footfall": 3002,
        "revenue_index": 0.62,
        "value": 0.769
      }
    },
    {
      "type": "Feature",
      "geometry": {
        "type": "Point",
        "coordinates": [
          71.95247,
          21.68757
        ]
      },
      "properties": {
        "name": "Sihor Steel Rolling & Ceramic Hub Restaurant #399",
        "type": "restaurant",
        "category": "restaurant",
        "city": "Sihor Steel Rolling & Ceramic Hub",
        "rating": 4.2,
        "footfall": 1662,
        "revenue_index": 0.79,
        "value": 0.459
      }
    },
    {
      "type": "Feature",
      "geometry": {
        "type": "Point",
        "coordinates": [
          71.8186,
          21.50905
        ]
      },
      "properties": {
        "name": "Palitana Shatrunjaya Heritage Shrine Hotel #400",
        "type": "hotel",
        "category": "hotel",
        "city": "Palitana Shatrunjaya Heritage Shrine",
        "rating": 4.8,
        "footfall": 750,
        "revenue_index": 0.68,
        "value": 0.398
      }
    },
    {
      "type": "Feature",
      "geometry": {
        "type": "Point",
        "coordinates": [
          71.80675,
          21.50688
        ]
      },
      "properties": {
        "name": "Palitana Shatrunjaya Heritage Shrine Retail #401",
        "type": "retail",
        "category": "retail",
        "city": "Palitana Shatrunjaya Heritage Shrine",
        "rating": 4.4,
        "footfall": 4915,
        "revenue_index": 0.63,
        "value": 0.473
      }
    },
    {
      "type": "Feature",
      "geometry": {
        "type": "Point",
        "coordinates": [
          71.81586,
          21.51782
        ]
      },
      "properties": {
        "name": "Palitana Shatrunjaya Heritage Shrine Grocery #402",
        "type": "grocery",
        "category": "grocery",
        "city": "Palitana Shatrunjaya Heritage Shrine",
        "rating": 4.6,
        "footfall": 731,
        "revenue_index": 0.47,
        "value": 0.712
      }
    },
    {
      "type": "Feature",
      "geometry": {
        "type": "Point",
        "coordinates": [
          71.81846,
          21.52797
        ]
      },
      "properties": {
        "name": "Palitana Shatrunjaya Heritage Shrine Hotel #403",
        "type": "hotel",
        "category": "hotel",
        "city": "Palitana Shatrunjaya Heritage Shrine",
        "rating": 3.8,
        "footfall": 1085,
        "revenue_index": 0.54,
        "value": 0.446
      }
    },
    {
      "type": "Feature",
      "geometry": {
        "type": "Point",
        "coordinates": [
          72.03622,
          21.36079
        ]
      },
      "properties": {
        "name": "Talaja Rock-Cut Buddhist Caves & Mandi Retail #404",
        "type": "retail",
        "category": "retail",
        "city": "Talaja Rock-Cut Buddhist Caves & Mandi",
        "rating": 4.1,
        "footfall": 2825,
        "revenue_index": 0.72,
        "value": 0.924
      }
    },
    {
      "type": "Feature",
      "geometry": {
        "type": "Point",
        "coordinates": [
          72.05128,
          21.36227
        ]
      },
      "properties": {
        "name": "Talaja Rock-Cut Buddhist Caves & Mandi Restaurant #405",
        "type": "restaurant",
        "category": "restaurant",
        "city": "Talaja Rock-Cut Buddhist Caves & Mandi",
        "rating": 4.7,
        "footfall": 4851,
        "revenue_index": 0.67,
        "value": 0.665
      }
    },
    {
      "type": "Feature",
      "geometry": {
        "type": "Point",
        "coordinates": [
          72.06131,
          21.32214
        ]
      },
      "properties": {
        "name": "Talaja Rock-Cut Buddhist Caves & Mandi Retail #406",
        "type": "retail",
        "category": "retail",
        "city": "Talaja Rock-Cut Buddhist Caves & Mandi",
        "rating": 4.6,
        "footfall": 1298,
        "revenue_index": 0.73,
        "value": 0.515
      }
    },
    {
      "type": "Feature",
      "geometry": {
        "type": "Point",
        "coordinates": [
          72.03588,
          21.33388
        ]
      },
      "properties": {
        "name": "Talaja Rock-Cut Buddhist Caves & Mandi Ev Charging #407",
        "type": "ev_charging",
        "category": "ev_charging",
        "city": "Talaja Rock-Cut Buddhist Caves & Mandi",
        "rating": 4.6,
        "footfall": 407,
        "revenue_index": 0.47,
        "value": 0.595
      }
    },
    {
      "type": "Feature",
      "geometry": {
        "type": "Point",
        "coordinates": [
          71.75109,
          21.07234
        ]
      },
      "properties": {
        "name": "Mahuva Onion & Dehydration Capital Gas Station #408",
        "type": "gas_station",
        "category": "gas_station",
        "city": "Mahuva Onion & Dehydration Capital",
        "rating": 4.2,
        "footfall": 4696,
        "revenue_index": 0.7,
        "value": 0.874
      }
    },
    {
      "type": "Feature",
      "geometry": {
        "type": "Point",
        "coordinates": [
          71.75602,
          21.06174
        ]
      },
      "properties": {
        "name": "Mahuva Onion & Dehydration Capital Gas Station #409",
        "type": "gas_station",
        "category": "gas_station",
        "city": "Mahuva Onion & Dehydration Capital",
        "rating": 4.4,
        "footfall": 2708,
        "revenue_index": 0.95,
        "value": 0.602
      }
    },
    {
      "type": "Feature",
      "geometry": {
        "type": "Point",
        "coordinates": [
          71.78714,
          21.07983
        ]
      },
      "properties": {
        "name": "Mahuva Onion & Dehydration Capital Grocery #410",
        "type": "grocery",
        "category": "grocery",
        "city": "Mahuva Onion & Dehydration Capital",
        "rating": 4.2,
        "footfall": 1459,
        "revenue_index": 0.57,
        "value": 0.765
      }
    },
    {
      "type": "Feature",
      "geometry": {
        "type": "Point",
        "coordinates": [
          71.76722,
          21.09796
        ]
      },
      "properties": {
        "name": "Mahuva Onion & Dehydration Capital Gas Station #411",
        "type": "gas_station",
        "category": "gas_station",
        "city": "Mahuva Onion & Dehydration Capital",
        "rating": 4.7,
        "footfall": 1866,
        "revenue_index": 0.49,
        "value": 0.465
      }
    },
    {
      "type": "Feature",
      "geometry": {
        "type": "Point",
        "coordinates": [
          71.66772,
          22.16739
        ]
      },
      "properties": {
        "name": "Botad Central Diamond & Cotton Mandi Ev Charging #412",
        "type": "ev_charging",
        "category": "ev_charging",
        "city": "Botad Central Diamond & Cotton Mandi",
        "rating": 3.8,
        "footfall": 2472,
        "revenue_index": 0.73,
        "value": 0.851
      }
    },
    {
      "type": "Feature",
      "geometry": {
        "type": "Point",
        "coordinates": [
          71.67884,
          22.19036
        ]
      },
      "properties": {
        "name": "Botad Central Diamond & Cotton Mandi Grocery #413",
        "type": "grocery",
        "category": "grocery",
        "city": "Botad Central Diamond & Cotton Mandi",
        "rating": 4.8,
        "footfall": 5055,
        "revenue_index": 0.86,
        "value": 0.791
      }
    },
    {
      "type": "Feature",
      "geometry": {
        "type": "Point",
        "coordinates": [
          71.5841,
          21.98542
        ]
      },
      "properties": {
        "name": "Gadhada Swaminarayan Heritage Shrine Grocery #414",
        "type": "grocery",
        "category": "grocery",
        "city": "Gadhada Swaminarayan Heritage Shrine",
        "rating": 4.2,
        "footfall": 3728,
        "revenue_index": 0.76,
        "value": 0.724
      }
    },
    {
      "type": "Feature",
      "geometry": {
        "type": "Point",
        "coordinates": [
          71.55342,
          21.9521
        ]
      },
      "properties": {
        "name": "Gadhada Swaminarayan Heritage Shrine Grocery #415",
        "type": "grocery",
        "category": "grocery",
        "city": "Gadhada Swaminarayan Heritage Shrine",
        "rating": 3.7,
        "footfall": 1717,
        "revenue_index": 0.72,
        "value": 0.475
      }
    },
    {
      "type": "Feature",
      "geometry": {
        "type": "Point",
        "coordinates": [
          71.56437,
          21.96952
        ]
      },
      "properties": {
        "name": "Gadhada Swaminarayan Heritage Shrine Restaurant #416",
        "type": "restaurant",
        "category": "restaurant",
        "city": "Gadhada Swaminarayan Heritage Shrine",
        "rating": 4.7,
        "footfall": 3859,
        "revenue_index": 0.67,
        "value": 0.815
      }
    },
    {
      "type": "Feature",
      "geometry": {
        "type": "Point",
        "coordinates": [
          71.53929,
          21.96913
        ]
      },
      "properties": {
        "name": "Gadhada Swaminarayan Heritage Shrine Retail #417",
        "type": "retail",
        "category": "retail",
        "city": "Gadhada Swaminarayan Heritage Shrine",
        "rating": 3.6,
        "footfall": 2011,
        "revenue_index": 0.85,
        "value": 0.69
      }
    },
    {
      "type": "Feature",
      "geometry": {
        "type": "Point",
        "coordinates": [
          71.75821,
          22.14627
        ]
      },
      "properties": {
        "name": "Sarangpur Kashtbhanjan Hanuman Shrine Hotel #418",
        "type": "hotel",
        "category": "hotel",
        "city": "Sarangpur Kashtbhanjan Hanuman Shrine",
        "rating": 3.7,
        "footfall": 3035,
        "revenue_index": 0.78,
        "value": 0.556
      }
    },
    {
      "type": "Feature",
      "geometry": {
        "type": "Point",
        "coordinates": [
          71.75353,
          22.14595
        ]
      },
      "properties": {
        "name": "Sarangpur Kashtbhanjan Hanuman Shrine Grocery #419",
        "type": "grocery",
        "category": "grocery",
        "city": "Sarangpur Kashtbhanjan Hanuman Shrine",
        "rating": 4.8,
        "footfall": 4904,
        "revenue_index": 0.83,
        "value": 0.939
      }
    },
    {
      "type": "Feature",
      "geometry": {
        "type": "Point",
        "coordinates": [
          71.73589,
          22.12902
        ]
      },
      "properties": {
        "name": "Sarangpur Kashtbhanjan Hanuman Shrine Gas Station #420",
        "type": "gas_station",
        "category": "gas_station",
        "city": "Sarangpur Kashtbhanjan Hanuman Shrine",
        "rating": 4.7,
        "footfall": 1800,
        "revenue_index": 0.8,
        "value": 0.706
      }
    },
    {
      "type": "Feature",
      "geometry": {
        "type": "Point",
        "coordinates": [
          71.7346,
          22.13406
        ]
      },
      "properties": {
        "name": "Sarangpur Kashtbhanjan Hanuman Shrine Gas Station #421",
        "type": "gas_station",
        "category": "gas_station",
        "city": "Sarangpur Kashtbhanjan Hanuman Shrine",
        "rating": 4.3,
        "footfall": 3940,
        "revenue_index": 0.54,
        "value": 0.638
      }
    },
    {
      "type": "Feature",
      "geometry": {
        "type": "Point",
        "coordinates": [
          70.06449,
          22.45591
        ]
      },
      "properties": {
        "name": "Jamnagar Petrochemical & Refining Belt Restaurant #422",
        "type": "restaurant",
        "category": "restaurant",
        "city": "Jamnagar Petrochemical & Refining Belt",
        "rating": 3.8,
        "footfall": 4953,
        "revenue_index": 0.98,
        "value": 0.48
      }
    },
    {
      "type": "Feature",
      "geometry": {
        "type": "Point",
        "coordinates": [
          70.03331,
          22.49243
        ]
      },
      "properties": {
        "name": "Jamnagar Petrochemical & Refining Belt Gas Station #423",
        "type": "gas_station",
        "category": "gas_station",
        "city": "Jamnagar Petrochemical & Refining Belt",
        "rating": 4.5,
        "footfall": 2069,
        "revenue_index": 0.56,
        "value": 0.655
      }
    },
    {
      "type": "Feature",
      "geometry": {
        "type": "Point",
        "coordinates": [
          70.05136,
          22.47877
        ]
      },
      "properties": {
        "name": "Jamnagar Petrochemical & Refining Belt Ev Charging #424",
        "type": "ev_charging",
        "category": "ev_charging",
        "city": "Jamnagar Petrochemical & Refining Belt",
        "rating": 4.4,
        "footfall": 4842,
        "revenue_index": 0.93,
        "value": 0.823
      }
    },
    {
      "type": "Feature",
      "geometry": {
        "type": "Point",
        "coordinates": [
          70.04295,
          22.47225
        ]
      },
      "properties": {
        "name": "Jamnagar Petrochemical & Refining Belt Gas Station #425",
        "type": "gas_station",
        "category": "gas_station",
        "city": "Jamnagar Petrochemical & Refining Belt",
        "rating": 3.7,
        "footfall": 3955,
        "revenue_index": 0.74,
        "value": 0.958
      }
    },
    {
      "type": "Feature",
      "geometry": {
        "type": "Point",
        "coordinates": [
          70.0987,
          22.51729
        ]
      },
      "properties": {
        "name": "Jamnagar Petrochemical & Refining Belt Restaurant #426",
        "type": "restaurant",
        "category": "restaurant",
        "city": "Jamnagar Petrochemical & Refining Belt",
        "rating": 3.8,
        "footfall": 4543,
        "revenue_index": 0.87,
        "value": 0.477
      }
    },
    {
      "type": "Feature",
      "geometry": {
        "type": "Point",
        "coordinates": [
          70.09115,
          22.47547
        ]
      },
      "properties": {
        "name": "Jamnagar Petrochemical & Refining Belt Retail #427",
        "type": "retail",
        "category": "retail",
        "city": "Jamnagar Petrochemical & Refining Belt",
        "rating": 4.5,
        "footfall": 4562,
        "revenue_index": 0.84,
        "value": 0.491
      }
    },
    {
      "type": "Feature",
      "geometry": {
        "type": "Point",
        "coordinates": [
          70.0418,
          22.49032
        ]
      },
      "properties": {
        "name": "Jamnagar Petrochemical & Refining Belt Grocery #428",
        "type": "grocery",
        "category": "grocery",
        "city": "Jamnagar Petrochemical & Refining Belt",
        "rating": 4.5,
        "footfall": 918,
        "revenue_index": 0.73,
        "value": 0.555
      }
    },
    {
      "type": "Feature",
      "geometry": {
        "type": "Point",
        "coordinates": [
          70.04195,
          22.50608
        ]
      },
      "properties": {
        "name": "Jamnagar Petrochemical & Refining Belt Bank #429",
        "type": "bank",
        "category": "bank",
        "city": "Jamnagar Petrochemical & Refining Belt",
        "rating": 3.6,
        "footfall": 4350,
        "revenue_index": 0.71,
        "value": 0.41
      }
    },
    {
      "type": "Feature",
      "geometry": {
        "type": "Point",
        "coordinates": [
          70.08391,
          22.50869
        ]
      },
      "properties": {
        "name": "Jamnagar City & Brass Parts Cluster Bank #430",
        "type": "bank",
        "category": "bank",
        "city": "Jamnagar City & Brass Parts Cluster",
        "rating": 4.1,
        "footfall": 5167,
        "revenue_index": 0.54,
        "value": 0.75
      }
    },
    {
      "type": "Feature",
      "geometry": {
        "type": "Point",
        "coordinates": [
          70.0606,
          22.49562
        ]
      },
      "properties": {
        "name": "Jamnagar City & Brass Parts Cluster Hotel #431",
        "type": "hotel",
        "category": "hotel",
        "city": "Jamnagar City & Brass Parts Cluster",
        "rating": 4.5,
        "footfall": 2582,
        "revenue_index": 0.58,
        "value": 0.397
      }
    },
    {
      "type": "Feature",
      "geometry": {
        "type": "Point",
        "coordinates": [
          70.09662,
          22.4924
        ]
      },
      "properties": {
        "name": "Jamnagar City & Brass Parts Cluster Gas Station #432",
        "type": "gas_station",
        "category": "gas_station",
        "city": "Jamnagar City & Brass Parts Cluster",
        "rating": 3.8,
        "footfall": 4521,
        "revenue_index": 0.82,
        "value": 0.572
      }
    },
    {
      "type": "Feature",
      "geometry": {
        "type": "Point",
        "coordinates": [
          70.05451,
          22.44585
        ]
      },
      "properties": {
        "name": "Jamnagar City & Brass Parts Cluster Grocery #433",
        "type": "grocery",
        "category": "grocery",
        "city": "Jamnagar City & Brass Parts Cluster",
        "rating": 4.4,
        "footfall": 4832,
        "revenue_index": 0.82,
        "value": 0.57
      }
    },
    {
      "type": "Feature",
      "geometry": {
        "type": "Point",
        "coordinates": [
          70.06556,
          22.3975
        ]
      },
      "properties": {
        "name": "Dared GIDC Brass Parts Estate Retail #434",
        "type": "retail",
        "category": "retail",
        "city": "Dared GIDC Brass Parts Estate",
        "rating": 4.9,
        "footfall": 1634,
        "revenue_index": 0.82,
        "value": 0.587
      }
    },
    {
      "type": "Feature",
      "geometry": {
        "type": "Point",
        "coordinates": [
          70.02703,
          22.4176
        ]
      },
      "properties": {
        "name": "Dared GIDC Brass Parts Estate Grocery #435",
        "type": "grocery",
        "category": "grocery",
        "city": "Dared GIDC Brass Parts Estate",
        "rating": 4.1,
        "footfall": 1799,
        "revenue_index": 0.77,
        "value": 0.573
      }
    },
    {
      "type": "Feature",
      "geometry": {
        "type": "Point",
        "coordinates": [
          70.05418,
          22.43545
        ]
      },
      "properties": {
        "name": "Dared GIDC Brass Parts Estate Gas Station #436",
        "type": "gas_station",
        "category": "gas_station",
        "city": "Dared GIDC Brass Parts Estate",
        "rating": 3.9,
        "footfall": 4555,
        "revenue_index": 0.76,
        "value": 0.911
      }
    },
    {
      "type": "Feature",
      "geometry": {
        "type": "Point",
        "coordinates": [
          70.08073,
          22.43891
        ]
      },
      "properties": {
        "name": "Dared GIDC Brass Parts Estate Grocery #437",
        "type": "grocery",
        "category": "grocery",
        "city": "Dared GIDC Brass Parts Estate",
        "rating": 4.0,
        "footfall": 3964,
        "revenue_index": 0.78,
        "value": 0.356
      }
    },
    {
      "type": "Feature",
      "geometry": {
        "type": "Point",
        "coordinates": [
          70.071,
          22.41479
        ]
      },
      "properties": {
        "name": "Dared GIDC Brass Parts Estate Restaurant #438",
        "type": "restaurant",
        "category": "restaurant",
        "city": "Dared GIDC Brass Parts Estate",
        "rating": 4.4,
        "footfall": 584,
        "revenue_index": 0.69,
        "value": 0.745
      }
    },
    {
      "type": "Feature",
      "geometry": {
        "type": "Point",
        "coordinates": [
          70.08806,
          22.44703
        ]
      },
      "properties": {
        "name": "Dared GIDC Brass Parts Estate Gas Station #439",
        "type": "gas_station",
        "category": "gas_station",
        "city": "Dared GIDC Brass Parts Estate",
        "rating": 4.4,
        "footfall": 2894,
        "revenue_index": 0.48,
        "value": 0.626
      }
    },
    {
      "type": "Feature",
      "geometry": {
        "type": "Point",
        "coordinates": [
          70.40102,
          22.54603
        ]
      },
      "properties": {
        "name": "Dhrol Historical Town & Agri Mandi Grocery #440",
        "type": "grocery",
        "category": "grocery",
        "city": "Dhrol Historical Town & Agri Mandi",
        "rating": 3.6,
        "footfall": 4146,
        "revenue_index": 0.61,
        "value": 0.778
      }
    },
    {
      "type": "Feature",
      "geometry": {
        "type": "Point",
        "coordinates": [
          70.43194,
          22.55952
        ]
      },
      "properties": {
        "name": "Dhrol Historical Town & Agri Mandi Grocery #441",
        "type": "grocery",
        "category": "grocery",
        "city": "Dhrol Historical Town & Agri Mandi",
        "rating": 4.7,
        "footfall": 2728,
        "revenue_index": 0.66,
        "value": 0.397
      }
    },
    {
      "type": "Feature",
      "geometry": {
        "type": "Point",
        "coordinates": [
          70.41317,
          22.53041
        ]
      },
      "properties": {
        "name": "Dhrol Historical Town & Agri Mandi Hotel #442",
        "type": "hotel",
        "category": "hotel",
        "city": "Dhrol Historical Town & Agri Mandi",
        "rating": 4.3,
        "footfall": 2876,
        "revenue_index": 0.51,
        "value": 0.641
      }
    },
    {
      "type": "Feature",
      "geometry": {
        "type": "Point",
        "coordinates": [
          70.43425,
          22.55556
        ]
      },
      "properties": {
        "name": "Dhrol Historical Town & Agri Mandi Bank #443",
        "type": "bank",
        "category": "bank",
        "city": "Dhrol Historical Town & Agri Mandi",
        "rating": 4.0,
        "footfall": 3665,
        "revenue_index": 0.84,
        "value": 0.688
      }
    },
    {
      "type": "Feature",
      "geometry": {
        "type": "Point",
        "coordinates": [
          70.36997,
          22.16616
        ]
      },
      "properties": {
        "name": "Kalavad Industrial & Cotton Node Ev Charging #444",
        "type": "ev_charging",
        "category": "ev_charging",
        "city": "Kalavad Industrial & Cotton Node",
        "rating": 4.6,
        "footfall": 4772,
        "revenue_index": 0.46,
        "value": 0.533
      }
    },
    {
      "type": "Feature",
      "geometry": {
        "type": "Point",
        "coordinates": [
          70.38151,
          22.23245
        ]
      },
      "properties": {
        "name": "Kalavad Industrial & Cotton Node Bank #445",
        "type": "bank",
        "category": "bank",
        "city": "Kalavad Industrial & Cotton Node",
        "rating": 4.4,
        "footfall": 3631,
        "revenue_index": 0.91,
        "value": 0.556
      }
    },
    {
      "type": "Feature",
      "geometry": {
        "type": "Point",
        "coordinates": [
          70.40957,
          22.22485
        ]
      },
      "properties": {
        "name": "Kalavad Industrial & Cotton Node Retail #446",
        "type": "retail",
        "category": "retail",
        "city": "Kalavad Industrial & Cotton Node",
        "rating": 3.8,
        "footfall": 1543,
        "revenue_index": 0.96,
        "value": 0.375
      }
    },
    {
      "type": "Feature",
      "geometry": {
        "type": "Point",
        "coordinates": [
          70.39327,
          22.19305
        ]
      },
      "properties": {
        "name": "Kalavad Industrial & Cotton Node Retail #447",
        "type": "retail",
        "category": "retail",
        "city": "Kalavad Industrial & Cotton Node",
        "rating": 3.6,
        "footfall": 4859,
        "revenue_index": 0.54,
        "value": 0.687
      }
    },
    {
      "type": "Feature",
      "geometry": {
        "type": "Point",
        "coordinates": [
          68.98961,
          22.23967
        ]
      },
      "properties": {
        "name": "Dwarka Sacred Coastline & Jagat Mandir Hotel #448",
        "type": "hotel",
        "category": "hotel",
        "city": "Dwarka Sacred Coastline & Jagat Mandir",
        "rating": 3.9,
        "footfall": 4957,
        "revenue_index": 0.91,
        "value": 0.711
      }
    },
    {
      "type": "Feature",
      "geometry": {
        "type": "Point",
        "coordinates": [
          68.99255,
          22.249
        ]
      },
      "properties": {
        "name": "Dwarka Sacred Coastline & Jagat Mandir Retail #449",
        "type": "retail",
        "category": "retail",
        "city": "Dwarka Sacred Coastline & Jagat Mandir",
        "rating": 4.0,
        "footfall": 2899,
        "revenue_index": 0.8,
        "value": 0.691
      }
    },
    {
      "type": "Feature",
      "geometry": {
        "type": "Point",
        "coordinates": [
          68.99189,
          22.24182
        ]
      },
      "properties": {
        "name": "Dwarka Sacred Coastline & Jagat Mandir Gas Station #450",
        "type": "gas_station",
        "category": "gas_station",
        "city": "Dwarka Sacred Coastline & Jagat Mandir",
        "rating": 3.9,
        "footfall": 1268,
        "revenue_index": 0.74,
        "value": 0.612
      }
    },
    {
      "type": "Feature",
      "geometry": {
        "type": "Point",
        "coordinates": [
          68.9643,
          22.24304
        ]
      },
      "properties": {
        "name": "Dwarka Sacred Coastline & Jagat Mandir Gas Station #451",
        "type": "gas_station",
        "category": "gas_station",
        "city": "Dwarka Sacred Coastline & Jagat Mandir",
        "rating": 4.6,
        "footfall": 504,
        "revenue_index": 0.48,
        "value": 0.484
      }
    },
    {
      "type": "Feature",
      "geometry": {
        "type": "Point",
        "coordinates": [
          68.94227,
          22.22873
        ]
      },
      "properties": {
        "name": "Dwarka Sacred Coastline & Jagat Mandir Hotel #452",
        "type": "hotel",
        "category": "hotel",
        "city": "Dwarka Sacred Coastline & Jagat Mandir",
        "rating": 4.5,
        "footfall": 1234,
        "revenue_index": 0.76,
        "value": 0.898
      }
    },
    {
      "type": "Feature",
      "geometry": {
        "type": "Point",
        "coordinates": [
          68.95338,
          22.22047
        ]
      },
      "properties": {
        "name": "Dwarka Sacred Coastline & Jagat Mandir Retail #453",
        "type": "retail",
        "category": "retail",
        "city": "Dwarka Sacred Coastline & Jagat Mandir",
        "rating": 4.8,
        "footfall": 3328,
        "revenue_index": 0.66,
        "value": 0.411
      }
    },
    {
      "type": "Feature",
      "geometry": {
        "type": "Point",
        "coordinates": [
          68.99096,
          22.23852
        ]
      },
      "properties": {
        "name": "Dwarka Sacred Coastline & Jagat Mandir Hotel #454",
        "type": "hotel",
        "category": "hotel",
        "city": "Dwarka Sacred Coastline & Jagat Mandir",
        "rating": 4.2,
        "footfall": 4834,
        "revenue_index": 0.8,
        "value": 0.915
      }
    },
    {
      "type": "Feature",
      "geometry": {
        "type": "Point",
        "coordinates": [
          68.98678,
          22.23504
        ]
      },
      "properties": {
        "name": "Dwarka Sacred Coastline & Jagat Mandir Retail #455",
        "type": "retail",
        "category": "retail",
        "city": "Dwarka Sacred Coastline & Jagat Mandir",
        "rating": 4.3,
        "footfall": 4330,
        "revenue_index": 0.93,
        "value": 0.925
      }
    },
    {
      "type": "Feature",
      "geometry": {
        "type": "Point",
        "coordinates": [
          69.63197,
          22.19344
        ]
      },
      "properties": {
        "name": "Khambhalia District Headquarters Restaurant #456",
        "type": "restaurant",
        "category": "restaurant",
        "city": "Khambhalia District Headquarters",
        "rating": 4.1,
        "footfall": 686,
        "revenue_index": 0.47,
        "value": 0.748
      }
    },
    {
      "type": "Feature",
      "geometry": {
        "type": "Point",
        "coordinates": [
          69.66672,
          22.2096
        ]
      },
      "properties": {
        "name": "Khambhalia District Headquarters Bank #457",
        "type": "bank",
        "category": "bank",
        "city": "Khambhalia District Headquarters",
        "rating": 3.8,
        "footfall": 2291,
        "revenue_index": 0.59,
        "value": 0.536
      }
    },
    {
      "type": "Feature",
      "geometry": {
        "type": "Point",
        "coordinates": [
          69.64552,
          22.21767
        ]
      },
      "properties": {
        "name": "Khambhalia District Headquarters Grocery #458",
        "type": "grocery",
        "category": "grocery",
        "city": "Khambhalia District Headquarters",
        "rating": 4.4,
        "footfall": 754,
        "revenue_index": 0.66,
        "value": 0.523
      }
    },
    {
      "type": "Feature",
      "geometry": {
        "type": "Point",
        "coordinates": [
          69.66567,
          22.19541
        ]
      },
      "properties": {
        "name": "Khambhalia District Headquarters Gas Station #459",
        "type": "gas_station",
        "category": "gas_station",
        "city": "Khambhalia District Headquarters",
        "rating": 4.7,
        "footfall": 3465,
        "revenue_index": 0.54,
        "value": 0.942
      }
    },
    {
      "type": "Feature",
      "geometry": {
        "type": "Point",
        "coordinates": [
          69.03147,
          22.38464
        ]
      },
      "properties": {
        "name": "Mithapur Chemicals & Solar Complex Restaurant #460",
        "type": "restaurant",
        "category": "restaurant",
        "city": "Mithapur Chemicals & Solar Complex",
        "rating": 3.8,
        "footfall": 3219,
        "revenue_index": 0.77,
        "value": 0.625
      }
    },
    {
      "type": "Feature",
      "geometry": {
        "type": "Point",
        "coordinates": [
          69.00753,
          22.39344
        ]
      },
      "properties": {
        "name": "Mithapur Chemicals & Solar Complex Gas Station #461",
        "type": "gas_station",
        "category": "gas_station",
        "city": "Mithapur Chemicals & Solar Complex",
        "rating": 4.6,
        "footfall": 1909,
        "revenue_index": 0.95,
        "value": 0.464
      }
    },
    {
      "type": "Feature",
      "geometry": {
        "type": "Point",
        "coordinates": [
          68.99321,
          22.39666
        ]
      },
      "properties": {
        "name": "Mithapur Chemicals & Solar Complex Restaurant #462",
        "type": "restaurant",
        "category": "restaurant",
        "city": "Mithapur Chemicals & Solar Complex",
        "rating": 4.8,
        "footfall": 2815,
        "revenue_index": 0.68,
        "value": 0.369
      }
    },
    {
      "type": "Feature",
      "geometry": {
        "type": "Point",
        "coordinates": [
          69.00516,
          22.38789
        ]
      },
      "properties": {
        "name": "Mithapur Chemicals & Solar Complex Gas Station #463",
        "type": "gas_station",
        "category": "gas_station",
        "city": "Mithapur Chemicals & Solar Complex",
        "rating": 4.0,
        "footfall": 2763,
        "revenue_index": 0.81,
        "value": 0.555
      }
    },
    {
      "type": "Feature",
      "geometry": {
        "type": "Point",
        "coordinates": [
          68.98848,
          22.38821
        ]
      },
      "properties": {
        "name": "Mithapur Chemicals & Solar Complex Ev Charging #464",
        "type": "ev_charging",
        "category": "ev_charging",
        "city": "Mithapur Chemicals & Solar Complex",
        "rating": 3.8,
        "footfall": 2298,
        "revenue_index": 0.73,
        "value": 0.547
      }
    },
    {
      "type": "Feature",
      "geometry": {
        "type": "Point",
        "coordinates": [
          69.00568,
          22.40084
        ]
      },
      "properties": {
        "name": "Mithapur Chemicals & Solar Complex Restaurant #465",
        "type": "restaurant",
        "category": "restaurant",
        "city": "Mithapur Chemicals & Solar Complex",
        "rating": 4.0,
        "footfall": 3248,
        "revenue_index": 0.57,
        "value": 0.455
      }
    },
    {
      "type": "Feature",
      "geometry": {
        "type": "Point",
        "coordinates": [
          69.0371,
          22.48144
        ]
      },
      "properties": {
        "name": "Okha Deep Sea Port & Bet Dwarka Ferry Retail #466",
        "type": "retail",
        "category": "retail",
        "city": "Okha Deep Sea Port & Bet Dwarka Ferry",
        "rating": 3.6,
        "footfall": 2440,
        "revenue_index": 0.66,
        "value": 0.765
      }
    },
    {
      "type": "Feature",
      "geometry": {
        "type": "Point",
        "coordinates": [
          69.05693,
          22.49958
        ]
      },
      "properties": {
        "name": "Okha Deep Sea Port & Bet Dwarka Ferry Retail #467",
        "type": "retail",
        "category": "retail",
        "city": "Okha Deep Sea Port & Bet Dwarka Ferry",
        "rating": 4.8,
        "footfall": 4269,
        "revenue_index": 0.58,
        "value": 0.841
      }
    },
    {
      "type": "Feature",
      "geometry": {
        "type": "Point",
        "coordinates": [
          69.104,
          22.48995
        ]
      },
      "properties": {
        "name": "Okha Deep Sea Port & Bet Dwarka Ferry Gas Station #468",
        "type": "gas_station",
        "category": "gas_station",
        "city": "Okha Deep Sea Port & Bet Dwarka Ferry",
        "rating": 3.8,
        "footfall": 2617,
        "revenue_index": 0.73,
        "value": 0.694
      }
    },
    {
      "type": "Feature",
      "geometry": {
        "type": "Point",
        "coordinates": [
          69.08679,
          22.46535
        ]
      },
      "properties": {
        "name": "Okha Deep Sea Port & Bet Dwarka Ferry Ev Charging #469",
        "type": "ev_charging",
        "category": "ev_charging",
        "city": "Okha Deep Sea Port & Bet Dwarka Ferry",
        "rating": 4.5,
        "footfall": 3031,
        "revenue_index": 0.74,
        "value": 0.458
      }
    },
    {
      "type": "Feature",
      "geometry": {
        "type": "Point",
        "coordinates": [
          69.06203,
          22.45245
        ]
      },
      "properties": {
        "name": "Okha Deep Sea Port & Bet Dwarka Ferry Bank #470",
        "type": "bank",
        "category": "bank",
        "city": "Okha Deep Sea Port & Bet Dwarka Ferry",
        "rating": 4.7,
        "footfall": 1546,
        "revenue_index": 0.83,
        "value": 0.547
      }
    },
    {
      "type": "Feature",
      "geometry": {
        "type": "Point",
        "coordinates": [
          69.09471,
          22.43091
        ]
      },
      "properties": {
        "name": "Okha Deep Sea Port & Bet Dwarka Ferry Ev Charging #471",
        "type": "ev_charging",
        "category": "ev_charging",
        "city": "Okha Deep Sea Port & Bet Dwarka Ferry",
        "rating": 4.2,
        "footfall": 1088,
        "revenue_index": 0.69,
        "value": 0.384
      }
    },
    {
      "type": "Feature",
      "geometry": {
        "type": "Point",
        "coordinates": [
          70.44502,
          21.54283
        ]
      },
      "properties": {
        "name": "Junagadh Central Heritage & Civic Hub Bank #472",
        "type": "bank",
        "category": "bank",
        "city": "Junagadh Central Heritage & Civic Hub",
        "rating": 3.7,
        "footfall": 2927,
        "revenue_index": 0.77,
        "value": 0.513
      }
    },
    {
      "type": "Feature",
      "geometry": {
        "type": "Point",
        "coordinates": [
          70.46259,
          21.5075
        ]
      },
      "properties": {
        "name": "Junagadh Central Heritage & Civic Hub Restaurant #473",
        "type": "restaurant",
        "category": "restaurant",
        "city": "Junagadh Central Heritage & Civic Hub",
        "rating": 4.6,
        "footfall": 2159,
        "revenue_index": 0.64,
        "value": 0.439
      }
    },
    {
      "type": "Feature",
      "geometry": {
        "type": "Point",
        "coordinates": [
          70.46758,
          21.50011
        ]
      },
      "properties": {
        "name": "Junagadh Central Heritage & Civic Hub Bank #474",
        "type": "bank",
        "category": "bank",
        "city": "Junagadh Central Heritage & Civic Hub",
        "rating": 4.7,
        "footfall": 2823,
        "revenue_index": 0.51,
        "value": 0.847
      }
    },
    {
      "type": "Feature",
      "geometry": {
        "type": "Point",
        "coordinates": [
          70.46256,
          21.50474
        ]
      },
      "properties": {
        "name": "Junagadh Central Heritage & Civic Hub Ev Charging #475",
        "type": "ev_charging",
        "category": "ev_charging",
        "city": "Junagadh Central Heritage & Civic Hub",
        "rating": 4.5,
        "footfall": 5078,
        "revenue_index": 0.69,
        "value": 0.514
      }
    },
    {
      "type": "Feature",
      "geometry": {
        "type": "Point",
        "coordinates": [
          70.23029,
          21.31289
        ]
      },
      "properties": {
        "name": "Keshod Airport & Trading Taluka Retail #476",
        "type": "retail",
        "category": "retail",
        "city": "Keshod Airport & Trading Taluka",
        "rating": 4.0,
        "footfall": 4400,
        "revenue_index": 0.72,
        "value": 0.369
      }
    },
    {
      "type": "Feature",
      "geometry": {
        "type": "Point",
        "coordinates": [
          70.27049,
          21.30684
        ]
      },
      "properties": {
        "name": "Keshod Airport & Trading Taluka Gas Station #477",
        "type": "gas_station",
        "category": "gas_station",
        "city": "Keshod Airport & Trading Taluka",
        "rating": 3.7,
        "footfall": 962,
        "revenue_index": 0.81,
        "value": 0.501
      }
    },
    {
      "type": "Feature",
      "geometry": {
        "type": "Point",
        "coordinates": [
          70.21976,
          21.27795
        ]
      },
      "properties": {
        "name": "Keshod Airport & Trading Taluka Restaurant #478",
        "type": "restaurant",
        "category": "restaurant",
        "city": "Keshod Airport & Trading Taluka",
        "rating": 4.2,
        "footfall": 706,
        "revenue_index": 0.72,
        "value": 0.669
      }
    },
    {
      "type": "Feature",
      "geometry": {
        "type": "Point",
        "coordinates": [
          70.22938,
          21.32311
        ]
      },
      "properties": {
        "name": "Keshod Airport & Trading Taluka Grocery #479",
        "type": "grocery",
        "category": "grocery",
        "city": "Keshod Airport & Trading Taluka",
        "rating": 3.7,
        "footfall": 1826,
        "revenue_index": 0.7,
        "value": 0.649
      }
    },
    {
      "type": "Feature",
      "geometry": {
        "type": "Point",
        "coordinates": [
          70.11744,
          21.15747
        ]
      },
      "properties": {
        "name": "Mangrol Marine Fisheries & Port Gas Station #480",
        "type": "gas_station",
        "category": "gas_station",
        "city": "Mangrol Marine Fisheries & Port",
        "rating": 3.8,
        "footfall": 912,
        "revenue_index": 0.62,
        "value": 0.427
      }
    },
    {
      "type": "Feature",
      "geometry": {
        "type": "Point",
        "coordinates": [
          70.09532,
          21.11293
        ]
      },
      "properties": {
        "name": "Mangrol Marine Fisheries & Port Hotel #481",
        "type": "hotel",
        "category": "hotel",
        "city": "Mangrol Marine Fisheries & Port",
        "rating": 4.5,
        "footfall": 3082,
        "revenue_index": 0.84,
        "value": 0.654
      }
    },
    {
      "type": "Feature",
      "geometry": {
        "type": "Point",
        "coordinates": [
          70.09161,
          21.12798
        ]
      },
      "properties": {
        "name": "Mangrol Marine Fisheries & Port Retail #482",
        "type": "retail",
        "category": "retail",
        "city": "Mangrol Marine Fisheries & Port",
        "rating": 4.3,
        "footfall": 1279,
        "revenue_index": 0.64,
        "value": 0.782
      }
    },
    {
      "type": "Feature",
      "geometry": {
        "type": "Point",
        "coordinates": [
          70.1305,
          21.12594
        ]
      },
      "properties": {
        "name": "Mangrol Marine Fisheries & Port Gas Station #483",
        "type": "gas_station",
        "category": "gas_station",
        "city": "Mangrol Marine Fisheries & Port",
        "rating": 4.2,
        "footfall": 4325,
        "revenue_index": 0.68,
        "value": 0.589
      }
    },
    {
      "type": "Feature",
      "geometry": {
        "type": "Point",
        "coordinates": [
          70.14834,
          21.13904
        ]
      },
      "properties": {
        "name": "Mangrol Marine Fisheries & Port Grocery #484",
        "type": "grocery",
        "category": "grocery",
        "city": "Mangrol Marine Fisheries & Port",
        "rating": 4.8,
        "footfall": 2942,
        "revenue_index": 0.57,
        "value": 0.863
      }
    },
    {
      "type": "Feature",
      "geometry": {
        "type": "Point",
        "coordinates": [
          70.13671,
          21.1375
        ]
      },
      "properties": {
        "name": "Mangrol Marine Fisheries & Port Ev Charging #485",
        "type": "ev_charging",
        "category": "ev_charging",
        "city": "Mangrol Marine Fisheries & Port",
        "rating": 4.8,
        "footfall": 3922,
        "revenue_index": 0.59,
        "value": 0.921
      }
    },
    {
      "type": "Feature",
      "geometry": {
        "type": "Point",
        "coordinates": [
          70.14267,
          21.51577
        ]
      },
      "properties": {
        "name": "Manavadar Cotton Ginning Capital Grocery #486",
        "type": "grocery",
        "category": "grocery",
        "city": "Manavadar Cotton Ginning Capital",
        "rating": 4.6,
        "footfall": 702,
        "revenue_index": 0.51,
        "value": 0.685
      }
    },
    {
      "type": "Feature",
      "geometry": {
        "type": "Point",
        "coordinates": [
          70.12823,
          21.47719
        ]
      },
      "properties": {
        "name": "Manavadar Cotton Ginning Capital Grocery #487",
        "type": "grocery",
        "category": "grocery",
        "city": "Manavadar Cotton Ginning Capital",
        "rating": 3.6,
        "footfall": 2316,
        "revenue_index": 0.89,
        "value": 0.781
      }
    },
    {
      "type": "Feature",
      "geometry": {
        "type": "Point",
        "coordinates": [
          70.14305,
          21.49022
        ]
      },
      "properties": {
        "name": "Manavadar Cotton Ginning Capital Retail #488",
        "type": "retail",
        "category": "retail",
        "city": "Manavadar Cotton Ginning Capital",
        "rating": 4.3,
        "footfall": 3755,
        "revenue_index": 0.8,
        "value": 0.533
      }
    },
    {
      "type": "Feature",
      "geometry": {
        "type": "Point",
        "coordinates": [
          70.16002,
          21.48941
        ]
      },
      "properties": {
        "name": "Manavadar Cotton Ginning Capital Gas Station #489",
        "type": "gas_station",
        "category": "gas_station",
        "city": "Manavadar Cotton Ginning Capital",
        "rating": 4.0,
        "footfall": 4615,
        "revenue_index": 0.86,
        "value": 0.537
      }
    },
    {
      "type": "Feature",
      "geometry": {
        "type": "Point",
        "coordinates": [
          70.67279,
          21.38024
        ]
      },
      "properties": {
        "name": "Visavadar Gir Foothills Gateway Bank #490",
        "type": "bank",
        "category": "bank",
        "city": "Visavadar Gir Foothills Gateway",
        "rating": 4.4,
        "footfall": 4150,
        "revenue_index": 0.76,
        "value": 0.626
      }
    },
    {
      "type": "Feature",
      "geometry": {
        "type": "Point",
        "coordinates": [
          70.69664,
          21.34917
        ]
      },
      "properties": {
        "name": "Visavadar Gir Foothills Gateway Hotel #491",
        "type": "hotel",
        "category": "hotel",
        "city": "Visavadar Gir Foothills Gateway",
        "rating": 4.6,
        "footfall": 4416,
        "revenue_index": 0.62,
        "value": 0.797
      }
    },
    {
      "type": "Feature",
      "geometry": {
        "type": "Point",
        "coordinates": [
          70.72749,
          21.3684
        ]
      },
      "properties": {
        "name": "Visavadar Gir Foothills Gateway Grocery #492",
        "type": "grocery",
        "category": "grocery",
        "city": "Visavadar Gir Foothills Gateway",
        "rating": 4.6,
        "footfall": 820,
        "revenue_index": 0.54,
        "value": 0.395
      }
    },
    {
      "type": "Feature",
      "geometry": {
        "type": "Point",
        "coordinates": [
          70.6902,
          21.37944
        ]
      },
      "properties": {
        "name": "Visavadar Gir Foothills Gateway Grocery #493",
        "type": "grocery",
        "category": "grocery",
        "city": "Visavadar Gir Foothills Gateway",
        "rating": 4.4,
        "footfall": 1006,
        "revenue_index": 0.88,
        "value": 0.539
      }
    },
    {
      "type": "Feature",
      "geometry": {
        "type": "Point",
        "coordinates": [
          70.35304,
          20.87495
        ]
      },
      "properties": {
        "name": "Veraval Commercial Fishing Port Hotel #494",
        "type": "hotel",
        "category": "hotel",
        "city": "Veraval Commercial Fishing Port",
        "rating": 4.2,
        "footfall": 1071,
        "revenue_index": 0.69,
        "value": 0.934
      }
    },
    {
      "type": "Feature",
      "geometry": {
        "type": "Point",
        "coordinates": [
          70.33639,
          20.90008
        ]
      },
      "properties": {
        "name": "Veraval Commercial Fishing Port Ev Charging #495",
        "type": "ev_charging",
        "category": "ev_charging",
        "city": "Veraval Commercial Fishing Port",
        "rating": 4.8,
        "footfall": 1210,
        "revenue_index": 0.87,
        "value": 0.851
      }
    },
    {
      "type": "Feature",
      "geometry": {
        "type": "Point",
        "coordinates": [
          70.38164,
          20.90572
        ]
      },
      "properties": {
        "name": "Veraval Commercial Fishing Port Hotel #496",
        "type": "hotel",
        "category": "hotel",
        "city": "Veraval Commercial Fishing Port",
        "rating": 3.8,
        "footfall": 3604,
        "revenue_index": 0.97,
        "value": 0.416
      }
    },
    {
      "type": "Feature",
      "geometry": {
        "type": "Point",
        "coordinates": [
          70.37286,
          20.90545
        ]
      },
      "properties": {
        "name": "Veraval Commercial Fishing Port Retail #497",
        "type": "retail",
        "category": "retail",
        "city": "Veraval Commercial Fishing Port",
        "rating": 3.9,
        "footfall": 4518,
        "revenue_index": 0.63,
        "value": 0.624
      }
    },
    {
      "type": "Feature",
      "geometry": {
        "type": "Point",
        "coordinates": [
          70.35235,
          20.86929
        ]
      },
      "properties": {
        "name": "Veraval Commercial Fishing Port Grocery #498",
        "type": "grocery",
        "category": "grocery",
        "city": "Veraval Commercial Fishing Port",
        "rating": 3.9,
        "footfall": 4427,
        "revenue_index": 0.89,
        "value": 0.4
      }
    },
    {
      "type": "Feature",
      "geometry": {
        "type": "Point",
        "coordinates": [
          70.35411,
          20.91537
        ]
      },
      "properties": {
        "name": "Veraval Commercial Fishing Port Retail #499",
        "type": "retail",
        "category": "retail",
        "city": "Veraval Commercial Fishing Port",
        "rating": 4.8,
        "footfall": 585,
        "revenue_index": 0.84,
        "value": 0.739
      }
    },
    {
      "type": "Feature",
      "geometry": {
        "type": "Point",
        "coordinates": [
          70.37981,
          20.92242
        ]
      },
      "properties": {
        "name": "Somnath Jyotirlinga Sacred Temple Bank #500",
        "type": "bank",
        "category": "bank",
        "city": "Somnath Jyotirlinga Sacred Temple",
        "rating": 4.3,
        "footfall": 1767,
        "revenue_index": 0.89,
        "value": 0.631
      }
    },
    {
      "type": "Feature",
      "geometry": {
        "type": "Point",
        "coordinates": [
          70.39298,
          20.87375
        ]
      },
      "properties": {
        "name": "Somnath Jyotirlinga Sacred Temple Restaurant #501",
        "type": "restaurant",
        "category": "restaurant",
        "city": "Somnath Jyotirlinga Sacred Temple",
        "rating": 4.3,
        "footfall": 3883,
        "revenue_index": 0.94,
        "value": 0.719
      }
    },
    {
      "type": "Feature",
      "geometry": {
        "type": "Point",
        "coordinates": [
          70.43159,
          20.89326
        ]
      },
      "properties": {
        "name": "Somnath Jyotirlinga Sacred Temple Retail #502",
        "type": "retail",
        "category": "retail",
        "city": "Somnath Jyotirlinga Sacred Temple",
        "rating": 4.4,
        "footfall": 2964,
        "revenue_index": 0.84,
        "value": 0.689
      }
    },
    {
      "type": "Feature",
      "geometry": {
        "type": "Point",
        "coordinates": [
          70.40466,
          20.91419
        ]
      },
      "properties": {
        "name": "Somnath Jyotirlinga Sacred Temple Bank #503",
        "type": "bank",
        "category": "bank",
        "city": "Somnath Jyotirlinga Sacred Temple",
        "rating": 3.6,
        "footfall": 3008,
        "revenue_index": 0.55,
        "value": 0.774
      }
    },
    {
      "type": "Feature",
      "geometry": {
        "type": "Point",
        "coordinates": [
          70.40465,
          20.91504
        ]
      },
      "properties": {
        "name": "Somnath Jyotirlinga Sacred Temple Retail #504",
        "type": "retail",
        "category": "retail",
        "city": "Somnath Jyotirlinga Sacred Temple",
        "rating": 4.3,
        "footfall": 5188,
        "revenue_index": 0.49,
        "value": 0.507
      }
    },
    {
      "type": "Feature",
      "geometry": {
        "type": "Point",
        "coordinates": [
          70.3927,
          20.89422
        ]
      },
      "properties": {
        "name": "Somnath Jyotirlinga Sacred Temple Grocery #505",
        "type": "grocery",
        "category": "grocery",
        "city": "Somnath Jyotirlinga Sacred Temple",
        "rating": 4.9,
        "footfall": 2918,
        "revenue_index": 0.52,
        "value": 0.896
      }
    },
    {
      "type": "Feature",
      "geometry": {
        "type": "Point",
        "coordinates": [
          70.41239,
          20.88031
        ]
      },
      "properties": {
        "name": "Somnath Jyotirlinga Sacred Temple Gas Station #506",
        "type": "gas_station",
        "category": "gas_station",
        "city": "Somnath Jyotirlinga Sacred Temple",
        "rating": 3.7,
        "footfall": 883,
        "revenue_index": 0.82,
        "value": 0.557
      }
    },
    {
      "type": "Feature",
      "geometry": {
        "type": "Point",
        "coordinates": [
          70.39887,
          20.87912
        ]
      },
      "properties": {
        "name": "Somnath Jyotirlinga Sacred Temple Grocery #507",
        "type": "grocery",
        "category": "grocery",
        "city": "Somnath Jyotirlinga Sacred Temple",
        "rating": 4.5,
        "footfall": 749,
        "revenue_index": 0.6,
        "value": 0.388
      }
    },
    {
      "type": "Feature",
      "geometry": {
        "type": "Point",
        "coordinates": [
          70.52999,
          21.05815
        ]
      },
      "properties": {
        "name": "Talala Gir Kesar Mango Capital Gas Station #508",
        "type": "gas_station",
        "category": "gas_station",
        "city": "Talala Gir Kesar Mango Capital",
        "rating": 3.9,
        "footfall": 970,
        "revenue_index": 0.93,
        "value": 0.938
      }
    },
    {
      "type": "Feature",
      "geometry": {
        "type": "Point",
        "coordinates": [
          70.49911,
          21.05567
        ]
      },
      "properties": {
        "name": "Talala Gir Kesar Mango Capital Restaurant #509",
        "type": "restaurant",
        "category": "restaurant",
        "city": "Talala Gir Kesar Mango Capital",
        "rating": 4.1,
        "footfall": 3693,
        "revenue_index": 0.52,
        "value": 0.627
      }
    },
    {
      "type": "Feature",
      "geometry": {
        "type": "Point",
        "coordinates": [
          70.53633,
          21.0532
        ]
      },
      "properties": {
        "name": "Talala Gir Kesar Mango Capital Bank #510",
        "type": "bank",
        "category": "bank",
        "city": "Talala Gir Kesar Mango Capital",
        "rating": 4.4,
        "footfall": 5055,
        "revenue_index": 0.58,
        "value": 0.573
      }
    },
    {
      "type": "Feature",
      "geometry": {
        "type": "Point",
        "coordinates": [
          70.51239,
          21.05223
        ]
      },
      "properties": {
        "name": "Talala Gir Kesar Mango Capital Retail #511",
        "type": "retail",
        "category": "retail",
        "city": "Talala Gir Kesar Mango Capital",
        "rating": 4.4,
        "footfall": 4860,
        "revenue_index": 0.62,
        "value": 0.901
      }
    },
    {
      "type": "Feature",
      "geometry": {
        "type": "Point",
        "coordinates": [
          70.64658,
          20.7904
        ]
      },
      "properties": {
        "name": "Kodinar Sugar Mills & Coastal Belt Retail #512",
        "type": "retail",
        "category": "retail",
        "city": "Kodinar Sugar Mills & Coastal Belt",
        "rating": 4.1,
        "footfall": 2791,
        "revenue_index": 0.69,
        "value": 0.505
      }
    },
    {
      "type": "Feature",
      "geometry": {
        "type": "Point",
        "coordinates": [
          70.66555,
          20.7668
        ]
      },
      "properties": {
        "name": "Kodinar Sugar Mills & Coastal Belt Hotel #513",
        "type": "hotel",
        "category": "hotel",
        "city": "Kodinar Sugar Mills & Coastal Belt",
        "rating": 4.1,
        "footfall": 5190,
        "revenue_index": 0.71,
        "value": 0.467
      }
    },
    {
      "type": "Feature",
      "geometry": {
        "type": "Point",
        "coordinates": [
          70.73586,
          20.76668
        ]
      },
      "properties": {
        "name": "Kodinar Sugar Mills & Coastal Belt Retail #514",
        "type": "retail",
        "category": "retail",
        "city": "Kodinar Sugar Mills & Coastal Belt",
        "rating": 4.1,
        "footfall": 2416,
        "revenue_index": 0.66,
        "value": 0.778
      }
    },
    {
      "type": "Feature",
      "geometry": {
        "type": "Point",
        "coordinates": [
          70.70318,
          20.80084
        ]
      },
      "properties": {
        "name": "Kodinar Sugar Mills & Coastal Belt Grocery #515",
        "type": "grocery",
        "category": "grocery",
        "city": "Kodinar Sugar Mills & Coastal Belt",
        "rating": 4.8,
        "footfall": 4262,
        "revenue_index": 0.71,
        "value": 0.638
      }
    },
    {
      "type": "Feature",
      "geometry": {
        "type": "Point",
        "coordinates": [
          70.67937,
          20.80501
        ]
      },
      "properties": {
        "name": "Kodinar Sugar Mills & Coastal Belt Gas Station #516",
        "type": "gas_station",
        "category": "gas_station",
        "city": "Kodinar Sugar Mills & Coastal Belt",
        "rating": 4.9,
        "footfall": 3498,
        "revenue_index": 0.67,
        "value": 0.566
      }
    },
    {
      "type": "Feature",
      "geometry": {
        "type": "Point",
        "coordinates": [
          70.71353,
          20.79005
        ]
      },
      "properties": {
        "name": "Kodinar Sugar Mills & Coastal Belt Retail #517",
        "type": "retail",
        "category": "retail",
        "city": "Kodinar Sugar Mills & Coastal Belt",
        "rating": 4.1,
        "footfall": 2488,
        "revenue_index": 0.59,
        "value": 0.865
      }
    },
    {
      "type": "Feature",
      "geometry": {
        "type": "Point",
        "coordinates": [
          71.03204,
          20.82166
        ]
      },
      "properties": {
        "name": "Una Coastal Commercial Gateway Retail #518",
        "type": "retail",
        "category": "retail",
        "city": "Una Coastal Commercial Gateway",
        "rating": 4.4,
        "footfall": 4183,
        "revenue_index": 0.96,
        "value": 0.554
      }
    },
    {
      "type": "Feature",
      "geometry": {
        "type": "Point",
        "coordinates": [
          71.02974,
          20.83684
        ]
      },
      "properties": {
        "name": "Una Coastal Commercial Gateway Hotel #519",
        "type": "hotel",
        "category": "hotel",
        "city": "Una Coastal Commercial Gateway",
        "rating": 4.7,
        "footfall": 2854,
        "revenue_index": 0.67,
        "value": 0.517
      }
    },
    {
      "type": "Feature",
      "geometry": {
        "type": "Point",
        "coordinates": [
          71.03348,
          20.86395
        ]
      },
      "properties": {
        "name": "Una Coastal Commercial Gateway Retail #520",
        "type": "retail",
        "category": "retail",
        "city": "Una Coastal Commercial Gateway",
        "rating": 3.8,
        "footfall": 4989,
        "revenue_index": 0.74,
        "value": 0.435
      }
    },
    {
      "type": "Feature",
      "geometry": {
        "type": "Point",
        "coordinates": [
          71.03948,
          20.82886
        ]
      },
      "properties": {
        "name": "Una Coastal Commercial Gateway Restaurant #521",
        "type": "restaurant",
        "category": "restaurant",
        "city": "Una Coastal Commercial Gateway",
        "rating": 4.2,
        "footfall": 2108,
        "revenue_index": 0.67,
        "value": 0.938
      }
    },
    {
      "type": "Feature",
      "geometry": {
        "type": "Point",
        "coordinates": [
          69.62871,
          21.6321
        ]
      },
      "properties": {
        "name": "Porbandar Heritage Port & Kirti Mandir Bank #522",
        "type": "bank",
        "category": "bank",
        "city": "Porbandar Heritage Port & Kirti Mandir",
        "rating": 3.9,
        "footfall": 2616,
        "revenue_index": 0.69,
        "value": 0.683
      }
    },
    {
      "type": "Feature",
      "geometry": {
        "type": "Point",
        "coordinates": [
          69.61691,
          21.62044
        ]
      },
      "properties": {
        "name": "Porbandar Heritage Port & Kirti Mandir Hotel #523",
        "type": "hotel",
        "category": "hotel",
        "city": "Porbandar Heritage Port & Kirti Mandir",
        "rating": 3.9,
        "footfall": 577,
        "revenue_index": 0.75,
        "value": 0.712
      }
    },
    {
      "type": "Feature",
      "geometry": {
        "type": "Point",
        "coordinates": [
          69.63558,
          21.66184
        ]
      },
      "properties": {
        "name": "Porbandar Heritage Port & Kirti Mandir Ev Charging #524",
        "type": "ev_charging",
        "category": "ev_charging",
        "city": "Porbandar Heritage Port & Kirti Mandir",
        "rating": 4.5,
        "footfall": 429,
        "revenue_index": 0.75,
        "value": 0.459
      }
    },
    {
      "type": "Feature",
      "geometry": {
        "type": "Point",
        "coordinates": [
          69.6205,
          21.60676
        ]
      },
      "properties": {
        "name": "Porbandar Heritage Port & Kirti Mandir Grocery #525",
        "type": "grocery",
        "category": "grocery",
        "city": "Porbandar Heritage Port & Kirti Mandir",
        "rating": 4.3,
        "footfall": 2608,
        "revenue_index": 0.91,
        "value": 0.825
      }
    },
    {
      "type": "Feature",
      "geometry": {
        "type": "Point",
        "coordinates": [
          69.78416,
          21.66175
        ]
      },
      "properties": {
        "name": "Ranavav Cement & Mining Cluster Restaurant #526",
        "type": "restaurant",
        "category": "restaurant",
        "city": "Ranavav Cement & Mining Cluster",
        "rating": 4.7,
        "footfall": 3092,
        "revenue_index": 0.73,
        "value": 0.912
      }
    },
    {
      "type": "Feature",
      "geometry": {
        "type": "Point",
        "coordinates": [
          69.76823,
          21.69979
        ]
      },
      "properties": {
        "name": "Ranavav Cement & Mining Cluster Gas Station #527",
        "type": "gas_station",
        "category": "gas_station",
        "city": "Ranavav Cement & Mining Cluster",
        "rating": 3.9,
        "footfall": 2010,
        "revenue_index": 0.46,
        "value": 0.96
      }
    },
    {
      "type": "Feature",
      "geometry": {
        "type": "Point",
        "coordinates": [
          69.70108,
          21.7017
        ]
      },
      "properties": {
        "name": "Ranavav Cement & Mining Cluster Retail #528",
        "type": "retail",
        "category": "retail",
        "city": "Ranavav Cement & Mining Cluster",
        "rating": 4.6,
        "footfall": 3543,
        "revenue_index": 0.89,
        "value": 0.867
      }
    },
    {
      "type": "Feature",
      "geometry": {
        "type": "Point",
        "coordinates": [
          69.7138,
          21.69047
        ]
      },
      "properties": {
        "name": "Ranavav Cement & Mining Cluster Retail #529",
        "type": "retail",
        "category": "retail",
        "city": "Ranavav Cement & Mining Cluster",
        "rating": 3.9,
        "footfall": 2106,
        "revenue_index": 0.76,
        "value": 0.829
      }
    },
    {
      "type": "Feature",
      "geometry": {
        "type": "Point",
        "coordinates": [
          69.73555,
          21.70376
        ]
      },
      "properties": {
        "name": "Ranavav Cement & Mining Cluster Restaurant #530",
        "type": "restaurant",
        "category": "restaurant",
        "city": "Ranavav Cement & Mining Cluster",
        "rating": 4.3,
        "footfall": 4030,
        "revenue_index": 0.8,
        "value": 0.576
      }
    },
    {
      "type": "Feature",
      "geometry": {
        "type": "Point",
        "coordinates": [
          69.74738,
          21.65269
        ]
      },
      "properties": {
        "name": "Ranavav Cement & Mining Cluster Restaurant #531",
        "type": "restaurant",
        "category": "restaurant",
        "city": "Ranavav Cement & Mining Cluster",
        "rating": 4.1,
        "footfall": 4290,
        "revenue_index": 0.69,
        "value": 0.873
      }
    },
    {
      "type": "Feature",
      "geometry": {
        "type": "Point",
        "coordinates": [
          69.99577,
          21.65178
        ]
      },
      "properties": {
        "name": "Kutiyana Bhadar Basin Town Grocery #532",
        "type": "grocery",
        "category": "grocery",
        "city": "Kutiyana Bhadar Basin Town",
        "rating": 3.6,
        "footfall": 1323,
        "revenue_index": 0.95,
        "value": 0.57
      }
    },
    {
      "type": "Feature",
      "geometry": {
        "type": "Point",
        "coordinates": [
          69.97799,
          21.60658
        ]
      },
      "properties": {
        "name": "Kutiyana Bhadar Basin Town Gas Station #533",
        "type": "gas_station",
        "category": "gas_station",
        "city": "Kutiyana Bhadar Basin Town",
        "rating": 4.9,
        "footfall": 1926,
        "revenue_index": 0.74,
        "value": 0.599
      }
    },
    {
      "type": "Feature",
      "geometry": {
        "type": "Point",
        "coordinates": [
          70.00538,
          21.61316
        ]
      },
      "properties": {
        "name": "Kutiyana Bhadar Basin Town Retail #534",
        "type": "retail",
        "category": "retail",
        "city": "Kutiyana Bhadar Basin Town",
        "rating": 4.8,
        "footfall": 955,
        "revenue_index": 0.8,
        "value": 0.457
      }
    },
    {
      "type": "Feature",
      "geometry": {
        "type": "Point",
        "coordinates": [
          69.95312,
          21.65343
        ]
      },
      "properties": {
        "name": "Kutiyana Bhadar Basin Town Grocery #535",
        "type": "grocery",
        "category": "grocery",
        "city": "Kutiyana Bhadar Basin Town",
        "rating": 3.6,
        "footfall": 3317,
        "revenue_index": 0.69,
        "value": 0.434
      }
    },
    {
      "type": "Feature",
      "geometry": {
        "type": "Point",
        "coordinates": [
          69.73734,
          22.83768
        ]
      },
      "properties": {
        "name": "Mundra Port SEZ Logistics Hub Retail #536",
        "type": "retail",
        "category": "retail",
        "city": "Mundra Port SEZ Logistics Hub",
        "rating": 3.7,
        "footfall": 4452,
        "revenue_index": 0.82,
        "value": 0.878
      }
    },
    {
      "type": "Feature",
      "geometry": {
        "type": "Point",
        "coordinates": [
          69.74638,
          22.83618
        ]
      },
      "properties": {
        "name": "Mundra Port SEZ Logistics Hub Restaurant #537",
        "type": "restaurant",
        "category": "restaurant",
        "city": "Mundra Port SEZ Logistics Hub",
        "rating": 4.0,
        "footfall": 2367,
        "revenue_index": 0.9,
        "value": 0.755
      }
    },
    {
      "type": "Feature",
      "geometry": {
        "type": "Point",
        "coordinates": [
          69.72956,
          22.85856
        ]
      },
      "properties": {
        "name": "Mundra Port SEZ Logistics Hub Grocery #538",
        "type": "grocery",
        "category": "grocery",
        "city": "Mundra Port SEZ Logistics Hub",
        "rating": 4.0,
        "footfall": 1583,
        "revenue_index": 0.53,
        "value": 0.525
      }
    },
    {
      "type": "Feature",
      "geometry": {
        "type": "Point",
        "coordinates": [
          69.7195,
          22.84503
        ]
      },
      "properties": {
        "name": "Mundra Port SEZ Logistics Hub Bank #539",
        "type": "bank",
        "category": "bank",
        "city": "Mundra Port SEZ Logistics Hub",
        "rating": 4.6,
        "footfall": 4288,
        "revenue_index": 0.53,
        "value": 0.596
      }
    },
    {
      "type": "Feature",
      "geometry": {
        "type": "Point",
        "coordinates": [
          69.76604,
          22.83791
        ]
      },
      "properties": {
        "name": "Mundra Port SEZ Logistics Hub Gas Station #540",
        "type": "gas_station",
        "category": "gas_station",
        "city": "Mundra Port SEZ Logistics Hub",
        "rating": 3.9,
        "footfall": 1853,
        "revenue_index": 0.65,
        "value": 0.975
      }
    },
    {
      "type": "Feature",
      "geometry": {
        "type": "Point",
        "coordinates": [
          69.69195,
          22.8571
        ]
      },
      "properties": {
        "name": "Mundra Port SEZ Logistics Hub Restaurant #541",
        "type": "restaurant",
        "category": "restaurant",
        "city": "Mundra Port SEZ Logistics Hub",
        "rating": 4.0,
        "footfall": 2571,
        "revenue_index": 0.89,
        "value": 0.787
      }
    },
    {
      "type": "Feature",
      "geometry": {
        "type": "Point",
        "coordinates": [
          69.70991,
          22.83388
        ]
      },
      "properties": {
        "name": "Mundra Port SEZ Logistics Hub Retail #542",
        "type": "retail",
        "category": "retail",
        "city": "Mundra Port SEZ Logistics Hub",
        "rating": 3.7,
        "footfall": 822,
        "revenue_index": 0.47,
        "value": 0.542
      }
    },
    {
      "type": "Feature",
      "geometry": {
        "type": "Point",
        "coordinates": [
          69.71974,
          22.83003
        ]
      },
      "properties": {
        "name": "Mundra Port SEZ Logistics Hub Gas Station #543",
        "type": "gas_station",
        "category": "gas_station",
        "city": "Mundra Port SEZ Logistics Hub",
        "rating": 3.9,
        "footfall": 4290,
        "revenue_index": 0.46,
        "value": 0.694
      }
    },
    {
      "type": "Feature",
      "geometry": {
        "type": "Point",
        "coordinates": [
          70.14361,
          23.04802
        ]
      },
      "properties": {
        "name": "Gandhidham & Deendayal Port (Kandla) Retail #544",
        "type": "retail",
        "category": "retail",
        "city": "Gandhidham & Deendayal Port (Kandla)",
        "rating": 4.8,
        "footfall": 1640,
        "revenue_index": 0.86,
        "value": 0.37
      }
    },
    {
      "type": "Feature",
      "geometry": {
        "type": "Point",
        "coordinates": [
          70.16691,
          23.05718
        ]
      },
      "properties": {
        "name": "Gandhidham & Deendayal Port (Kandla) Gas Station #545",
        "type": "gas_station",
        "category": "gas_station",
        "city": "Gandhidham & Deendayal Port (Kandla)",
        "rating": 4.8,
        "footfall": 3792,
        "revenue_index": 0.83,
        "value": 0.394
      }
    },
    {
      "type": "Feature",
      "geometry": {
        "type": "Point",
        "coordinates": [
          70.15016,
          23.06271
        ]
      },
      "properties": {
        "name": "Gandhidham & Deendayal Port (Kandla) Grocery #546",
        "type": "grocery",
        "category": "grocery",
        "city": "Gandhidham & Deendayal Port (Kandla)",
        "rating": 4.4,
        "footfall": 481,
        "revenue_index": 0.63,
        "value": 0.65
      }
    },
    {
      "type": "Feature",
      "geometry": {
        "type": "Point",
        "coordinates": [
          70.14184,
          23.07217
        ]
      },
      "properties": {
        "name": "Gandhidham & Deendayal Port (Kandla) Gas Station #547",
        "type": "gas_station",
        "category": "gas_station",
        "city": "Gandhidham & Deendayal Port (Kandla)",
        "rating": 3.9,
        "footfall": 3132,
        "revenue_index": 0.96,
        "value": 0.705
      }
    },
    {
      "type": "Feature",
      "geometry": {
        "type": "Point",
        "coordinates": [
          70.13672,
          23.11106
        ]
      },
      "properties": {
        "name": "Gandhidham & Deendayal Port (Kandla) Restaurant #548",
        "type": "restaurant",
        "category": "restaurant",
        "city": "Gandhidham & Deendayal Port (Kandla)",
        "rating": 4.4,
        "footfall": 1132,
        "revenue_index": 0.55,
        "value": 0.841
      }
    },
    {
      "type": "Feature",
      "geometry": {
        "type": "Point",
        "coordinates": [
          70.12251,
          23.06824
        ]
      },
      "properties": {
        "name": "Gandhidham & Deendayal Port (Kandla) Retail #549",
        "type": "retail",
        "category": "retail",
        "city": "Gandhidham & Deendayal Port (Kandla)",
        "rating": 3.7,
        "footfall": 4828,
        "revenue_index": 0.88,
        "value": 0.707
      }
    },
    {
      "type": "Feature",
      "geometry": {
        "type": "Point",
        "coordinates": [
          69.64315,
          23.24107
        ]
      },
      "properties": {
        "name": "Bhuj Central Heritage & Commercial Hub Retail #550",
        "type": "retail",
        "category": "retail",
        "city": "Bhuj Central Heritage & Commercial Hub",
        "rating": 4.5,
        "footfall": 4460,
        "revenue_index": 0.53,
        "value": 0.426
      }
    },
    {
      "type": "Feature",
      "geometry": {
        "type": "Point",
        "coordinates": [
          69.65163,
          23.24698
        ]
      },
      "properties": {
        "name": "Bhuj Central Heritage & Commercial Hub Hotel #551",
        "type": "hotel",
        "category": "hotel",
        "city": "Bhuj Central Heritage & Commercial Hub",
        "rating": 4.8,
        "footfall": 2688,
        "revenue_index": 0.84,
        "value": 0.849
      }
    },
    {
      "type": "Feature",
      "geometry": {
        "type": "Point",
        "coordinates": [
          69.66681,
          23.25239
        ]
      },
      "properties": {
        "name": "Bhuj Central Heritage & Commercial Hub Restaurant #552",
        "type": "restaurant",
        "category": "restaurant",
        "city": "Bhuj Central Heritage & Commercial Hub",
        "rating": 4.3,
        "footfall": 960,
        "revenue_index": 0.7,
        "value": 0.354
      }
    },
    {
      "type": "Feature",
      "geometry": {
        "type": "Point",
        "coordinates": [
          69.6828,
          23.24137
        ]
      },
      "properties": {
        "name": "Bhuj Central Heritage & Commercial Hub Retail #553",
        "type": "retail",
        "category": "retail",
        "city": "Bhuj Central Heritage & Commercial Hub",
        "rating": 4.9,
        "footfall": 1585,
        "revenue_index": 0.89,
        "value": 0.829
      }
    },
    {
      "type": "Feature",
      "geometry": {
        "type": "Point",
        "coordinates": [
          69.38526,
          22.82525
        ]
      },
      "properties": {
        "name": "Mandvi Port & Coastal Wind Belt Restaurant #554",
        "type": "restaurant",
        "category": "restaurant",
        "city": "Mandvi Port & Coastal Wind Belt",
        "rating": 3.8,
        "footfall": 1581,
        "revenue_index": 0.5,
        "value": 0.6
      }
    },
    {
      "type": "Feature",
      "geometry": {
        "type": "Point",
        "coordinates": [
          69.36488,
          22.84015
        ]
      },
      "properties": {
        "name": "Mandvi Port & Coastal Wind Belt Grocery #555",
        "type": "grocery",
        "category": "grocery",
        "city": "Mandvi Port & Coastal Wind Belt",
        "rating": 4.0,
        "footfall": 1074,
        "revenue_index": 0.53,
        "value": 0.812
      }
    },
    {
      "type": "Feature",
      "geometry": {
        "type": "Point",
        "coordinates": [
          69.34374,
          22.85763
        ]
      },
      "properties": {
        "name": "Mandvi Port & Coastal Wind Belt Grocery #556",
        "type": "grocery",
        "category": "grocery",
        "city": "Mandvi Port & Coastal Wind Belt",
        "rating": 4.0,
        "footfall": 4054,
        "revenue_index": 0.87,
        "value": 0.649
      }
    },
    {
      "type": "Feature",
      "geometry": {
        "type": "Point",
        "coordinates": [
          69.37747,
          22.8427
        ]
      },
      "properties": {
        "name": "Mandvi Port & Coastal Wind Belt Restaurant #557",
        "type": "restaurant",
        "category": "restaurant",
        "city": "Mandvi Port & Coastal Wind Belt",
        "rating": 4.5,
        "footfall": 3846,
        "revenue_index": 0.79,
        "value": 0.572
      }
    },
    {
      "type": "Feature",
      "geometry": {
        "type": "Point",
        "coordinates": [
          70.05205,
          23.15192
        ]
      },
      "properties": {
        "name": "Anjar Mega Welspun Industrial City Gas Station #558",
        "type": "gas_station",
        "category": "gas_station",
        "city": "Anjar Mega Welspun Industrial City",
        "rating": 4.1,
        "footfall": 4214,
        "revenue_index": 0.77,
        "value": 0.539
      }
    },
    {
      "type": "Feature",
      "geometry": {
        "type": "Point",
        "coordinates": [
          70.00593,
          23.06831
        ]
      },
      "properties": {
        "name": "Anjar Mega Welspun Industrial City Bank #559",
        "type": "bank",
        "category": "bank",
        "city": "Anjar Mega Welspun Industrial City",
        "rating": 3.8,
        "footfall": 3225,
        "revenue_index": 0.89,
        "value": 0.576
      }
    },
    {
      "type": "Feature",
      "geometry": {
        "type": "Point",
        "coordinates": [
          70.02218,
          23.1049
        ]
      },
      "properties": {
        "name": "Anjar Mega Welspun Industrial City Retail #560",
        "type": "retail",
        "category": "retail",
        "city": "Anjar Mega Welspun Industrial City",
        "rating": 3.8,
        "footfall": 1270,
        "revenue_index": 0.75,
        "value": 0.42
      }
    },
    {
      "type": "Feature",
      "geometry": {
        "type": "Point",
        "coordinates": [
          70.01769,
          23.1382
        ]
      },
      "properties": {
        "name": "Anjar Mega Welspun Industrial City Hotel #561",
        "type": "hotel",
        "category": "hotel",
        "city": "Anjar Mega Welspun Industrial City",
        "rating": 3.7,
        "footfall": 3921,
        "revenue_index": 0.74,
        "value": 0.605
      }
    },
    {
      "type": "Feature",
      "geometry": {
        "type": "Point",
        "coordinates": [
          70.00782,
          23.11574
        ]
      },
      "properties": {
        "name": "Anjar Mega Welspun Industrial City Grocery #562",
        "type": "grocery",
        "category": "grocery",
        "city": "Anjar Mega Welspun Industrial City",
        "rating": 4.6,
        "footfall": 3788,
        "revenue_index": 0.59,
        "value": 0.7
      }
    },
    {
      "type": "Feature",
      "geometry": {
        "type": "Point",
        "coordinates": [
          69.97954,
          23.12606
        ]
      },
      "properties": {
        "name": "Anjar Mega Welspun Industrial City Grocery #563",
        "type": "grocery",
        "category": "grocery",
        "city": "Anjar Mega Welspun Industrial City",
        "rating": 4.5,
        "footfall": 1439,
        "revenue_index": 0.56,
        "value": 0.589
      }
    },
    {
      "type": "Feature",
      "geometry": {
        "type": "Point",
        "coordinates": [
          69.26171,
          23.35404
        ]
      },
      "properties": {
        "name": "Nakhatrana Wind Corridor Center Grocery #564",
        "type": "grocery",
        "category": "grocery",
        "city": "Nakhatrana Wind Corridor Center",
        "rating": 4.0,
        "footfall": 4137,
        "revenue_index": 0.59,
        "value": 0.672
      }
    },
    {
      "type": "Feature",
      "geometry": {
        "type": "Point",
        "coordinates": [
          69.30018,
          23.35449
        ]
      },
      "properties": {
        "name": "Nakhatrana Wind Corridor Center Grocery #565",
        "type": "grocery",
        "category": "grocery",
        "city": "Nakhatrana Wind Corridor Center",
        "rating": 4.9,
        "footfall": 5024,
        "revenue_index": 0.51,
        "value": 0.37
      }
    },
    {
      "type": "Feature",
      "geometry": {
        "type": "Point",
        "coordinates": [
          69.30076,
          23.33999
        ]
      },
      "properties": {
        "name": "Nakhatrana Wind Corridor Center Restaurant #566",
        "type": "restaurant",
        "category": "restaurant",
        "city": "Nakhatrana Wind Corridor Center",
        "rating": 3.7,
        "footfall": 2863,
        "revenue_index": 0.47,
        "value": 0.604
      }
    },
    {
      "type": "Feature",
      "geometry": {
        "type": "Point",
        "coordinates": [
          69.22309,
          23.34722
        ]
      },
      "properties": {
        "name": "Nakhatrana Wind Corridor Center Hotel #567",
        "type": "hotel",
        "category": "hotel",
        "city": "Nakhatrana Wind Corridor Center",
        "rating": 4.6,
        "footfall": 2051,
        "revenue_index": 0.66,
        "value": 0.956
      }
    },
    {
      "type": "Feature",
      "geometry": {
        "type": "Point",
        "coordinates": [
          69.23072,
          23.32323
        ]
      },
      "properties": {
        "name": "Nakhatrana Wind Corridor Center Hotel #568",
        "type": "hotel",
        "category": "hotel",
        "city": "Nakhatrana Wind Corridor Center",
        "rating": 4.0,
        "footfall": 2287,
        "revenue_index": 0.6,
        "value": 0.519
      }
    },
    {
      "type": "Feature",
      "geometry": {
        "type": "Point",
        "coordinates": [
          69.26883,
          23.3306
        ]
      },
      "properties": {
        "name": "Nakhatrana Wind Corridor Center Retail #569",
        "type": "retail",
        "category": "retail",
        "city": "Nakhatrana Wind Corridor Center",
        "rating": 4.3,
        "footfall": 1360,
        "revenue_index": 0.57,
        "value": 0.958
      }
    },
    {
      "type": "Feature",
      "geometry": {
        "type": "Point",
        "coordinates": [
          68.83805,
          23.24831
        ]
      },
      "properties": {
        "name": "Naliya & Abdasa Wind Ridgeline Restaurant #570",
        "type": "restaurant",
        "category": "restaurant",
        "city": "Naliya & Abdasa Wind Ridgeline",
        "rating": 3.8,
        "footfall": 479,
        "revenue_index": 0.54,
        "value": 0.979
      }
    },
    {
      "type": "Feature",
      "geometry": {
        "type": "Point",
        "coordinates": [
          68.85749,
          23.26833
        ]
      },
      "properties": {
        "name": "Naliya & Abdasa Wind Ridgeline Bank #571",
        "type": "bank",
        "category": "bank",
        "city": "Naliya & Abdasa Wind Ridgeline",
        "rating": 4.8,
        "footfall": 1615,
        "revenue_index": 0.91,
        "value": 0.576
      }
    },
    {
      "type": "Feature",
      "geometry": {
        "type": "Point",
        "coordinates": [
          68.86193,
          23.24415
        ]
      },
      "properties": {
        "name": "Naliya & Abdasa Wind Ridgeline Hotel #572",
        "type": "hotel",
        "category": "hotel",
        "city": "Naliya & Abdasa Wind Ridgeline",
        "rating": 3.9,
        "footfall": 899,
        "revenue_index": 0.46,
        "value": 0.696
      }
    },
    {
      "type": "Feature",
      "geometry": {
        "type": "Point",
        "coordinates": [
          68.85223,
          23.23909
        ]
      },
      "properties": {
        "name": "Naliya & Abdasa Wind Ridgeline Bank #573",
        "type": "bank",
        "category": "bank",
        "city": "Naliya & Abdasa Wind Ridgeline",
        "rating": 4.5,
        "footfall": 3703,
        "revenue_index": 0.69,
        "value": 0.724
      }
    },
    {
      "type": "Feature",
      "geometry": {
        "type": "Point",
        "coordinates": [
          68.77778,
          23.82761
        ]
      },
      "properties": {
        "name": "Lakhpat Ancient Fort & Kori Creek Grocery #574",
        "type": "grocery",
        "category": "grocery",
        "city": "Lakhpat Ancient Fort & Kori Creek",
        "rating": 4.3,
        "footfall": 5054,
        "revenue_index": 0.98,
        "value": 0.426
      }
    },
    {
      "type": "Feature",
      "geometry": {
        "type": "Point",
        "coordinates": [
          68.8019,
          23.85158
        ]
      },
      "properties": {
        "name": "Lakhpat Ancient Fort & Kori Creek Retail #575",
        "type": "retail",
        "category": "retail",
        "city": "Lakhpat Ancient Fort & Kori Creek",
        "rating": 4.4,
        "footfall": 1156,
        "revenue_index": 0.65,
        "value": 0.824
      }
    },
    {
      "type": "Feature",
      "geometry": {
        "type": "Point",
        "coordinates": [
          68.75607,
          23.80886
        ]
      },
      "properties": {
        "name": "Lakhpat Ancient Fort & Kori Creek Restaurant #576",
        "type": "restaurant",
        "category": "restaurant",
        "city": "Lakhpat Ancient Fort & Kori Creek",
        "rating": 4.5,
        "footfall": 2051,
        "revenue_index": 0.94,
        "value": 0.818
      }
    },
    {
      "type": "Feature",
      "geometry": {
        "type": "Point",
        "coordinates": [
          68.76905,
          23.8123
        ]
      },
      "properties": {
        "name": "Lakhpat Ancient Fort & Kori Creek Hotel #577",
        "type": "hotel",
        "category": "hotel",
        "city": "Lakhpat Ancient Fort & Kori Creek",
        "rating": 4.4,
        "footfall": 4166,
        "revenue_index": 0.84,
        "value": 0.739
      }
    },
    {
      "type": "Feature",
      "geometry": {
        "type": "Point",
        "coordinates": [
          69.73456,
          23.83426
        ]
      },
      "properties": {
        "name": "Khavda Mega Renewable Energy Park Bank #578",
        "type": "bank",
        "category": "bank",
        "city": "Khavda Mega Renewable Energy Park",
        "rating": 4.0,
        "footfall": 4850,
        "revenue_index": 0.97,
        "value": 0.949
      }
    },
    {
      "type": "Feature",
      "geometry": {
        "type": "Point",
        "coordinates": [
          69.70743,
          23.88061
        ]
      },
      "properties": {
        "name": "Khavda Mega Renewable Energy Park Grocery #579",
        "type": "grocery",
        "category": "grocery",
        "city": "Khavda Mega Renewable Energy Park",
        "rating": 4.2,
        "footfall": 2513,
        "revenue_index": 0.66,
        "value": 0.376
      }
    },
    {
      "type": "Feature",
      "geometry": {
        "type": "Point",
        "coordinates": [
          69.72351,
          23.87201
        ]
      },
      "properties": {
        "name": "Khavda Mega Renewable Energy Park Hotel #580",
        "type": "hotel",
        "category": "hotel",
        "city": "Khavda Mega Renewable Energy Park",
        "rating": 4.9,
        "footfall": 4619,
        "revenue_index": 0.6,
        "value": 0.488
      }
    },
    {
      "type": "Feature",
      "geometry": {
        "type": "Point",
        "coordinates": [
          69.73486,
          23.81882
        ]
      },
      "properties": {
        "name": "Khavda Mega Renewable Energy Park Bank #581",
        "type": "bank",
        "category": "bank",
        "city": "Khavda Mega Renewable Energy Park",
        "rating": 4.7,
        "footfall": 4050,
        "revenue_index": 0.49,
        "value": 0.411
      }
    },
    {
      "type": "Feature",
      "geometry": {
        "type": "Point",
        "coordinates": [
          69.70906,
          23.86098
        ]
      },
      "properties": {
        "name": "Khavda Mega Renewable Energy Park Bank #582",
        "type": "bank",
        "category": "bank",
        "city": "Khavda Mega Renewable Energy Park",
        "rating": 4.4,
        "footfall": 3425,
        "revenue_index": 0.82,
        "value": 0.558
      }
    },
    {
      "type": "Feature",
      "geometry": {
        "type": "Point",
        "coordinates": [
          69.73829,
          23.86357
        ]
      },
      "properties": {
        "name": "Khavda Mega Renewable Energy Park Hotel #583",
        "type": "hotel",
        "category": "hotel",
        "city": "Khavda Mega Renewable Energy Park",
        "rating": 4.0,
        "footfall": 548,
        "revenue_index": 0.55,
        "value": 0.514
      }
    },
    {
      "type": "Feature",
      "geometry": {
        "type": "Point",
        "coordinates": [
          69.71614,
          23.85249
        ]
      },
      "properties": {
        "name": "Khavda Mega Renewable Energy Park Ev Charging #584",
        "type": "ev_charging",
        "category": "ev_charging",
        "city": "Khavda Mega Renewable Energy Park",
        "rating": 3.9,
        "footfall": 2359,
        "revenue_index": 0.6,
        "value": 0.609
      }
    },
    {
      "type": "Feature",
      "geometry": {
        "type": "Point",
        "coordinates": [
          69.72585,
          23.83469
        ]
      },
      "properties": {
        "name": "Khavda Mega Renewable Energy Park Grocery #585",
        "type": "grocery",
        "category": "grocery",
        "city": "Khavda Mega Renewable Energy Park",
        "rating": 4.4,
        "footfall": 2451,
        "revenue_index": 0.6,
        "value": 0.911
      }
    },
    {
      "type": "Feature",
      "geometry": {
        "type": "Point",
        "coordinates": [
          70.64829,
          23.56752
        ]
      },
      "properties": {
        "name": "Rapar Vagad Gateway Gas Station #586",
        "type": "gas_station",
        "category": "gas_station",
        "city": "Rapar Vagad Gateway",
        "rating": 3.8,
        "footfall": 839,
        "revenue_index": 0.5,
        "value": 0.697
      }
    },
    {
      "type": "Feature",
      "geometry": {
        "type": "Point",
        "coordinates": [
          70.65574,
          23.56747
        ]
      },
      "properties": {
        "name": "Rapar Vagad Gateway Retail #587",
        "type": "retail",
        "category": "retail",
        "city": "Rapar Vagad Gateway",
        "rating": 4.7,
        "footfall": 4816,
        "revenue_index": 0.93,
        "value": 0.784
      }
    },
    {
      "type": "Feature",
      "geometry": {
        "type": "Point",
        "coordinates": [
          70.63921,
          23.57595
        ]
      },
      "properties": {
        "name": "Rapar Vagad Gateway Restaurant #588",
        "type": "restaurant",
        "category": "restaurant",
        "city": "Rapar Vagad Gateway",
        "rating": 4.3,
        "footfall": 2767,
        "revenue_index": 0.96,
        "value": 0.444
      }
    },
    {
      "type": "Feature",
      "geometry": {
        "type": "Point",
        "coordinates": [
          70.62279,
          23.57806
        ]
      },
      "properties": {
        "name": "Rapar Vagad Gateway Grocery #589",
        "type": "grocery",
        "category": "grocery",
        "city": "Rapar Vagad Gateway",
        "rating": 4.1,
        "footfall": 973,
        "revenue_index": 0.71,
        "value": 0.784
      }
    },
    {
      "type": "Feature",
      "geometry": {
        "type": "Point",
        "coordinates": [
          70.33862,
          23.30535
        ]
      },
      "properties": {
        "name": "Bhachau Transport & Mineral Node Hotel #590",
        "type": "hotel",
        "category": "hotel",
        "city": "Bhachau Transport & Mineral Node",
        "rating": 4.8,
        "footfall": 1978,
        "revenue_index": 0.67,
        "value": 0.451
      }
    },
    {
      "type": "Feature",
      "geometry": {
        "type": "Point",
        "coordinates": [
          70.34288,
          23.30402
        ]
      },
      "properties": {
        "name": "Bhachau Transport & Mineral Node Gas Station #591",
        "type": "gas_station",
        "category": "gas_station",
        "city": "Bhachau Transport & Mineral Node",
        "rating": 3.6,
        "footfall": 2813,
        "revenue_index": 0.5,
        "value": 0.74
      }
    },
    {
      "type": "Feature",
      "geometry": {
        "type": "Point",
        "coordinates": [
          70.34891,
          23.31112
        ]
      },
      "properties": {
        "name": "Bhachau Transport & Mineral Node Restaurant #592",
        "type": "restaurant",
        "category": "restaurant",
        "city": "Bhachau Transport & Mineral Node",
        "rating": 4.3,
        "footfall": 3119,
        "revenue_index": 0.51,
        "value": 0.423
      }
    },
    {
      "type": "Feature",
      "geometry": {
        "type": "Point",
        "coordinates": [
          70.35418,
          23.28315
        ]
      },
      "properties": {
        "name": "Bhachau Transport & Mineral Node Restaurant #593",
        "type": "restaurant",
        "category": "restaurant",
        "city": "Bhachau Transport & Mineral Node",
        "rating": 4.6,
        "footfall": 3081,
        "revenue_index": 0.63,
        "value": 0.361
      }
    },
    {
      "type": "Feature",
      "geometry": {
        "type": "Point",
        "coordinates": [
          72.55382,
          21.69523
        ]
      },
      "properties": {
        "name": "Dahej PCPIR & Port Terminal Retail #594",
        "type": "retail",
        "category": "retail",
        "city": "Dahej PCPIR & Port Terminal",
        "rating": 4.7,
        "footfall": 898,
        "revenue_index": 0.7,
        "value": 0.459
      }
    },
    {
      "type": "Feature",
      "geometry": {
        "type": "Point",
        "coordinates": [
          72.59192,
          21.72895
        ]
      },
      "properties": {
        "name": "Dahej PCPIR & Port Terminal Retail #595",
        "type": "retail",
        "category": "retail",
        "city": "Dahej PCPIR & Port Terminal",
        "rating": 3.7,
        "footfall": 1446,
        "revenue_index": 0.75,
        "value": 0.679
      }
    },
    {
      "type": "Feature",
      "geometry": {
        "type": "Point",
        "coordinates": [
          72.58711,
          21.70694
        ]
      },
      "properties": {
        "name": "Dahej PCPIR & Port Terminal Bank #596",
        "type": "bank",
        "category": "bank",
        "city": "Dahej PCPIR & Port Terminal",
        "rating": 4.7,
        "footfall": 1839,
        "revenue_index": 0.56,
        "value": 0.92
      }
    },
    {
      "type": "Feature",
      "geometry": {
        "type": "Point",
        "coordinates": [
          72.56637,
          21.67333
        ]
      },
      "properties": {
        "name": "Dahej PCPIR & Port Terminal Bank #597",
        "type": "bank",
        "category": "bank",
        "city": "Dahej PCPIR & Port Terminal",
        "rating": 4.2,
        "footfall": 3274,
        "revenue_index": 0.5,
        "value": 0.368
      }
    },
    {
      "type": "Feature",
      "geometry": {
        "type": "Point",
        "coordinates": [
          72.56246,
          21.74376
        ]
      },
      "properties": {
        "name": "Dahej PCPIR & Port Terminal Bank #598",
        "type": "bank",
        "category": "bank",
        "city": "Dahej PCPIR & Port Terminal",
        "rating": 4.1,
        "footfall": 4477,
        "revenue_index": 0.84,
        "value": 0.624
      }
    },
    {
      "type": "Feature",
      "geometry": {
        "type": "Point",
        "coordinates": [
          72.6226,
          21.69491
        ]
      },
      "properties": {
        "name": "Dahej PCPIR & Port Terminal Hotel #599",
        "type": "hotel",
        "category": "hotel",
        "city": "Dahej PCPIR & Port Terminal",
        "rating": 4.8,
        "footfall": 2518,
        "revenue_index": 0.62,
        "value": 0.807
      }
    },
    {
      "type": "Feature",
      "geometry": {
        "type": "Point",
        "coordinates": [
          72.58263,
          21.72681
        ]
      },
      "properties": {
        "name": "Dahej PCPIR & Port Terminal Restaurant #600",
        "type": "restaurant",
        "category": "restaurant",
        "city": "Dahej PCPIR & Port Terminal",
        "rating": 4.8,
        "footfall": 4002,
        "revenue_index": 0.67,
        "value": 0.488
      }
    },
    {
      "type": "Feature",
      "geometry": {
        "type": "Point",
        "coordinates": [
          72.57233,
          21.70157
        ]
      },
      "properties": {
        "name": "Dahej PCPIR & Port Terminal Retail #601",
        "type": "retail",
        "category": "retail",
        "city": "Dahej PCPIR & Port Terminal",
        "rating": 3.7,
        "footfall": 1121,
        "revenue_index": 0.63,
        "value": 0.354
      }
    },
    {
      "type": "Feature",
      "geometry": {
        "type": "Point",
        "coordinates": [
          73.00327,
          21.59345
        ]
      },
      "properties": {
        "name": "Ankleshwar GIDC Chemical Estate Bank #602",
        "type": "bank",
        "category": "bank",
        "city": "Ankleshwar GIDC Chemical Estate",
        "rating": 4.9,
        "footfall": 2932,
        "revenue_index": 0.71,
        "value": 0.444
      }
    },
    {
      "type": "Feature",
      "geometry": {
        "type": "Point",
        "coordinates": [
          73.02982,
          21.62877
        ]
      },
      "properties": {
        "name": "Ankleshwar GIDC Chemical Estate Gas Station #603",
        "type": "gas_station",
        "category": "gas_station",
        "city": "Ankleshwar GIDC Chemical Estate",
        "rating": 3.7,
        "footfall": 3757,
        "revenue_index": 0.73,
        "value": 0.453
      }
    },
    {
      "type": "Feature",
      "geometry": {
        "type": "Point",
        "coordinates": [
          73.01291,
          21.62226
        ]
      },
      "properties": {
        "name": "Ankleshwar GIDC Chemical Estate Bank #604",
        "type": "bank",
        "category": "bank",
        "city": "Ankleshwar GIDC Chemical Estate",
        "rating": 3.8,
        "footfall": 4158,
        "revenue_index": 0.8,
        "value": 0.465
      }
    },
    {
      "type": "Feature",
      "geometry": {
        "type": "Point",
        "coordinates": [
          73.00416,
          21.62316
        ]
      },
      "properties": {
        "name": "Ankleshwar GIDC Chemical Estate Gas Station #605",
        "type": "gas_station",
        "category": "gas_station",
        "city": "Ankleshwar GIDC Chemical Estate",
        "rating": 4.7,
        "footfall": 3573,
        "revenue_index": 0.95,
        "value": 0.937
      }
    },
    {
      "type": "Feature",
      "geometry": {
        "type": "Point",
        "coordinates": [
          72.95304,
          21.63624
        ]
      },
      "properties": {
        "name": "Ankleshwar GIDC Chemical Estate Hotel #606",
        "type": "hotel",
        "category": "hotel",
        "city": "Ankleshwar GIDC Chemical Estate",
        "rating": 3.8,
        "footfall": 1027,
        "revenue_index": 0.96,
        "value": 0.741
      }
    },
    {
      "type": "Feature",
      "geometry": {
        "type": "Point",
        "coordinates": [
          73.02466,
          21.57392
        ]
      },
      "properties": {
        "name": "Ankleshwar GIDC Chemical Estate Hotel #607",
        "type": "hotel",
        "category": "hotel",
        "city": "Ankleshwar GIDC Chemical Estate",
        "rating": 4.3,
        "footfall": 4583,
        "revenue_index": 0.9,
        "value": 0.52
      }
    },
    {
      "type": "Feature",
      "geometry": {
        "type": "Point",
        "coordinates": [
          72.97941,
          21.6895
        ]
      },
      "properties": {
        "name": "Bharuch Central & Golden Bridge Axis Hotel #608",
        "type": "hotel",
        "category": "hotel",
        "city": "Bharuch Central & Golden Bridge Axis",
        "rating": 3.7,
        "footfall": 1707,
        "revenue_index": 0.76,
        "value": 0.753
      }
    },
    {
      "type": "Feature",
      "geometry": {
        "type": "Point",
        "coordinates": [
          73.00143,
          21.70076
        ]
      },
      "properties": {
        "name": "Bharuch Central & Golden Bridge Axis Retail #609",
        "type": "retail",
        "category": "retail",
        "city": "Bharuch Central & Golden Bridge Axis",
        "rating": 4.6,
        "footfall": 2884,
        "revenue_index": 0.72,
        "value": 0.655
      }
    },
    {
      "type": "Feature",
      "geometry": {
        "type": "Point",
        "coordinates": [
          73.00778,
          21.70141
        ]
      },
      "properties": {
        "name": "Bharuch Central & Golden Bridge Axis Restaurant #610",
        "type": "restaurant",
        "category": "restaurant",
        "city": "Bharuch Central & Golden Bridge Axis",
        "rating": 4.0,
        "footfall": 2627,
        "revenue_index": 0.88,
        "value": 0.544
      }
    },
    {
      "type": "Feature",
      "geometry": {
        "type": "Point",
        "coordinates": [
          73.01608,
          21.69805
        ]
      },
      "properties": {
        "name": "Bharuch Central & Golden Bridge Axis Bank #611",
        "type": "bank",
        "category": "bank",
        "city": "Bharuch Central & Golden Bridge Axis",
        "rating": 4.6,
        "footfall": 4886,
        "revenue_index": 0.53,
        "value": 0.42
      }
    },
    {
      "type": "Feature",
      "geometry": {
        "type": "Point",
        "coordinates": [
          72.97977,
          21.56027
        ]
      },
      "properties": {
        "name": "Panoli GIDC Industrial Estate Gas Station #612",
        "type": "gas_station",
        "category": "gas_station",
        "city": "Panoli GIDC Industrial Estate",
        "rating": 4.7,
        "footfall": 3318,
        "revenue_index": 0.54,
        "value": 0.512
      }
    },
    {
      "type": "Feature",
      "geometry": {
        "type": "Point",
        "coordinates": [
          72.95457,
          21.53115
        ]
      },
      "properties": {
        "name": "Panoli GIDC Industrial Estate Gas Station #613",
        "type": "gas_station",
        "category": "gas_station",
        "city": "Panoli GIDC Industrial Estate",
        "rating": 4.5,
        "footfall": 2664,
        "revenue_index": 0.87,
        "value": 0.755
      }
    },
    {
      "type": "Feature",
      "geometry": {
        "type": "Point",
        "coordinates": [
          72.96613,
          21.53925
        ]
      },
      "properties": {
        "name": "Panoli GIDC Industrial Estate Bank #614",
        "type": "bank",
        "category": "bank",
        "city": "Panoli GIDC Industrial Estate",
        "rating": 4.5,
        "footfall": 4439,
        "revenue_index": 0.86,
        "value": 0.694
      }
    },
    {
      "type": "Feature",
      "geometry": {
        "type": "Point",
        "coordinates": [
          72.96607,
          21.54022
        ]
      },
      "properties": {
        "name": "Panoli GIDC Industrial Estate Restaurant #615",
        "type": "restaurant",
        "category": "restaurant",
        "city": "Panoli GIDC Industrial Estate",
        "rating": 3.6,
        "footfall": 3914,
        "revenue_index": 0.57,
        "value": 0.492
      }
    },
    {
      "type": "Feature",
      "geometry": {
        "type": "Point",
        "coordinates": [
          72.92593,
          21.51439
        ]
      },
      "properties": {
        "name": "Panoli GIDC Industrial Estate Grocery #616",
        "type": "grocery",
        "category": "grocery",
        "city": "Panoli GIDC Industrial Estate",
        "rating": 4.7,
        "footfall": 4518,
        "revenue_index": 0.88,
        "value": 0.806
      }
    },
    {
      "type": "Feature",
      "geometry": {
        "type": "Point",
        "coordinates": [
          72.95705,
          21.51467
        ]
      },
      "properties": {
        "name": "Panoli GIDC Industrial Estate Hotel #617",
        "type": "hotel",
        "category": "hotel",
        "city": "Panoli GIDC Industrial Estate",
        "rating": 4.1,
        "footfall": 590,
        "revenue_index": 0.98,
        "value": 0.605
      }
    },
    {
      "type": "Feature",
      "geometry": {
        "type": "Point",
        "coordinates": [
          72.79605,
          22.05327
        ]
      },
      "properties": {
        "name": "Jambusar Agro & Chemical Town Hotel #618",
        "type": "hotel",
        "category": "hotel",
        "city": "Jambusar Agro & Chemical Town",
        "rating": 3.7,
        "footfall": 1225,
        "revenue_index": 0.98,
        "value": 0.464
      }
    },
    {
      "type": "Feature",
      "geometry": {
        "type": "Point",
        "coordinates": [
          72.83047,
          22.06768
        ]
      },
      "properties": {
        "name": "Jambusar Agro & Chemical Town Ev Charging #619",
        "type": "ev_charging",
        "category": "ev_charging",
        "city": "Jambusar Agro & Chemical Town",
        "rating": 3.9,
        "footfall": 2685,
        "revenue_index": 0.49,
        "value": 0.808
      }
    },
    {
      "type": "Feature",
      "geometry": {
        "type": "Point",
        "coordinates": [
          72.80619,
          22.0501
        ]
      },
      "properties": {
        "name": "Jambusar Agro & Chemical Town Bank #620",
        "type": "bank",
        "category": "bank",
        "city": "Jambusar Agro & Chemical Town",
        "rating": 4.1,
        "footfall": 2947,
        "revenue_index": 0.77,
        "value": 0.949
      }
    },
    {
      "type": "Feature",
      "geometry": {
        "type": "Point",
        "coordinates": [
          72.81518,
          22.02285
        ]
      },
      "properties": {
        "name": "Jambusar Agro & Chemical Town Restaurant #621",
        "type": "restaurant",
        "category": "restaurant",
        "city": "Jambusar Agro & Chemical Town",
        "rating": 4.2,
        "footfall": 1223,
        "revenue_index": 0.83,
        "value": 0.754
      }
    },
    {
      "type": "Feature",
      "geometry": {
        "type": "Point",
        "coordinates": [
          73.14973,
          21.71227
        ]
      },
      "properties": {
        "name": "Jhagadia Mega Industrial Estate Retail #622",
        "type": "retail",
        "category": "retail",
        "city": "Jhagadia Mega Industrial Estate",
        "rating": 3.9,
        "footfall": 911,
        "revenue_index": 0.98,
        "value": 0.477
      }
    },
    {
      "type": "Feature",
      "geometry": {
        "type": "Point",
        "coordinates": [
          73.13512,
          21.69957
        ]
      },
      "properties": {
        "name": "Jhagadia Mega Industrial Estate Grocery #623",
        "type": "grocery",
        "category": "grocery",
        "city": "Jhagadia Mega Industrial Estate",
        "rating": 4.4,
        "footfall": 805,
        "revenue_index": 0.49,
        "value": 0.859
      }
    },
    {
      "type": "Feature",
      "geometry": {
        "type": "Point",
        "coordinates": [
          73.15104,
          21.72467
        ]
      },
      "properties": {
        "name": "Jhagadia Mega Industrial Estate Ev Charging #624",
        "type": "ev_charging",
        "category": "ev_charging",
        "city": "Jhagadia Mega Industrial Estate",
        "rating": 4.8,
        "footfall": 4289,
        "revenue_index": 0.88,
        "value": 0.502
      }
    },
    {
      "type": "Feature",
      "geometry": {
        "type": "Point",
        "coordinates": [
          73.12559,
          21.72003
        ]
      },
      "properties": {
        "name": "Jhagadia Mega Industrial Estate Retail #625",
        "type": "retail",
        "category": "retail",
        "city": "Jhagadia Mega Industrial Estate",
        "rating": 4.4,
        "footfall": 4222,
        "revenue_index": 0.85,
        "value": 0.7
      }
    },
    {
      "type": "Feature",
      "geometry": {
        "type": "Point",
        "coordinates": [
          73.16011,
          21.75188
        ]
      },
      "properties": {
        "name": "Jhagadia Mega Industrial Estate Bank #626",
        "type": "bank",
        "category": "bank",
        "city": "Jhagadia Mega Industrial Estate",
        "rating": 4.6,
        "footfall": 1674,
        "revenue_index": 0.85,
        "value": 0.942
      }
    },
    {
      "type": "Feature",
      "geometry": {
        "type": "Point",
        "coordinates": [
          73.12316,
          21.70898
        ]
      },
      "properties": {
        "name": "Jhagadia Mega Industrial Estate Hotel #627",
        "type": "hotel",
        "category": "hotel",
        "city": "Jhagadia Mega Industrial Estate",
        "rating": 4.9,
        "footfall": 4556,
        "revenue_index": 0.59,
        "value": 0.717
      }
    },
    {
      "type": "Feature",
      "geometry": {
        "type": "Point",
        "coordinates": [
          73.76234,
          21.82906
        ]
      },
      "properties": {
        "name": "Ekta Nagar / Kevadia (Statue of Unity) Gas Station #628",
        "type": "gas_station",
        "category": "gas_station",
        "city": "Ekta Nagar / Kevadia (Statue of Unity)",
        "rating": 4.7,
        "footfall": 3092,
        "revenue_index": 0.91,
        "value": 0.93
      }
    },
    {
      "type": "Feature",
      "geometry": {
        "type": "Point",
        "coordinates": [
          73.71273,
          21.83235
        ]
      },
      "properties": {
        "name": "Ekta Nagar / Kevadia (Statue of Unity) Gas Station #629",
        "type": "gas_station",
        "category": "gas_station",
        "city": "Ekta Nagar / Kevadia (Statue of Unity)",
        "rating": 4.0,
        "footfall": 3166,
        "revenue_index": 0.73,
        "value": 0.795
      }
    },
    {
      "type": "Feature",
      "geometry": {
        "type": "Point",
        "coordinates": [
          73.72461,
          21.8737
        ]
      },
      "properties": {
        "name": "Ekta Nagar / Kevadia (Statue of Unity) Grocery #630",
        "type": "grocery",
        "category": "grocery",
        "city": "Ekta Nagar / Kevadia (Statue of Unity)",
        "rating": 4.3,
        "footfall": 4034,
        "revenue_index": 0.73,
        "value": 0.352
      }
    },
    {
      "type": "Feature",
      "geometry": {
        "type": "Point",
        "coordinates": [
          73.73433,
          21.85006
        ]
      },
      "properties": {
        "name": "Ekta Nagar / Kevadia (Statue of Unity) Hotel #631",
        "type": "hotel",
        "category": "hotel",
        "city": "Ekta Nagar / Kevadia (Statue of Unity)",
        "rating": 3.7,
        "footfall": 2257,
        "revenue_index": 0.7,
        "value": 0.946
      }
    },
    {
      "type": "Feature",
      "geometry": {
        "type": "Point",
        "coordinates": [
          73.72283,
          21.84242
        ]
      },
      "properties": {
        "name": "Ekta Nagar / Kevadia (Statue of Unity) Bank #632",
        "type": "bank",
        "category": "bank",
        "city": "Ekta Nagar / Kevadia (Statue of Unity)",
        "rating": 4.3,
        "footfall": 4250,
        "revenue_index": 0.97,
        "value": 0.447
      }
    },
    {
      "type": "Feature",
      "geometry": {
        "type": "Point",
        "coordinates": [
          73.70255,
          21.85749
        ]
      },
      "properties": {
        "name": "Ekta Nagar / Kevadia (Statue of Unity) Hotel #633",
        "type": "hotel",
        "category": "hotel",
        "city": "Ekta Nagar / Kevadia (Statue of Unity)",
        "rating": 4.4,
        "footfall": 3547,
        "revenue_index": 0.58,
        "value": 0.659
      }
    },
    {
      "type": "Feature",
      "geometry": {
        "type": "Point",
        "coordinates": [
          73.728,
          21.84673
        ]
      },
      "properties": {
        "name": "Ekta Nagar / Kevadia (Statue of Unity) Ev Charging #634",
        "type": "ev_charging",
        "category": "ev_charging",
        "city": "Ekta Nagar / Kevadia (Statue of Unity)",
        "rating": 4.7,
        "footfall": 730,
        "revenue_index": 0.69,
        "value": 0.614
      }
    },
    {
      "type": "Feature",
      "geometry": {
        "type": "Point",
        "coordinates": [
          73.6909,
          21.86058
        ]
      },
      "properties": {
        "name": "Ekta Nagar / Kevadia (Statue of Unity) Retail #635",
        "type": "retail",
        "category": "retail",
        "city": "Ekta Nagar / Kevadia (Statue of Unity)",
        "rating": 3.8,
        "footfall": 2749,
        "revenue_index": 0.74,
        "value": 0.774
      }
    },
    {
      "type": "Feature",
      "geometry": {
        "type": "Point",
        "coordinates": [
          73.48314,
          21.86664
        ]
      },
      "properties": {
        "name": "Rajpipla Heritage Capital Ev Charging #636",
        "type": "ev_charging",
        "category": "ev_charging",
        "city": "Rajpipla Heritage Capital",
        "rating": 4.2,
        "footfall": 4500,
        "revenue_index": 0.47,
        "value": 0.457
      }
    },
    {
      "type": "Feature",
      "geometry": {
        "type": "Point",
        "coordinates": [
          73.53528,
          21.86858
        ]
      },
      "properties": {
        "name": "Rajpipla Heritage Capital Restaurant #637",
        "type": "restaurant",
        "category": "restaurant",
        "city": "Rajpipla Heritage Capital",
        "rating": 4.6,
        "footfall": 1505,
        "revenue_index": 0.56,
        "value": 0.599
      }
    },
    {
      "type": "Feature",
      "geometry": {
        "type": "Point",
        "coordinates": [
          73.62979,
          21.64567
        ]
      },
      "properties": {
        "name": "Dediapada Shoolpaneshwar Wildlife Gateway Retail #638",
        "type": "retail",
        "category": "retail",
        "city": "Dediapada Shoolpaneshwar Wildlife Gateway",
        "rating": 4.1,
        "footfall": 711,
        "revenue_index": 0.87,
        "value": 0.592
      }
    },
    {
      "type": "Feature",
      "geometry": {
        "type": "Point",
        "coordinates": [
          73.5746,
          21.622
        ]
      },
      "properties": {
        "name": "Dediapada Shoolpaneshwar Wildlife Gateway Ev Charging #639",
        "type": "ev_charging",
        "category": "ev_charging",
        "city": "Dediapada Shoolpaneshwar Wildlife Gateway",
        "rating": 4.7,
        "footfall": 2526,
        "revenue_index": 0.66,
        "value": 0.647
      }
    },
    {
      "type": "Feature",
      "geometry": {
        "type": "Point",
        "coordinates": [
          73.60238,
          21.61627
        ]
      },
      "properties": {
        "name": "Dediapada Shoolpaneshwar Wildlife Gateway Bank #640",
        "type": "bank",
        "category": "bank",
        "city": "Dediapada Shoolpaneshwar Wildlife Gateway",
        "rating": 4.1,
        "footfall": 3979,
        "revenue_index": 0.78,
        "value": 0.425
      }
    },
    {
      "type": "Feature",
      "geometry": {
        "type": "Point",
        "coordinates": [
          73.56886,
          21.59319
        ]
      },
      "properties": {
        "name": "Dediapada Shoolpaneshwar Wildlife Gateway Ev Charging #641",
        "type": "ev_charging",
        "category": "ev_charging",
        "city": "Dediapada Shoolpaneshwar Wildlife Gateway",
        "rating": 4.5,
        "footfall": 1563,
        "revenue_index": 0.5,
        "value": 0.385
      }
    },
    {
      "type": "Feature",
      "geometry": {
        "type": "Point",
        "coordinates": [
          72.94299,
          22.57917
        ]
      },
      "properties": {
        "name": "Anand Agri & Amul Dairy Corridor Ev Charging #642",
        "type": "ev_charging",
        "category": "ev_charging",
        "city": "Anand Agri & Amul Dairy Corridor",
        "rating": 4.7,
        "footfall": 3581,
        "revenue_index": 0.49,
        "value": 0.653
      }
    },
    {
      "type": "Feature",
      "geometry": {
        "type": "Point",
        "coordinates": [
          72.92977,
          22.57774
        ]
      },
      "properties": {
        "name": "Anand Agri & Amul Dairy Corridor Retail #643",
        "type": "retail",
        "category": "retail",
        "city": "Anand Agri & Amul Dairy Corridor",
        "rating": 4.9,
        "footfall": 4681,
        "revenue_index": 0.86,
        "value": 0.912
      }
    },
    {
      "type": "Feature",
      "geometry": {
        "type": "Point",
        "coordinates": [
          72.96395,
          22.58604
        ]
      },
      "properties": {
        "name": "Anand Agri & Amul Dairy Corridor Bank #644",
        "type": "bank",
        "category": "bank",
        "city": "Anand Agri & Amul Dairy Corridor",
        "rating": 4.6,
        "footfall": 1321,
        "revenue_index": 0.78,
        "value": 0.895
      }
    },
    {
      "type": "Feature",
      "geometry": {
        "type": "Point",
        "coordinates": [
          72.9208,
          22.55046
        ]
      },
      "properties": {
        "name": "Anand Agri & Amul Dairy Corridor Hotel #645",
        "type": "hotel",
        "category": "hotel",
        "city": "Anand Agri & Amul Dairy Corridor",
        "rating": 4.0,
        "footfall": 940,
        "revenue_index": 0.57,
        "value": 0.356
      }
    },
    {
      "type": "Feature",
      "geometry": {
        "type": "Point",
        "coordinates": [
          72.90876,
          22.57608
        ]
      },
      "properties": {
        "name": "Vallabh Vidyanagar Educational Hub Grocery #646",
        "type": "grocery",
        "category": "grocery",
        "city": "Vallabh Vidyanagar Educational Hub",
        "rating": 4.7,
        "footfall": 1011,
        "revenue_index": 0.88,
        "value": 0.549
      }
    },
    {
      "type": "Feature",
      "geometry": {
        "type": "Point",
        "coordinates": [
          72.93539,
          22.55442
        ]
      },
      "properties": {
        "name": "Vallabh Vidyanagar Educational Hub Ev Charging #647",
        "type": "ev_charging",
        "category": "ev_charging",
        "city": "Vallabh Vidyanagar Educational Hub",
        "rating": 4.8,
        "footfall": 3488,
        "revenue_index": 0.7,
        "value": 0.58
      }
    },
    {
      "type": "Feature",
      "geometry": {
        "type": "Point",
        "coordinates": [
          72.90288,
          22.56038
        ]
      },
      "properties": {
        "name": "Vallabh Vidyanagar Educational Hub Gas Station #648",
        "type": "gas_station",
        "category": "gas_station",
        "city": "Vallabh Vidyanagar Educational Hub",
        "rating": 4.5,
        "footfall": 3711,
        "revenue_index": 0.83,
        "value": 0.504
      }
    },
    {
      "type": "Feature",
      "geometry": {
        "type": "Point",
        "coordinates": [
          72.88915,
          22.53471
        ]
      },
      "properties": {
        "name": "Vallabh Vidyanagar Educational Hub Hotel #649",
        "type": "hotel",
        "category": "hotel",
        "city": "Vallabh Vidyanagar Educational Hub",
        "rating": 4.0,
        "footfall": 2938,
        "revenue_index": 0.74,
        "value": 0.409
      }
    },
    {
      "type": "Feature",
      "geometry": {
        "type": "Point",
        "coordinates": [
          72.95326,
          22.53905
        ]
      },
      "properties": {
        "name": "Vallabh Vidyanagar Educational Hub Hotel #650",
        "type": "hotel",
        "category": "hotel",
        "city": "Vallabh Vidyanagar Educational Hub",
        "rating": 4.0,
        "footfall": 4485,
        "revenue_index": 0.67,
        "value": 0.834
      }
    },
    {
      "type": "Feature",
      "geometry": {
        "type": "Point",
        "coordinates": [
          72.94159,
          22.56397
        ]
      },
      "properties": {
        "name": "Vallabh Vidyanagar Educational Hub Hotel #651",
        "type": "hotel",
        "category": "hotel",
        "city": "Vallabh Vidyanagar Educational Hub",
        "rating": 4.4,
        "footfall": 3877,
        "revenue_index": 0.9,
        "value": 0.427
      }
    },
    {
      "type": "Feature",
      "geometry": {
        "type": "Point",
        "coordinates": [
          72.9279,
          22.53241
        ]
      },
      "properties": {
        "name": "Vallabh Vidyanagar Educational Hub Ev Charging #652",
        "type": "ev_charging",
        "category": "ev_charging",
        "city": "Vallabh Vidyanagar Educational Hub",
        "rating": 4.6,
        "footfall": 1310,
        "revenue_index": 0.52,
        "value": 0.835
      }
    },
    {
      "type": "Feature",
      "geometry": {
        "type": "Point",
        "coordinates": [
          72.90282,
          22.58211
        ]
      },
      "properties": {
        "name": "Vallabh Vidyanagar Educational Hub Ev Charging #653",
        "type": "ev_charging",
        "category": "ev_charging",
        "city": "Vallabh Vidyanagar Educational Hub",
        "rating": 4.6,
        "footfall": 1497,
        "revenue_index": 0.57,
        "value": 0.584
      }
    },
    {
      "type": "Feature",
      "geometry": {
        "type": "Point",
        "coordinates": [
          72.89083,
          22.52988
        ]
      },
      "properties": {
        "name": "Karamsad Sardar Patel Heritage Town Ev Charging #654",
        "type": "ev_charging",
        "category": "ev_charging",
        "city": "Karamsad Sardar Patel Heritage Town",
        "rating": 4.1,
        "footfall": 1667,
        "revenue_index": 0.65,
        "value": 0.941
      }
    },
    {
      "type": "Feature",
      "geometry": {
        "type": "Point",
        "coordinates": [
          72.90654,
          22.57163
        ]
      },
      "properties": {
        "name": "Karamsad Sardar Patel Heritage Town Grocery #655",
        "type": "grocery",
        "category": "grocery",
        "city": "Karamsad Sardar Patel Heritage Town",
        "rating": 4.2,
        "footfall": 2260,
        "revenue_index": 0.84,
        "value": 0.362
      }
    },
    {
      "type": "Feature",
      "geometry": {
        "type": "Point",
        "coordinates": [
          72.91381,
          22.54397
        ]
      },
      "properties": {
        "name": "Karamsad Sardar Patel Heritage Town Hotel #656",
        "type": "hotel",
        "category": "hotel",
        "city": "Karamsad Sardar Patel Heritage Town",
        "rating": 4.6,
        "footfall": 3429,
        "revenue_index": 0.86,
        "value": 0.616
      }
    },
    {
      "type": "Feature",
      "geometry": {
        "type": "Point",
        "coordinates": [
          72.90163,
          22.53785
        ]
      },
      "properties": {
        "name": "Karamsad Sardar Patel Heritage Town Ev Charging #657",
        "type": "ev_charging",
        "category": "ev_charging",
        "city": "Karamsad Sardar Patel Heritage Town",
        "rating": 3.7,
        "footfall": 1233,
        "revenue_index": 0.46,
        "value": 0.478
      }
    },
    {
      "type": "Feature",
      "geometry": {
        "type": "Point",
        "coordinates": [
          72.60232,
          22.32358
        ]
      },
      "properties": {
        "name": "Khambhat (Cambay) Port & Agate Stone Ev Charging #658",
        "type": "ev_charging",
        "category": "ev_charging",
        "city": "Khambhat (Cambay) Port & Agate Stone",
        "rating": 4.1,
        "footfall": 2559,
        "revenue_index": 0.85,
        "value": 0.653
      }
    },
    {
      "type": "Feature",
      "geometry": {
        "type": "Point",
        "coordinates": [
          72.61905,
          22.34256
        ]
      },
      "properties": {
        "name": "Khambhat (Cambay) Port & Agate Stone Gas Station #659",
        "type": "gas_station",
        "category": "gas_station",
        "city": "Khambhat (Cambay) Port & Agate Stone",
        "rating": 4.5,
        "footfall": 901,
        "revenue_index": 0.56,
        "value": 0.657
      }
    },
    {
      "type": "Feature",
      "geometry": {
        "type": "Point",
        "coordinates": [
          72.63294,
          22.31053
        ]
      },
      "properties": {
        "name": "Khambhat (Cambay) Port & Agate Stone Retail #660",
        "type": "retail",
        "category": "retail",
        "city": "Khambhat (Cambay) Port & Agate Stone",
        "rating": 4.6,
        "footfall": 4023,
        "revenue_index": 0.61,
        "value": 0.396
      }
    },
    {
      "type": "Feature",
      "geometry": {
        "type": "Point",
        "coordinates": [
          72.65245,
          22.30489
        ]
      },
      "properties": {
        "name": "Khambhat (Cambay) Port & Agate Stone Bank #661",
        "type": "bank",
        "category": "bank",
        "city": "Khambhat (Cambay) Port & Agate Stone",
        "rating": 4.2,
        "footfall": 1883,
        "revenue_index": 0.65,
        "value": 0.452
      }
    },
    {
      "type": "Feature",
      "geometry": {
        "type": "Point",
        "coordinates": [
          72.81293,
          22.4763
        ]
      },
      "properties": {
        "name": "Petlad Textile & Tobacco Trade Node Hotel #662",
        "type": "hotel",
        "category": "hotel",
        "city": "Petlad Textile & Tobacco Trade Node",
        "rating": 4.1,
        "footfall": 4726,
        "revenue_index": 0.66,
        "value": 0.443
      }
    },
    {
      "type": "Feature",
      "geometry": {
        "type": "Point",
        "coordinates": [
          72.8069,
          22.44999
        ]
      },
      "properties": {
        "name": "Petlad Textile & Tobacco Trade Node Hotel #663",
        "type": "hotel",
        "category": "hotel",
        "city": "Petlad Textile & Tobacco Trade Node",
        "rating": 4.0,
        "footfall": 774,
        "revenue_index": 0.69,
        "value": 0.62
      }
    },
    {
      "type": "Feature",
      "geometry": {
        "type": "Point",
        "coordinates": [
          72.81469,
          22.4818
        ]
      },
      "properties": {
        "name": "Petlad Textile & Tobacco Trade Node Gas Station #664",
        "type": "gas_station",
        "category": "gas_station",
        "city": "Petlad Textile & Tobacco Trade Node",
        "rating": 4.5,
        "footfall": 1578,
        "revenue_index": 0.7,
        "value": 0.393
      }
    },
    {
      "type": "Feature",
      "geometry": {
        "type": "Point",
        "coordinates": [
          72.78859,
          22.47622
        ]
      },
      "properties": {
        "name": "Petlad Textile & Tobacco Trade Node Ev Charging #665",
        "type": "ev_charging",
        "category": "ev_charging",
        "city": "Petlad Textile & Tobacco Trade Node",
        "rating": 3.9,
        "footfall": 4893,
        "revenue_index": 0.96,
        "value": 0.603
      }
    },
    {
      "type": "Feature",
      "geometry": {
        "type": "Point",
        "coordinates": [
          72.90554,
          22.40101
        ]
      },
      "properties": {
        "name": "Borsad Historical Town & Tobacco Hub Grocery #666",
        "type": "grocery",
        "category": "grocery",
        "city": "Borsad Historical Town & Tobacco Hub",
        "rating": 3.8,
        "footfall": 4733,
        "revenue_index": 0.68,
        "value": 0.667
      }
    },
    {
      "type": "Feature",
      "geometry": {
        "type": "Point",
        "coordinates": [
          72.90118,
          22.40304
        ]
      },
      "properties": {
        "name": "Borsad Historical Town & Tobacco Hub Bank #667",
        "type": "bank",
        "category": "bank",
        "city": "Borsad Historical Town & Tobacco Hub",
        "rating": 4.5,
        "footfall": 2556,
        "revenue_index": 0.72,
        "value": 0.94
      }
    },
    {
      "type": "Feature",
      "geometry": {
        "type": "Point",
        "coordinates": [
          72.89905,
          22.43206
        ]
      },
      "properties": {
        "name": "Borsad Historical Town & Tobacco Hub Restaurant #668",
        "type": "restaurant",
        "category": "restaurant",
        "city": "Borsad Historical Town & Tobacco Hub",
        "rating": 3.8,
        "footfall": 3141,
        "revenue_index": 0.86,
        "value": 0.84
      }
    },
    {
      "type": "Feature",
      "geometry": {
        "type": "Point",
        "coordinates": [
          72.91677,
          22.40905
        ]
      },
      "properties": {
        "name": "Borsad Historical Town & Tobacco Hub Retail #669",
        "type": "retail",
        "category": "retail",
        "city": "Borsad Historical Town & Tobacco Hub",
        "rating": 4.5,
        "footfall": 1586,
        "revenue_index": 0.7,
        "value": 0.714
      }
    },
    {
      "type": "Feature",
      "geometry": {
        "type": "Point",
        "coordinates": [
          73.07798,
          22.6981
        ]
      },
      "properties": {
        "name": "Umreth Commercial Trading Town Ev Charging #670",
        "type": "ev_charging",
        "category": "ev_charging",
        "city": "Umreth Commercial Trading Town",
        "rating": 4.4,
        "footfall": 4081,
        "revenue_index": 0.68,
        "value": 0.512
      }
    },
    {
      "type": "Feature",
      "geometry": {
        "type": "Point",
        "coordinates": [
          73.12071,
          22.71184
        ]
      },
      "properties": {
        "name": "Umreth Commercial Trading Town Bank #671",
        "type": "bank",
        "category": "bank",
        "city": "Umreth Commercial Trading Town",
        "rating": 4.6,
        "footfall": 3770,
        "revenue_index": 0.69,
        "value": 0.814
      }
    },
    {
      "type": "Feature",
      "geometry": {
        "type": "Point",
        "coordinates": [
          73.11996,
          22.66647
        ]
      },
      "properties": {
        "name": "Umreth Commercial Trading Town Gas Station #672",
        "type": "gas_station",
        "category": "gas_station",
        "city": "Umreth Commercial Trading Town",
        "rating": 4.5,
        "footfall": 3220,
        "revenue_index": 0.58,
        "value": 0.625
      }
    },
    {
      "type": "Feature",
      "geometry": {
        "type": "Point",
        "coordinates": [
          73.133,
          22.72282
        ]
      },
      "properties": {
        "name": "Umreth Commercial Trading Town Retail #673",
        "type": "retail",
        "category": "retail",
        "city": "Umreth Commercial Trading Town",
        "rating": 3.9,
        "footfall": 4716,
        "revenue_index": 0.59,
        "value": 0.882
      }
    },
    {
      "type": "Feature",
      "geometry": {
        "type": "Point",
        "coordinates": [
          72.86906,
          22.65597
        ]
      },
      "properties": {
        "name": "Nadiad Central & Santram Mandir Bank #674",
        "type": "bank",
        "category": "bank",
        "city": "Nadiad Central & Santram Mandir",
        "rating": 4.7,
        "footfall": 4130,
        "revenue_index": 0.84,
        "value": 0.464
      }
    },
    {
      "type": "Feature",
      "geometry": {
        "type": "Point",
        "coordinates": [
          72.85085,
          22.68833
        ]
      },
      "properties": {
        "name": "Nadiad Central & Santram Mandir Bank #675",
        "type": "bank",
        "category": "bank",
        "city": "Nadiad Central & Santram Mandir",
        "rating": 3.8,
        "footfall": 1246,
        "revenue_index": 0.51,
        "value": 0.397
      }
    },
    {
      "type": "Feature",
      "geometry": {
        "type": "Point",
        "coordinates": [
          72.86751,
          22.67474
        ]
      },
      "properties": {
        "name": "Nadiad Central & Santram Mandir Gas Station #676",
        "type": "gas_station",
        "category": "gas_station",
        "city": "Nadiad Central & Santram Mandir",
        "rating": 4.2,
        "footfall": 1388,
        "revenue_index": 0.96,
        "value": 0.417
      }
    },
    {
      "type": "Feature",
      "geometry": {
        "type": "Point",
        "coordinates": [
          72.89293,
          22.70786
        ]
      },
      "properties": {
        "name": "Nadiad Central & Santram Mandir Restaurant #677",
        "type": "restaurant",
        "category": "restaurant",
        "city": "Nadiad Central & Santram Mandir",
        "rating": 4.4,
        "footfall": 4849,
        "revenue_index": 0.65,
        "value": 0.532
      }
    },
    {
      "type": "Feature",
      "geometry": {
        "type": "Point",
        "coordinates": [
          73.13432,
          22.76382
        ]
      },
      "properties": {
        "name": "Dakor Ranchhodraiji Sacred Temple Grocery #678",
        "type": "grocery",
        "category": "grocery",
        "city": "Dakor Ranchhodraiji Sacred Temple",
        "rating": 3.9,
        "footfall": 3470,
        "revenue_index": 0.54,
        "value": 0.415
      }
    },
    {
      "type": "Feature",
      "geometry": {
        "type": "Point",
        "coordinates": [
          73.1607,
          22.73568
        ]
      },
      "properties": {
        "name": "Dakor Ranchhodraiji Sacred Temple Restaurant #679",
        "type": "restaurant",
        "category": "restaurant",
        "city": "Dakor Ranchhodraiji Sacred Temple",
        "rating": 4.4,
        "footfall": 1867,
        "revenue_index": 0.55,
        "value": 0.916
      }
    },
    {
      "type": "Feature",
      "geometry": {
        "type": "Point",
        "coordinates": [
          73.10221,
          22.75414
        ]
      },
      "properties": {
        "name": "Dakor Ranchhodraiji Sacred Temple Grocery #680",
        "type": "grocery",
        "category": "grocery",
        "city": "Dakor Ranchhodraiji Sacred Temple",
        "rating": 4.6,
        "footfall": 513,
        "revenue_index": 0.5,
        "value": 0.967
      }
    },
    {
      "type": "Feature",
      "geometry": {
        "type": "Point",
        "coordinates": [
          73.17684,
          22.75248
        ]
      },
      "properties": {
        "name": "Dakor Ranchhodraiji Sacred Temple Ev Charging #681",
        "type": "ev_charging",
        "category": "ev_charging",
        "city": "Dakor Ranchhodraiji Sacred Temple",
        "rating": 4.2,
        "footfall": 1034,
        "revenue_index": 0.48,
        "value": 0.694
      }
    },
    {
      "type": "Feature",
      "geometry": {
        "type": "Point",
        "coordinates": [
          73.13553,
          22.76727
        ]
      },
      "properties": {
        "name": "Dakor Ranchhodraiji Sacred Temple Hotel #682",
        "type": "hotel",
        "category": "hotel",
        "city": "Dakor Ranchhodraiji Sacred Temple",
        "rating": 3.6,
        "footfall": 2169,
        "revenue_index": 0.88,
        "value": 0.401
      }
    },
    {
      "type": "Feature",
      "geometry": {
        "type": "Point",
        "coordinates": [
          73.14102,
          22.77098
        ]
      },
      "properties": {
        "name": "Dakor Ranchhodraiji Sacred Temple Hotel #683",
        "type": "hotel",
        "category": "hotel",
        "city": "Dakor Ranchhodraiji Sacred Temple",
        "rating": 3.7,
        "footfall": 3205,
        "revenue_index": 0.81,
        "value": 0.943
      }
    },
    {
      "type": "Feature",
      "geometry": {
        "type": "Point",
        "coordinates": [
          73.16261,
          22.75192
        ]
      },
      "properties": {
        "name": "Dakor Ranchhodraiji Sacred Temple Restaurant #684",
        "type": "restaurant",
        "category": "restaurant",
        "city": "Dakor Ranchhodraiji Sacred Temple",
        "rating": 4.1,
        "footfall": 4158,
        "revenue_index": 0.55,
        "value": 0.928
      }
    },
    {
      "type": "Feature",
      "geometry": {
        "type": "Point",
        "coordinates": [
          73.15961,
          22.74594
        ]
      },
      "properties": {
        "name": "Dakor Ranchhodraiji Sacred Temple Retail #685",
        "type": "retail",
        "category": "retail",
        "city": "Dakor Ranchhodraiji Sacred Temple",
        "rating": 4.7,
        "footfall": 4009,
        "revenue_index": 0.53,
        "value": 0.526
      }
    },
    {
      "type": "Feature",
      "geometry": {
        "type": "Point",
        "coordinates": [
          73.08554,
          22.98134
        ]
      },
      "properties": {
        "name": "Kapadvanj Historic Glass & Soap Center Grocery #686",
        "type": "grocery",
        "category": "grocery",
        "city": "Kapadvanj Historic Glass & Soap Center",
        "rating": 3.6,
        "footfall": 2221,
        "revenue_index": 0.96,
        "value": 0.37
      }
    },
    {
      "type": "Feature",
      "geometry": {
        "type": "Point",
        "coordinates": [
          73.09382,
          22.99073
        ]
      },
      "properties": {
        "name": "Kapadvanj Historic Glass & Soap Center Ev Charging #687",
        "type": "ev_charging",
        "category": "ev_charging",
        "city": "Kapadvanj Historic Glass & Soap Center",
        "rating": 3.7,
        "footfall": 3265,
        "revenue_index": 0.78,
        "value": 0.736
      }
    },
    {
      "type": "Feature",
      "geometry": {
        "type": "Point",
        "coordinates": [
          73.06863,
          23.03496
        ]
      },
      "properties": {
        "name": "Kapadvanj Historic Glass & Soap Center Bank #688",
        "type": "bank",
        "category": "bank",
        "city": "Kapadvanj Historic Glass & Soap Center",
        "rating": 4.4,
        "footfall": 2242,
        "revenue_index": 0.52,
        "value": 0.791
      }
    },
    {
      "type": "Feature",
      "geometry": {
        "type": "Point",
        "coordinates": [
          73.06886,
          23.03923
        ]
      },
      "properties": {
        "name": "Kapadvanj Historic Glass & Soap Center Grocery #689",
        "type": "grocery",
        "category": "grocery",
        "city": "Kapadvanj Historic Glass & Soap Center",
        "rating": 4.7,
        "footfall": 1711,
        "revenue_index": 0.92,
        "value": 0.424
      }
    },
    {
      "type": "Feature",
      "geometry": {
        "type": "Point",
        "coordinates": [
          72.69595,
          22.73816
        ]
      },
      "properties": {
        "name": "Kheda Historic Riverfront Town Retail #690",
        "type": "retail",
        "category": "retail",
        "city": "Kheda Historic Riverfront Town",
        "rating": 4.0,
        "footfall": 5013,
        "revenue_index": 0.88,
        "value": 0.387
      }
    },
    {
      "type": "Feature",
      "geometry": {
        "type": "Point",
        "coordinates": [
          72.66006,
          22.76273
        ]
      },
      "properties": {
        "name": "Kheda Historic Riverfront Town Gas Station #691",
        "type": "gas_station",
        "category": "gas_station",
        "city": "Kheda Historic Riverfront Town",
        "rating": 4.1,
        "footfall": 3112,
        "revenue_index": 0.89,
        "value": 0.636
      }
    },
    {
      "type": "Feature",
      "geometry": {
        "type": "Point",
        "coordinates": [
          72.70726,
          22.76193
        ]
      },
      "properties": {
        "name": "Kheda Historic Riverfront Town Ev Charging #692",
        "type": "ev_charging",
        "category": "ev_charging",
        "city": "Kheda Historic Riverfront Town",
        "rating": 4.9,
        "footfall": 4407,
        "revenue_index": 0.59,
        "value": 0.822
      }
    },
    {
      "type": "Feature",
      "geometry": {
        "type": "Point",
        "coordinates": [
          72.68202,
          22.74545
        ]
      },
      "properties": {
        "name": "Kheda Historic Riverfront Town Bank #693",
        "type": "bank",
        "category": "bank",
        "city": "Kheda Historic Riverfront Town",
        "rating": 3.6,
        "footfall": 4873,
        "revenue_index": 0.68,
        "value": 0.864
      }
    },
    {
      "type": "Feature",
      "geometry": {
        "type": "Point",
        "coordinates": [
          73.62602,
          22.75751
        ]
      },
      "properties": {
        "name": "Godhra Central & Station Road Ev Charging #694",
        "type": "ev_charging",
        "category": "ev_charging",
        "city": "Godhra Central & Station Road",
        "rating": 4.6,
        "footfall": 577,
        "revenue_index": 0.54,
        "value": 0.694
      }
    },
    {
      "type": "Feature",
      "geometry": {
        "type": "Point",
        "coordinates": [
          73.5773,
          22.75533
        ]
      },
      "properties": {
        "name": "Godhra Central & Station Road Grocery #695",
        "type": "grocery",
        "category": "grocery",
        "city": "Godhra Central & Station Road",
        "rating": 4.8,
        "footfall": 1807,
        "revenue_index": 0.77,
        "value": 0.455
      }
    },
    {
      "type": "Feature",
      "geometry": {
        "type": "Point",
        "coordinates": [
          73.57313,
          22.78107
        ]
      },
      "properties": {
        "name": "Godhra Central & Station Road Hotel #696",
        "type": "hotel",
        "category": "hotel",
        "city": "Godhra Central & Station Road",
        "rating": 4.7,
        "footfall": 2851,
        "revenue_index": 0.92,
        "value": 0.5
      }
    },
    {
      "type": "Feature",
      "geometry": {
        "type": "Point",
        "coordinates": [
          73.61804,
          22.78976
        ]
      },
      "properties": {
        "name": "Godhra Central & Station Road Grocery #697",
        "type": "grocery",
        "category": "grocery",
        "city": "Godhra Central & Station Road",
        "rating": 4.8,
        "footfall": 5190,
        "revenue_index": 0.57,
        "value": 0.916
      }
    },
    {
      "type": "Feature",
      "geometry": {
        "type": "Point",
        "coordinates": [
          73.48047,
          22.49311
        ]
      },
      "properties": {
        "name": "Halol Mega Industrial Corridor Restaurant #698",
        "type": "restaurant",
        "category": "restaurant",
        "city": "Halol Mega Industrial Corridor",
        "rating": 3.8,
        "footfall": 1774,
        "revenue_index": 0.58,
        "value": 0.392
      }
    },
    {
      "type": "Feature",
      "geometry": {
        "type": "Point",
        "coordinates": [
          73.48443,
          22.50919
        ]
      },
      "properties": {
        "name": "Halol Mega Industrial Corridor Bank #699",
        "type": "bank",
        "category": "bank",
        "city": "Halol Mega Industrial Corridor",
        "rating": 4.6,
        "footfall": 3218,
        "revenue_index": 0.9,
        "value": 0.387
      }
    },
    {
      "type": "Feature",
      "geometry": {
        "type": "Point",
        "coordinates": [
          73.45047,
          22.48034
        ]
      },
      "properties": {
        "name": "Halol Mega Industrial Corridor Ev Charging #700",
        "type": "ev_charging",
        "category": "ev_charging",
        "city": "Halol Mega Industrial Corridor",
        "rating": 4.0,
        "footfall": 673,
        "revenue_index": 0.57,
        "value": 0.605
      }
    },
    {
      "type": "Feature",
      "geometry": {
        "type": "Point",
        "coordinates": [
          73.46939,
          22.47903
        ]
      },
      "properties": {
        "name": "Halol Mega Industrial Corridor Grocery #701",
        "type": "grocery",
        "category": "grocery",
        "city": "Halol Mega Industrial Corridor",
        "rating": 4.0,
        "footfall": 2105,
        "revenue_index": 0.78,
        "value": 0.826
      }
    },
    {
      "type": "Feature",
      "geometry": {
        "type": "Point",
        "coordinates": [
          73.50587,
          22.50092
        ]
      },
      "properties": {
        "name": "Halol Mega Industrial Corridor Ev Charging #702",
        "type": "ev_charging",
        "category": "ev_charging",
        "city": "Halol Mega Industrial Corridor",
        "rating": 4.7,
        "footfall": 3628,
        "revenue_index": 0.94,
        "value": 0.723
      }
    },
    {
      "type": "Feature",
      "geometry": {
        "type": "Point",
        "coordinates": [
          73.49402,
          22.52025
        ]
      },
      "properties": {
        "name": "Halol Mega Industrial Corridor Retail #703",
        "type": "retail",
        "category": "retail",
        "city": "Halol Mega Industrial Corridor",
        "rating": 4.1,
        "footfall": 4810,
        "revenue_index": 0.98,
        "value": 0.495
      }
    },
    {
      "type": "Feature",
      "geometry": {
        "type": "Point",
        "coordinates": [
          73.56062,
          22.48783
        ]
      },
      "properties": {
        "name": "Pavagadh Mahakali Shrine & Champaner Ev Charging #704",
        "type": "ev_charging",
        "category": "ev_charging",
        "city": "Pavagadh Mahakali Shrine & Champaner",
        "rating": 4.6,
        "footfall": 1141,
        "revenue_index": 0.54,
        "value": 0.715
      }
    },
    {
      "type": "Feature",
      "geometry": {
        "type": "Point",
        "coordinates": [
          73.53564,
          22.44571
        ]
      },
      "properties": {
        "name": "Pavagadh Mahakali Shrine & Champaner Grocery #705",
        "type": "grocery",
        "category": "grocery",
        "city": "Pavagadh Mahakali Shrine & Champaner",
        "rating": 4.1,
        "footfall": 1496,
        "revenue_index": 0.95,
        "value": 0.424
      }
    },
    {
      "type": "Feature",
      "geometry": {
        "type": "Point",
        "coordinates": [
          73.55092,
          22.46088
        ]
      },
      "properties": {
        "name": "Pavagadh Mahakali Shrine & Champaner Restaurant #706",
        "type": "restaurant",
        "category": "restaurant",
        "city": "Pavagadh Mahakali Shrine & Champaner",
        "rating": 3.7,
        "footfall": 4166,
        "revenue_index": 0.61,
        "value": 0.584
      }
    },
    {
      "type": "Feature",
      "geometry": {
        "type": "Point",
        "coordinates": [
          73.56198,
          22.47874
        ]
      },
      "properties": {
        "name": "Pavagadh Mahakali Shrine & Champaner Gas Station #707",
        "type": "gas_station",
        "category": "gas_station",
        "city": "Pavagadh Mahakali Shrine & Champaner",
        "rating": 3.8,
        "footfall": 2597,
        "revenue_index": 0.79,
        "value": 0.707
      }
    },
    {
      "type": "Feature",
      "geometry": {
        "type": "Point",
        "coordinates": [
          73.52034,
          22.47256
        ]
      },
      "properties": {
        "name": "Pavagadh Mahakali Shrine & Champaner Hotel #708",
        "type": "hotel",
        "category": "hotel",
        "city": "Pavagadh Mahakali Shrine & Champaner",
        "rating": 3.7,
        "footfall": 1484,
        "revenue_index": 0.55,
        "value": 0.631
      }
    },
    {
      "type": "Feature",
      "geometry": {
        "type": "Point",
        "coordinates": [
          73.52062,
          22.45736
        ]
      },
      "properties": {
        "name": "Pavagadh Mahakali Shrine & Champaner Ev Charging #709",
        "type": "ev_charging",
        "category": "ev_charging",
        "city": "Pavagadh Mahakali Shrine & Champaner",
        "rating": 3.9,
        "footfall": 3683,
        "revenue_index": 0.52,
        "value": 0.617
      }
    },
    {
      "type": "Feature",
      "geometry": {
        "type": "Point",
        "coordinates": [
          73.52383,
          22.47784
        ]
      },
      "properties": {
        "name": "Pavagadh Mahakali Shrine & Champaner Restaurant #710",
        "type": "restaurant",
        "category": "restaurant",
        "city": "Pavagadh Mahakali Shrine & Champaner",
        "rating": 4.5,
        "footfall": 4567,
        "revenue_index": 0.78,
        "value": 0.601
      }
    },
    {
      "type": "Feature",
      "geometry": {
        "type": "Point",
        "coordinates": [
          73.55497,
          22.43445
        ]
      },
      "properties": {
        "name": "Pavagadh Mahakali Shrine & Champaner Restaurant #711",
        "type": "restaurant",
        "category": "restaurant",
        "city": "Pavagadh Mahakali Shrine & Champaner",
        "rating": 4.5,
        "footfall": 3887,
        "revenue_index": 0.51,
        "value": 0.859
      }
    },
    {
      "type": "Feature",
      "geometry": {
        "type": "Point",
        "coordinates": [
          73.45379,
          22.60547
        ]
      },
      "properties": {
        "name": "Kalol Industrial Town Grocery #712",
        "type": "grocery",
        "category": "grocery",
        "city": "Kalol Industrial Town",
        "rating": 3.8,
        "footfall": 4766,
        "revenue_index": 0.93,
        "value": 0.549
      }
    },
    {
      "type": "Feature",
      "geometry": {
        "type": "Point",
        "coordinates": [
          73.45673,
          22.61031
        ]
      },
      "properties": {
        "name": "Kalol Industrial Town Restaurant #713",
        "type": "restaurant",
        "category": "restaurant",
        "city": "Kalol Industrial Town",
        "rating": 4.5,
        "footfall": 914,
        "revenue_index": 0.64,
        "value": 0.495
      }
    },
    {
      "type": "Feature",
      "geometry": {
        "type": "Point",
        "coordinates": [
          73.45412,
          22.60285
        ]
      },
      "properties": {
        "name": "Kalol Industrial Town Retail #714",
        "type": "retail",
        "category": "retail",
        "city": "Kalol Industrial Town",
        "rating": 4.0,
        "footfall": 1543,
        "revenue_index": 0.5,
        "value": 0.753
      }
    },
    {
      "type": "Feature",
      "geometry": {
        "type": "Point",
        "coordinates": [
          73.48026,
          22.59602
        ]
      },
      "properties": {
        "name": "Kalol Industrial Town Retail #715",
        "type": "retail",
        "category": "retail",
        "city": "Kalol Industrial Town",
        "rating": 4.3,
        "footfall": 4017,
        "revenue_index": 0.71,
        "value": 0.723
      }
    },
    {
      "type": "Feature",
      "geometry": {
        "type": "Point",
        "coordinates": [
          73.43756,
          22.59522
        ]
      },
      "properties": {
        "name": "Kalol Industrial Town Grocery #716",
        "type": "grocery",
        "category": "grocery",
        "city": "Kalol Industrial Town",
        "rating": 4.9,
        "footfall": 3466,
        "revenue_index": 0.82,
        "value": 0.508
      }
    },
    {
      "type": "Feature",
      "geometry": {
        "type": "Point",
        "coordinates": [
          73.48971,
          22.63887
        ]
      },
      "properties": {
        "name": "Kalol Industrial Town Grocery #717",
        "type": "grocery",
        "category": "grocery",
        "city": "Kalol Industrial Town",
        "rating": 4.3,
        "footfall": 2483,
        "revenue_index": 0.78,
        "value": 0.776
      }
    },
    {
      "type": "Feature",
      "geometry": {
        "type": "Point",
        "coordinates": [
          74.23046,
          22.83043
        ]
      },
      "properties": {
        "name": "Dahod Central Smart City Hub Retail #718",
        "type": "retail",
        "category": "retail",
        "city": "Dahod Central Smart City Hub",
        "rating": 4.4,
        "footfall": 460,
        "revenue_index": 0.61,
        "value": 0.692
      }
    },
    {
      "type": "Feature",
      "geometry": {
        "type": "Point",
        "coordinates": [
          74.25455,
          22.8183
        ]
      },
      "properties": {
        "name": "Dahod Central Smart City Hub Bank #719",
        "type": "bank",
        "category": "bank",
        "city": "Dahod Central Smart City Hub",
        "rating": 4.1,
        "footfall": 5106,
        "revenue_index": 0.56,
        "value": 0.482
      }
    },
    {
      "type": "Feature",
      "geometry": {
        "type": "Point",
        "coordinates": [
          74.26642,
          22.83846
        ]
      },
      "properties": {
        "name": "Dahod Central Smart City Hub Grocery #720",
        "type": "grocery",
        "category": "grocery",
        "city": "Dahod Central Smart City Hub",
        "rating": 4.9,
        "footfall": 3922,
        "revenue_index": 0.64,
        "value": 0.576
      }
    },
    {
      "type": "Feature",
      "geometry": {
        "type": "Point",
        "coordinates": [
          74.24802,
          22.83165
        ]
      },
      "properties": {
        "name": "Dahod Central Smart City Hub Ev Charging #721",
        "type": "ev_charging",
        "category": "ev_charging",
        "city": "Dahod Central Smart City Hub",
        "rating": 4.2,
        "footfall": 4847,
        "revenue_index": 0.8,
        "value": 0.955
      }
    },
    {
      "type": "Feature",
      "geometry": {
        "type": "Point",
        "coordinates": [
          74.30014,
          22.83916
        ]
      },
      "properties": {
        "name": "Dahod Electric Locomotive Works Ev Charging #722",
        "type": "ev_charging",
        "category": "ev_charging",
        "city": "Dahod Electric Locomotive Works",
        "rating": 4.4,
        "footfall": 3343,
        "revenue_index": 0.84,
        "value": 0.684
      }
    },
    {
      "type": "Feature",
      "geometry": {
        "type": "Point",
        "coordinates": [
          74.23861,
          22.85576
        ]
      },
      "properties": {
        "name": "Dahod Electric Locomotive Works Hotel #723",
        "type": "hotel",
        "category": "hotel",
        "city": "Dahod Electric Locomotive Works",
        "rating": 4.0,
        "footfall": 3981,
        "revenue_index": 0.83,
        "value": 0.651
      }
    },
    {
      "type": "Feature",
      "geometry": {
        "type": "Point",
        "coordinates": [
          74.2673,
          22.83516
        ]
      },
      "properties": {
        "name": "Dahod Electric Locomotive Works Bank #724",
        "type": "bank",
        "category": "bank",
        "city": "Dahod Electric Locomotive Works",
        "rating": 4.3,
        "footfall": 3659,
        "revenue_index": 0.71,
        "value": 0.765
      }
    },
    {
      "type": "Feature",
      "geometry": {
        "type": "Point",
        "coordinates": [
          74.24181,
          22.84808
        ]
      },
      "properties": {
        "name": "Dahod Electric Locomotive Works Restaurant #725",
        "type": "restaurant",
        "category": "restaurant",
        "city": "Dahod Electric Locomotive Works",
        "rating": 4.7,
        "footfall": 3012,
        "revenue_index": 0.84,
        "value": 0.4
      }
    },
    {
      "type": "Feature",
      "geometry": {
        "type": "Point",
        "coordinates": [
          74.25342,
          22.83484
        ]
      },
      "properties": {
        "name": "Dahod Electric Locomotive Works Restaurant #726",
        "type": "restaurant",
        "category": "restaurant",
        "city": "Dahod Electric Locomotive Works",
        "rating": 3.8,
        "footfall": 3270,
        "revenue_index": 0.45,
        "value": 0.417
      }
    },
    {
      "type": "Feature",
      "geometry": {
        "type": "Point",
        "coordinates": [
          74.28921,
          22.85698
        ]
      },
      "properties": {
        "name": "Dahod Electric Locomotive Works Bank #727",
        "type": "bank",
        "category": "bank",
        "city": "Dahod Electric Locomotive Works",
        "rating": 4.8,
        "footfall": 3723,
        "revenue_index": 0.54,
        "value": 0.906
      }
    },
    {
      "type": "Feature",
      "geometry": {
        "type": "Point",
        "coordinates": [
          74.16172,
          23.09651
        ]
      },
      "properties": {
        "name": "Jhalod Interstate Trade Mandi Gas Station #728",
        "type": "gas_station",
        "category": "gas_station",
        "city": "Jhalod Interstate Trade Mandi",
        "rating": 3.8,
        "footfall": 2463,
        "revenue_index": 0.92,
        "value": 0.757
      }
    },
    {
      "type": "Feature",
      "geometry": {
        "type": "Point",
        "coordinates": [
          74.17217,
          23.13185
        ]
      },
      "properties": {
        "name": "Jhalod Interstate Trade Mandi Hotel #729",
        "type": "hotel",
        "category": "hotel",
        "city": "Jhalod Interstate Trade Mandi",
        "rating": 3.8,
        "footfall": 2640,
        "revenue_index": 0.5,
        "value": 0.709
      }
    },
    {
      "type": "Feature",
      "geometry": {
        "type": "Point",
        "coordinates": [
          74.15413,
          23.10193
        ]
      },
      "properties": {
        "name": "Jhalod Interstate Trade Mandi Retail #730",
        "type": "retail",
        "category": "retail",
        "city": "Jhalod Interstate Trade Mandi",
        "rating": 4.4,
        "footfall": 3820,
        "revenue_index": 0.66,
        "value": 0.874
      }
    },
    {
      "type": "Feature",
      "geometry": {
        "type": "Point",
        "coordinates": [
          74.15387,
          23.09042
        ]
      },
      "properties": {
        "name": "Jhalod Interstate Trade Mandi Gas Station #731",
        "type": "gas_station",
        "category": "gas_station",
        "city": "Jhalod Interstate Trade Mandi",
        "rating": 3.6,
        "footfall": 3207,
        "revenue_index": 0.89,
        "value": 0.383
      }
    },
    {
      "type": "Feature",
      "geometry": {
        "type": "Point",
        "coordinates": [
          73.98073,
          22.81462
        ]
      },
      "properties": {
        "name": "Limkheda Forest & Transit Node Restaurant #732",
        "type": "restaurant",
        "category": "restaurant",
        "city": "Limkheda Forest & Transit Node",
        "rating": 3.7,
        "footfall": 2735,
        "revenue_index": 0.79,
        "value": 0.362
      }
    },
    {
      "type": "Feature",
      "geometry": {
        "type": "Point",
        "coordinates": [
          73.99872,
          22.83093
        ]
      },
      "properties": {
        "name": "Limkheda Forest & Transit Node Bank #733",
        "type": "bank",
        "category": "bank",
        "city": "Limkheda Forest & Transit Node",
        "rating": 4.6,
        "footfall": 5109,
        "revenue_index": 0.57,
        "value": 0.584
      }
    },
    {
      "type": "Feature",
      "geometry": {
        "type": "Point",
        "coordinates": [
          74.0137,
          22.83698
        ]
      },
      "properties": {
        "name": "Limkheda Forest & Transit Node Restaurant #734",
        "type": "restaurant",
        "category": "restaurant",
        "city": "Limkheda Forest & Transit Node",
        "rating": 3.8,
        "footfall": 4198,
        "revenue_index": 0.5,
        "value": 0.948
      }
    },
    {
      "type": "Feature",
      "geometry": {
        "type": "Point",
        "coordinates": [
          74.02414,
          22.83555
        ]
      },
      "properties": {
        "name": "Limkheda Forest & Transit Node Bank #735",
        "type": "bank",
        "category": "bank",
        "city": "Limkheda Forest & Transit Node",
        "rating": 3.7,
        "footfall": 574,
        "revenue_index": 0.94,
        "value": 0.44
      }
    },
    {
      "type": "Feature",
      "geometry": {
        "type": "Point",
        "coordinates": [
          73.61557,
          23.12409
        ]
      },
      "properties": {
        "name": "Lunawada Palace & District Headquarters Gas Station #736",
        "type": "gas_station",
        "category": "gas_station",
        "city": "Lunawada Palace & District Headquarters",
        "rating": 4.0,
        "footfall": 1308,
        "revenue_index": 0.94,
        "value": 0.821
      }
    },
    {
      "type": "Feature",
      "geometry": {
        "type": "Point",
        "coordinates": [
          73.60852,
          23.13332
        ]
      },
      "properties": {
        "name": "Lunawada Palace & District Headquarters Gas Station #737",
        "type": "gas_station",
        "category": "gas_station",
        "city": "Lunawada Palace & District Headquarters",
        "rating": 4.7,
        "footfall": 3602,
        "revenue_index": 0.6,
        "value": 0.796
      }
    },
    {
      "type": "Feature",
      "geometry": {
        "type": "Point",
        "coordinates": [
          73.3184,
          22.9514
        ]
      },
      "properties": {
        "name": "Balasinor Dinosaur Fossil Park (Raiyoli) Retail #738",
        "type": "retail",
        "category": "retail",
        "city": "Balasinor Dinosaur Fossil Park (Raiyoli)",
        "rating": 4.3,
        "footfall": 2269,
        "revenue_index": 0.7,
        "value": 0.476
      }
    },
    {
      "type": "Feature",
      "geometry": {
        "type": "Point",
        "coordinates": [
          73.34401,
          22.93906
        ]
      },
      "properties": {
        "name": "Balasinor Dinosaur Fossil Park (Raiyoli) Gas Station #739",
        "type": "gas_station",
        "category": "gas_station",
        "city": "Balasinor Dinosaur Fossil Park (Raiyoli)",
        "rating": 4.5,
        "footfall": 2226,
        "revenue_index": 0.81,
        "value": 0.48
      }
    },
    {
      "type": "Feature",
      "geometry": {
        "type": "Point",
        "coordinates": [
          73.32533,
          22.96309
        ]
      },
      "properties": {
        "name": "Balasinor Dinosaur Fossil Park (Raiyoli) Gas Station #740",
        "type": "gas_station",
        "category": "gas_station",
        "city": "Balasinor Dinosaur Fossil Park (Raiyoli)",
        "rating": 3.7,
        "footfall": 2521,
        "revenue_index": 0.6,
        "value": 0.409
      }
    },
    {
      "type": "Feature",
      "geometry": {
        "type": "Point",
        "coordinates": [
          73.33943,
          22.94553
        ]
      },
      "properties": {
        "name": "Balasinor Dinosaur Fossil Park (Raiyoli) Restaurant #741",
        "type": "restaurant",
        "category": "restaurant",
        "city": "Balasinor Dinosaur Fossil Park (Raiyoli)",
        "rating": 4.5,
        "footfall": 3587,
        "revenue_index": 0.63,
        "value": 0.917
      }
    },
    {
      "type": "Feature",
      "geometry": {
        "type": "Point",
        "coordinates": [
          73.37256,
          22.94665
        ]
      },
      "properties": {
        "name": "Balasinor Dinosaur Fossil Park (Raiyoli) Restaurant #742",
        "type": "restaurant",
        "category": "restaurant",
        "city": "Balasinor Dinosaur Fossil Park (Raiyoli)",
        "rating": 4.2,
        "footfall": 4200,
        "revenue_index": 0.7,
        "value": 0.914
      }
    },
    {
      "type": "Feature",
      "geometry": {
        "type": "Point",
        "coordinates": [
          73.33201,
          22.93639
        ]
      },
      "properties": {
        "name": "Balasinor Dinosaur Fossil Park (Raiyoli) Gas Station #743",
        "type": "gas_station",
        "category": "gas_station",
        "city": "Balasinor Dinosaur Fossil Park (Raiyoli)",
        "rating": 4.8,
        "footfall": 659,
        "revenue_index": 0.67,
        "value": 0.786
      }
    },
    {
      "type": "Feature",
      "geometry": {
        "type": "Point",
        "coordinates": [
          73.31136,
          22.96059
        ]
      },
      "properties": {
        "name": "Balasinor Dinosaur Fossil Park (Raiyoli) Restaurant #744",
        "type": "restaurant",
        "category": "restaurant",
        "city": "Balasinor Dinosaur Fossil Park (Raiyoli)",
        "rating": 4.4,
        "footfall": 768,
        "revenue_index": 0.88,
        "value": 0.904
      }
    },
    {
      "type": "Feature",
      "geometry": {
        "type": "Point",
        "coordinates": [
          73.31604,
          22.96177
        ]
      },
      "properties": {
        "name": "Balasinor Dinosaur Fossil Park (Raiyoli) Hotel #745",
        "type": "hotel",
        "category": "hotel",
        "city": "Balasinor Dinosaur Fossil Park (Raiyoli)",
        "rating": 4.0,
        "footfall": 4591,
        "revenue_index": 0.74,
        "value": 0.362
      }
    },
    {
      "type": "Feature",
      "geometry": {
        "type": "Point",
        "coordinates": [
          73.90781,
          23.21209
        ]
      },
      "properties": {
        "name": "Santrampur Forest Hill Town Grocery #746",
        "type": "grocery",
        "category": "grocery",
        "city": "Santrampur Forest Hill Town",
        "rating": 4.4,
        "footfall": 1946,
        "revenue_index": 0.54,
        "value": 0.789
      }
    },
    {
      "type": "Feature",
      "geometry": {
        "type": "Point",
        "coordinates": [
          73.89313,
          23.19586
        ]
      },
      "properties": {
        "name": "Santrampur Forest Hill Town Grocery #747",
        "type": "grocery",
        "category": "grocery",
        "city": "Santrampur Forest Hill Town",
        "rating": 3.9,
        "footfall": 2920,
        "revenue_index": 0.59,
        "value": 0.518
      }
    },
    {
      "type": "Feature",
      "geometry": {
        "type": "Point",
        "coordinates": [
          73.87787,
          23.18631
        ]
      },
      "properties": {
        "name": "Santrampur Forest Hill Town Ev Charging #748",
        "type": "ev_charging",
        "category": "ev_charging",
        "city": "Santrampur Forest Hill Town",
        "rating": 4.0,
        "footfall": 3146,
        "revenue_index": 0.87,
        "value": 0.666
      }
    },
    {
      "type": "Feature",
      "geometry": {
        "type": "Point",
        "coordinates": [
          73.89939,
          23.17473
        ]
      },
      "properties": {
        "name": "Santrampur Forest Hill Town Grocery #749",
        "type": "grocery",
        "category": "grocery",
        "city": "Santrampur Forest Hill Town",
        "rating": 4.6,
        "footfall": 488,
        "revenue_index": 0.54,
        "value": 0.901
      }
    },
    {
      "type": "Feature",
      "geometry": {
        "type": "Point",
        "coordinates": [
          72.40989,
          24.17485
        ]
      },
      "properties": {
        "name": "Palanpur Diamond & Banas Dairy Hub Restaurant #750",
        "type": "restaurant",
        "category": "restaurant",
        "city": "Palanpur Diamond & Banas Dairy Hub",
        "rating": 4.1,
        "footfall": 1520,
        "revenue_index": 0.67,
        "value": 0.708
      }
    },
    {
      "type": "Feature",
      "geometry": {
        "type": "Point",
        "coordinates": [
          72.45023,
          24.16852
        ]
      },
      "properties": {
        "name": "Palanpur Diamond & Banas Dairy Hub Restaurant #751",
        "type": "restaurant",
        "category": "restaurant",
        "city": "Palanpur Diamond & Banas Dairy Hub",
        "rating": 4.3,
        "footfall": 2580,
        "revenue_index": 0.48,
        "value": 0.358
      }
    },
    {
      "type": "Feature",
      "geometry": {
        "type": "Point",
        "coordinates": [
          72.42154,
          24.19583
        ]
      },
      "properties": {
        "name": "Palanpur Diamond & Banas Dairy Hub Restaurant #752",
        "type": "restaurant",
        "category": "restaurant",
        "city": "Palanpur Diamond & Banas Dairy Hub",
        "rating": 4.3,
        "footfall": 3162,
        "revenue_index": 0.78,
        "value": 0.547
      }
    },
    {
      "type": "Feature",
      "geometry": {
        "type": "Point",
        "coordinates": [
          72.41274,
          24.17166
        ]
      },
      "properties": {
        "name": "Palanpur Diamond & Banas Dairy Hub Retail #753",
        "type": "retail",
        "category": "retail",
        "city": "Palanpur Diamond & Banas Dairy Hub",
        "rating": 4.1,
        "footfall": 2681,
        "revenue_index": 0.57,
        "value": 0.842
      }
    },
    {
      "type": "Feature",
      "geometry": {
        "type": "Point",
        "coordinates": [
          72.15735,
          24.23322
        ]
      },
      "properties": {
        "name": "Deesa Mega Potato & Cold Storage Capital Retail #754",
        "type": "retail",
        "category": "retail",
        "city": "Deesa Mega Potato & Cold Storage Capital",
        "rating": 4.4,
        "footfall": 2205,
        "revenue_index": 0.7,
        "value": 0.399
      }
    },
    {
      "type": "Feature",
      "geometry": {
        "type": "Point",
        "coordinates": [
          72.17129,
          24.25474
        ]
      },
      "properties": {
        "name": "Deesa Mega Potato & Cold Storage Capital Gas Station #755",
        "type": "gas_station",
        "category": "gas_station",
        "city": "Deesa Mega Potato & Cold Storage Capital",
        "rating": 4.7,
        "footfall": 3763,
        "revenue_index": 0.84,
        "value": 0.535
      }
    },
    {
      "type": "Feature",
      "geometry": {
        "type": "Point",
        "coordinates": [
          72.1897,
          24.22076
        ]
      },
      "properties": {
        "name": "Deesa Mega Potato & Cold Storage Capital Grocery #756",
        "type": "grocery",
        "category": "grocery",
        "city": "Deesa Mega Potato & Cold Storage Capital",
        "rating": 3.9,
        "footfall": 2138,
        "revenue_index": 0.69,
        "value": 0.6
      }
    },
    {
      "type": "Feature",
      "geometry": {
        "type": "Point",
        "coordinates": [
          72.19398,
          24.2434
        ]
      },
      "properties": {
        "name": "Deesa Mega Potato & Cold Storage Capital Gas Station #757",
        "type": "gas_station",
        "category": "gas_station",
        "city": "Deesa Mega Potato & Cold Storage Capital",
        "rating": 4.7,
        "footfall": 3278,
        "revenue_index": 0.92,
        "value": 0.512
      }
    },
    {
      "type": "Feature",
      "geometry": {
        "type": "Point",
        "coordinates": [
          72.86047,
          24.31407
        ]
      },
      "properties": {
        "name": "Ambaji Arasur Shaktipeeth Temple Bank #758",
        "type": "bank",
        "category": "bank",
        "city": "Ambaji Arasur Shaktipeeth Temple",
        "rating": 4.7,
        "footfall": 2315,
        "revenue_index": 0.66,
        "value": 0.933
      }
    },
    {
      "type": "Feature",
      "geometry": {
        "type": "Point",
        "coordinates": [
          72.83166,
          24.35341
        ]
      },
      "properties": {
        "name": "Ambaji Arasur Shaktipeeth Temple Ev Charging #759",
        "type": "ev_charging",
        "category": "ev_charging",
        "city": "Ambaji Arasur Shaktipeeth Temple",
        "rating": 4.5,
        "footfall": 1113,
        "revenue_index": 0.73,
        "value": 0.864
      }
    },
    {
      "type": "Feature",
      "geometry": {
        "type": "Point",
        "coordinates": [
          72.82644,
          24.32953
        ]
      },
      "properties": {
        "name": "Ambaji Arasur Shaktipeeth Temple Retail #760",
        "type": "retail",
        "category": "retail",
        "city": "Ambaji Arasur Shaktipeeth Temple",
        "rating": 3.8,
        "footfall": 4294,
        "revenue_index": 0.94,
        "value": 0.455
      }
    },
    {
      "type": "Feature",
      "geometry": {
        "type": "Point",
        "coordinates": [
          72.84614,
          24.33233
        ]
      },
      "properties": {
        "name": "Ambaji Arasur Shaktipeeth Temple Grocery #761",
        "type": "grocery",
        "category": "grocery",
        "city": "Ambaji Arasur Shaktipeeth Temple",
        "rating": 4.0,
        "footfall": 735,
        "revenue_index": 0.82,
        "value": 0.759
      }
    },
    {
      "type": "Feature",
      "geometry": {
        "type": "Point",
        "coordinates": [
          72.8346,
          24.33861
        ]
      },
      "properties": {
        "name": "Ambaji Arasur Shaktipeeth Temple Ev Charging #762",
        "type": "ev_charging",
        "category": "ev_charging",
        "city": "Ambaji Arasur Shaktipeeth Temple",
        "rating": 4.9,
        "footfall": 3376,
        "revenue_index": 0.67,
        "value": 0.906
      }
    },
    {
      "type": "Feature",
      "geometry": {
        "type": "Point",
        "coordinates": [
          72.85787,
          24.36381
        ]
      },
      "properties": {
        "name": "Ambaji Arasur Shaktipeeth Temple Restaurant #763",
        "type": "restaurant",
        "category": "restaurant",
        "city": "Ambaji Arasur Shaktipeeth Temple",
        "rating": 4.5,
        "footfall": 4038,
        "revenue_index": 0.59,
        "value": 0.618
      }
    },
    {
      "type": "Feature",
      "geometry": {
        "type": "Point",
        "coordinates": [
          72.84922,
          24.31766
        ]
      },
      "properties": {
        "name": "Ambaji Arasur Shaktipeeth Temple Gas Station #764",
        "type": "gas_station",
        "category": "gas_station",
        "city": "Ambaji Arasur Shaktipeeth Temple",
        "rating": 4.2,
        "footfall": 4004,
        "revenue_index": 0.8,
        "value": 0.364
      }
    },
    {
      "type": "Feature",
      "geometry": {
        "type": "Point",
        "coordinates": [
          72.86589,
          24.30882
        ]
      },
      "properties": {
        "name": "Ambaji Arasur Shaktipeeth Temple Retail #765",
        "type": "retail",
        "category": "retail",
        "city": "Ambaji Arasur Shaktipeeth Temple",
        "rating": 4.3,
        "footfall": 1511,
        "revenue_index": 0.55,
        "value": 0.466
      }
    },
    {
      "type": "Feature",
      "geometry": {
        "type": "Point",
        "coordinates": [
          72.03892,
          24.48276
        ]
      },
      "properties": {
        "name": "Dhanera Agri-Commodity Market Grocery #766",
        "type": "grocery",
        "category": "grocery",
        "city": "Dhanera Agri-Commodity Market",
        "rating": 4.4,
        "footfall": 1065,
        "revenue_index": 0.78,
        "value": 0.836
      }
    },
    {
      "type": "Feature",
      "geometry": {
        "type": "Point",
        "coordinates": [
          72.02776,
          24.48724
        ]
      },
      "properties": {
        "name": "Dhanera Agri-Commodity Market Gas Station #767",
        "type": "gas_station",
        "category": "gas_station",
        "city": "Dhanera Agri-Commodity Market",
        "rating": 4.0,
        "footfall": 4515,
        "revenue_index": 0.85,
        "value": 0.776
      }
    },
    {
      "type": "Feature",
      "geometry": {
        "type": "Point",
        "coordinates": [
          72.01306,
          24.51242
        ]
      },
      "properties": {
        "name": "Dhanera Agri-Commodity Market Gas Station #768",
        "type": "gas_station",
        "category": "gas_station",
        "city": "Dhanera Agri-Commodity Market",
        "rating": 4.6,
        "footfall": 5091,
        "revenue_index": 0.67,
        "value": 0.542
      }
    },
    {
      "type": "Feature",
      "geometry": {
        "type": "Point",
        "coordinates": [
          71.99416,
          24.51986
        ]
      },
      "properties": {
        "name": "Dhanera Agri-Commodity Market Bank #769",
        "type": "bank",
        "category": "bank",
        "city": "Dhanera Agri-Commodity Market",
        "rating": 4.4,
        "footfall": 4526,
        "revenue_index": 0.85,
        "value": 0.972
      }
    },
    {
      "type": "Feature",
      "geometry": {
        "type": "Point",
        "coordinates": [
          71.63522,
          24.42117
        ]
      },
      "properties": {
        "name": "Tharad International Border Gateway Hotel #770",
        "type": "hotel",
        "category": "hotel",
        "city": "Tharad International Border Gateway",
        "rating": 4.9,
        "footfall": 3043,
        "revenue_index": 0.9,
        "value": 0.882
      }
    },
    {
      "type": "Feature",
      "geometry": {
        "type": "Point",
        "coordinates": [
          71.61214,
          24.37599
        ]
      },
      "properties": {
        "name": "Tharad International Border Gateway Restaurant #771",
        "type": "restaurant",
        "category": "restaurant",
        "city": "Tharad International Border Gateway",
        "rating": 4.7,
        "footfall": 4130,
        "revenue_index": 0.48,
        "value": 0.758
      }
    },
    {
      "type": "Feature",
      "geometry": {
        "type": "Point",
        "coordinates": [
          71.61847,
          24.36398
        ]
      },
      "properties": {
        "name": "Tharad International Border Gateway Hotel #772",
        "type": "hotel",
        "category": "hotel",
        "city": "Tharad International Border Gateway",
        "rating": 3.7,
        "footfall": 3688,
        "revenue_index": 0.81,
        "value": 0.629
      }
    },
    {
      "type": "Feature",
      "geometry": {
        "type": "Point",
        "coordinates": [
          71.6374,
          24.3798
        ]
      },
      "properties": {
        "name": "Tharad International Border Gateway Hotel #773",
        "type": "hotel",
        "category": "hotel",
        "city": "Tharad International Border Gateway",
        "rating": 3.7,
        "footfall": 971,
        "revenue_index": 0.66,
        "value": 0.453
      }
    },
    {
      "type": "Feature",
      "geometry": {
        "type": "Point",
        "coordinates": [
          72.1086,
          23.8725
        ]
      },
      "properties": {
        "name": "Patan Historic Patola Silk & Capital Retail #774",
        "type": "retail",
        "category": "retail",
        "city": "Patan Historic Patola Silk & Capital",
        "rating": 4.2,
        "footfall": 5153,
        "revenue_index": 0.76,
        "value": 0.833
      }
    },
    {
      "type": "Feature",
      "geometry": {
        "type": "Point",
        "coordinates": [
          72.11859,
          23.82721
        ]
      },
      "properties": {
        "name": "Patan Historic Patola Silk & Capital Bank #775",
        "type": "bank",
        "category": "bank",
        "city": "Patan Historic Patola Silk & Capital",
        "rating": 4.9,
        "footfall": 4795,
        "revenue_index": 0.94,
        "value": 0.659
      }
    },
    {
      "type": "Feature",
      "geometry": {
        "type": "Point",
        "coordinates": [
          72.11283,
          23.83399
        ]
      },
      "properties": {
        "name": "Patan Historic Patola Silk & Capital Ev Charging #776",
        "type": "ev_charging",
        "category": "ev_charging",
        "city": "Patan Historic Patola Silk & Capital",
        "rating": 4.9,
        "footfall": 2071,
        "revenue_index": 0.86,
        "value": 0.497
      }
    },
    {
      "type": "Feature",
      "geometry": {
        "type": "Point",
        "coordinates": [
          72.13588,
          23.87275
        ]
      },
      "properties": {
        "name": "Patan Historic Patola Silk & Capital Retail #777",
        "type": "retail",
        "category": "retail",
        "city": "Patan Historic Patola Silk & Capital",
        "rating": 4.3,
        "footfall": 2922,
        "revenue_index": 0.77,
        "value": 0.458
      }
    },
    {
      "type": "Feature",
      "geometry": {
        "type": "Point",
        "coordinates": [
          72.09547,
          23.84948
        ]
      },
      "properties": {
        "name": "Rani ki Vav UNESCO Stepwell Restaurant #778",
        "type": "restaurant",
        "category": "restaurant",
        "city": "Rani ki Vav UNESCO Stepwell",
        "rating": 4.5,
        "footfall": 4787,
        "revenue_index": 0.81,
        "value": 0.769
      }
    },
    {
      "type": "Feature",
      "geometry": {
        "type": "Point",
        "coordinates": [
          72.10009,
          23.86725
        ]
      },
      "properties": {
        "name": "Rani ki Vav UNESCO Stepwell Hotel #779",
        "type": "hotel",
        "category": "hotel",
        "city": "Rani ki Vav UNESCO Stepwell",
        "rating": 3.9,
        "footfall": 3077,
        "revenue_index": 0.61,
        "value": 0.973
      }
    },
    {
      "type": "Feature",
      "geometry": {
        "type": "Point",
        "coordinates": [
          72.09845,
          23.85479
        ]
      },
      "properties": {
        "name": "Rani ki Vav UNESCO Stepwell Ev Charging #780",
        "type": "ev_charging",
        "category": "ev_charging",
        "city": "Rani ki Vav UNESCO Stepwell",
        "rating": 4.1,
        "footfall": 5033,
        "revenue_index": 0.77,
        "value": 0.614
      }
    },
    {
      "type": "Feature",
      "geometry": {
        "type": "Point",
        "coordinates": [
          72.10469,
          23.87491
        ]
      },
      "properties": {
        "name": "Rani ki Vav UNESCO Stepwell Restaurant #781",
        "type": "restaurant",
        "category": "restaurant",
        "city": "Rani ki Vav UNESCO Stepwell",
        "rating": 3.7,
        "footfall": 3185,
        "revenue_index": 0.88,
        "value": 0.627
      }
    },
    {
      "type": "Feature",
      "geometry": {
        "type": "Point",
        "coordinates": [
          72.10188,
          23.87228
        ]
      },
      "properties": {
        "name": "Rani ki Vav UNESCO Stepwell Grocery #782",
        "type": "grocery",
        "category": "grocery",
        "city": "Rani ki Vav UNESCO Stepwell",
        "rating": 4.3,
        "footfall": 2624,
        "revenue_index": 0.57,
        "value": 0.925
      }
    },
    {
      "type": "Feature",
      "geometry": {
        "type": "Point",
        "coordinates": [
          72.0865,
          23.85814
        ]
      },
      "properties": {
        "name": "Rani ki Vav UNESCO Stepwell Hotel #783",
        "type": "hotel",
        "category": "hotel",
        "city": "Rani ki Vav UNESCO Stepwell",
        "rating": 3.9,
        "footfall": 844,
        "revenue_index": 0.82,
        "value": 0.843
      }
    },
    {
      "type": "Feature",
      "geometry": {
        "type": "Point",
        "coordinates": [
          72.07041,
          23.84824
        ]
      },
      "properties": {
        "name": "Rani ki Vav UNESCO Stepwell Retail #784",
        "type": "retail",
        "category": "retail",
        "city": "Rani ki Vav UNESCO Stepwell",
        "rating": 4.2,
        "footfall": 4813,
        "revenue_index": 0.51,
        "value": 0.647
      }
    },
    {
      "type": "Feature",
      "geometry": {
        "type": "Point",
        "coordinates": [
          72.09874,
          23.86104
        ]
      },
      "properties": {
        "name": "Rani ki Vav UNESCO Stepwell Bank #785",
        "type": "bank",
        "category": "bank",
        "city": "Rani ki Vav UNESCO Stepwell",
        "rating": 4.1,
        "footfall": 2620,
        "revenue_index": 0.8,
        "value": 0.777
      }
    },
    {
      "type": "Feature",
      "geometry": {
        "type": "Point",
        "coordinates": [
          72.39962,
          23.9048
        ]
      },
      "properties": {
        "name": "Siddhpur Saraswati Sacred Matru Gaya Grocery #786",
        "type": "grocery",
        "category": "grocery",
        "city": "Siddhpur Saraswati Sacred Matru Gaya",
        "rating": 4.7,
        "footfall": 824,
        "revenue_index": 0.5,
        "value": 0.76
      }
    },
    {
      "type": "Feature",
      "geometry": {
        "type": "Point",
        "coordinates": [
          72.40902,
          23.91754
        ]
      },
      "properties": {
        "name": "Siddhpur Saraswati Sacred Matru Gaya Bank #787",
        "type": "bank",
        "category": "bank",
        "city": "Siddhpur Saraswati Sacred Matru Gaya",
        "rating": 4.5,
        "footfall": 4586,
        "revenue_index": 0.5,
        "value": 0.351
      }
    },
    {
      "type": "Feature",
      "geometry": {
        "type": "Point",
        "coordinates": [
          72.36645,
          23.94442
        ]
      },
      "properties": {
        "name": "Siddhpur Saraswati Sacred Matru Gaya Retail #788",
        "type": "retail",
        "category": "retail",
        "city": "Siddhpur Saraswati Sacred Matru Gaya",
        "rating": 4.2,
        "footfall": 1678,
        "revenue_index": 0.67,
        "value": 0.538
      }
    },
    {
      "type": "Feature",
      "geometry": {
        "type": "Point",
        "coordinates": [
          72.38047,
          23.91156
        ]
      },
      "properties": {
        "name": "Siddhpur Saraswati Sacred Matru Gaya Retail #789",
        "type": "retail",
        "category": "retail",
        "city": "Siddhpur Saraswati Sacred Matru Gaya",
        "rating": 4.3,
        "footfall": 4818,
        "revenue_index": 0.47,
        "value": 0.754
      }
    },
    {
      "type": "Feature",
      "geometry": {
        "type": "Point",
        "coordinates": [
          71.58369,
          23.85154
        ]
      },
      "properties": {
        "name": "Radhanpur Desert & Kutch Gateway Gas Station #790",
        "type": "gas_station",
        "category": "gas_station",
        "city": "Radhanpur Desert & Kutch Gateway",
        "rating": 3.8,
        "footfall": 1630,
        "revenue_index": 0.73,
        "value": 0.728
      }
    },
    {
      "type": "Feature",
      "geometry": {
        "type": "Point",
        "coordinates": [
          71.61636,
          23.82022
        ]
      },
      "properties": {
        "name": "Radhanpur Desert & Kutch Gateway Hotel #791",
        "type": "hotel",
        "category": "hotel",
        "city": "Radhanpur Desert & Kutch Gateway",
        "rating": 4.6,
        "footfall": 2850,
        "revenue_index": 0.9,
        "value": 0.556
      }
    },
    {
      "type": "Feature",
      "geometry": {
        "type": "Point",
        "coordinates": [
          71.60125,
          23.85291
        ]
      },
      "properties": {
        "name": "Radhanpur Desert & Kutch Gateway Retail #792",
        "type": "retail",
        "category": "retail",
        "city": "Radhanpur Desert & Kutch Gateway",
        "rating": 4.2,
        "footfall": 4629,
        "revenue_index": 0.72,
        "value": 0.715
      }
    },
    {
      "type": "Feature",
      "geometry": {
        "type": "Point",
        "coordinates": [
          71.62974,
          23.81872
        ]
      },
      "properties": {
        "name": "Radhanpur Desert & Kutch Gateway Bank #793",
        "type": "bank",
        "category": "bank",
        "city": "Radhanpur Desert & Kutch Gateway",
        "rating": 4.4,
        "footfall": 2657,
        "revenue_index": 0.5,
        "value": 0.614
      }
    },
    {
      "type": "Feature",
      "geometry": {
        "type": "Point",
        "coordinates": [
          72.36999,
          23.63387
        ]
      },
      "properties": {
        "name": "Mehsana Central & Dudhsagar Dairy Bank #794",
        "type": "bank",
        "category": "bank",
        "city": "Mehsana Central & Dudhsagar Dairy",
        "rating": 3.7,
        "footfall": 3552,
        "revenue_index": 0.91,
        "value": 0.458
      }
    },
    {
      "type": "Feature",
      "geometry": {
        "type": "Point",
        "coordinates": [
          72.37292,
          23.56916
        ]
      },
      "properties": {
        "name": "Mehsana Central & Dudhsagar Dairy Retail #795",
        "type": "retail",
        "category": "retail",
        "city": "Mehsana Central & Dudhsagar Dairy",
        "rating": 4.3,
        "footfall": 4744,
        "revenue_index": 0.52,
        "value": 0.361
      }
    },
    {
      "type": "Feature",
      "geometry": {
        "type": "Point",
        "coordinates": [
          72.35289,
          23.57295
        ]
      },
      "properties": {
        "name": "Mehsana Central & Dudhsagar Dairy Bank #796",
        "type": "bank",
        "category": "bank",
        "city": "Mehsana Central & Dudhsagar Dairy",
        "rating": 4.6,
        "footfall": 1835,
        "revenue_index": 0.98,
        "value": 0.615
      }
    },
    {
      "type": "Feature",
      "geometry": {
        "type": "Point",
        "coordinates": [
          72.32955,
          23.56872
        ]
      },
      "properties": {
        "name": "Mehsana Central & Dudhsagar Dairy Ev Charging #797",
        "type": "ev_charging",
        "category": "ev_charging",
        "city": "Mehsana Central & Dudhsagar Dairy",
        "rating": 4.0,
        "footfall": 3071,
        "revenue_index": 0.88,
        "value": 0.59
      }
    },
    {
      "type": "Feature",
      "geometry": {
        "type": "Point",
        "coordinates": [
          72.37399,
          23.79121
        ]
      },
      "properties": {
        "name": "Unjha Asia Cumin & Isabgol Spice Capital Ev Charging #798",
        "type": "ev_charging",
        "category": "ev_charging",
        "city": "Unjha Asia Cumin & Isabgol Spice Capital",
        "rating": 4.9,
        "footfall": 4369,
        "revenue_index": 0.93,
        "value": 0.401
      }
    },
    {
      "type": "Feature",
      "geometry": {
        "type": "Point",
        "coordinates": [
          72.39705,
          23.83227
        ]
      },
      "properties": {
        "name": "Unjha Asia Cumin & Isabgol Spice Capital Hotel #799",
        "type": "hotel",
        "category": "hotel",
        "city": "Unjha Asia Cumin & Isabgol Spice Capital",
        "rating": 4.5,
        "footfall": 1568,
        "revenue_index": 0.61,
        "value": 0.764
      }
    },
    {
      "type": "Feature",
      "geometry": {
        "type": "Point",
        "coordinates": [
          72.40825,
          23.79304
        ]
      },
      "properties": {
        "name": "Unjha Asia Cumin & Isabgol Spice Capital Retail #800",
        "type": "retail",
        "category": "retail",
        "city": "Unjha Asia Cumin & Isabgol Spice Capital",
        "rating": 4.4,
        "footfall": 1679,
        "revenue_index": 0.96,
        "value": 0.639
      }
    },
    {
      "type": "Feature",
      "geometry": {
        "type": "Point",
        "coordinates": [
          72.4077,
          23.8051
        ]
      },
      "properties": {
        "name": "Unjha Asia Cumin & Isabgol Spice Capital Ev Charging #801",
        "type": "ev_charging",
        "category": "ev_charging",
        "city": "Unjha Asia Cumin & Isabgol Spice Capital",
        "rating": 4.3,
        "footfall": 3718,
        "revenue_index": 0.89,
        "value": 0.934
      }
    },
    {
      "type": "Feature",
      "geometry": {
        "type": "Point",
        "coordinates": [
          72.34061,
          23.32516
        ]
      },
      "properties": {
        "name": "Kadi Cotton Ginning & Ceramic Hub Bank #802",
        "type": "bank",
        "category": "bank",
        "city": "Kadi Cotton Ginning & Ceramic Hub",
        "rating": 4.6,
        "footfall": 406,
        "revenue_index": 0.52,
        "value": 0.825
      }
    },
    {
      "type": "Feature",
      "geometry": {
        "type": "Point",
        "coordinates": [
          72.34828,
          23.30081
        ]
      },
      "properties": {
        "name": "Kadi Cotton Ginning & Ceramic Hub Hotel #803",
        "type": "hotel",
        "category": "hotel",
        "city": "Kadi Cotton Ginning & Ceramic Hub",
        "rating": 4.6,
        "footfall": 2925,
        "revenue_index": 0.47,
        "value": 0.574
      }
    },
    {
      "type": "Feature",
      "geometry": {
        "type": "Point",
        "coordinates": [
          72.30914,
          23.29356
        ]
      },
      "properties": {
        "name": "Kadi Cotton Ginning & Ceramic Hub Grocery #804",
        "type": "grocery",
        "category": "grocery",
        "city": "Kadi Cotton Ginning & Ceramic Hub",
        "rating": 4.6,
        "footfall": 4764,
        "revenue_index": 0.88,
        "value": 0.848
      }
    },
    {
      "type": "Feature",
      "geometry": {
        "type": "Point",
        "coordinates": [
          72.31329,
          23.30282
        ]
      },
      "properties": {
        "name": "Kadi Cotton Ginning & Ceramic Hub Retail #805",
        "type": "retail",
        "category": "retail",
        "city": "Kadi Cotton Ginning & Ceramic Hub",
        "rating": 4.9,
        "footfall": 3677,
        "revenue_index": 0.89,
        "value": 0.521
      }
    },
    {
      "type": "Feature",
      "geometry": {
        "type": "Point",
        "coordinates": [
          72.31241,
          23.3166
        ]
      },
      "properties": {
        "name": "Kadi Cotton Ginning & Ceramic Hub Restaurant #806",
        "type": "restaurant",
        "category": "restaurant",
        "city": "Kadi Cotton Ginning & Ceramic Hub",
        "rating": 3.8,
        "footfall": 5069,
        "revenue_index": 0.69,
        "value": 0.664
      }
    },
    {
      "type": "Feature",
      "geometry": {
        "type": "Point",
        "coordinates": [
          72.32811,
          23.28455
        ]
      },
      "properties": {
        "name": "Kadi Cotton Ginning & Ceramic Hub Bank #807",
        "type": "bank",
        "category": "bank",
        "city": "Kadi Cotton Ginning & Ceramic Hub",
        "rating": 4.1,
        "footfall": 1647,
        "revenue_index": 0.98,
        "value": 0.955
      }
    },
    {
      "type": "Feature",
      "geometry": {
        "type": "Point",
        "coordinates": [
          72.55684,
          23.70076
        ]
      },
      "properties": {
        "name": "Visnagar Copper & Brass Metal Market Gas Station #808",
        "type": "gas_station",
        "category": "gas_station",
        "city": "Visnagar Copper & Brass Metal Market",
        "rating": 4.6,
        "footfall": 4733,
        "revenue_index": 0.67,
        "value": 0.719
      }
    },
    {
      "type": "Feature",
      "geometry": {
        "type": "Point",
        "coordinates": [
          72.56727,
          23.71497
        ]
      },
      "properties": {
        "name": "Visnagar Copper & Brass Metal Market Grocery #809",
        "type": "grocery",
        "category": "grocery",
        "city": "Visnagar Copper & Brass Metal Market",
        "rating": 4.7,
        "footfall": 1826,
        "revenue_index": 0.52,
        "value": 0.382
      }
    },
    {
      "type": "Feature",
      "geometry": {
        "type": "Point",
        "coordinates": [
          72.57454,
          23.69907
        ]
      },
      "properties": {
        "name": "Visnagar Copper & Brass Metal Market Gas Station #810",
        "type": "gas_station",
        "category": "gas_station",
        "city": "Visnagar Copper & Brass Metal Market",
        "rating": 3.8,
        "footfall": 3764,
        "revenue_index": 0.75,
        "value": 0.431
      }
    },
    {
      "type": "Feature",
      "geometry": {
        "type": "Point",
        "coordinates": [
          72.56222,
          23.68749
        ]
      },
      "properties": {
        "name": "Visnagar Copper & Brass Metal Market Gas Station #811",
        "type": "gas_station",
        "category": "gas_station",
        "city": "Visnagar Copper & Brass Metal Market",
        "rating": 4.8,
        "footfall": 5062,
        "revenue_index": 0.76,
        "value": 0.461
      }
    },
    {
      "type": "Feature",
      "geometry": {
        "type": "Point",
        "coordinates": [
          72.62389,
          23.79769
        ]
      },
      "properties": {
        "name": "Vadnagar Ancient Heritage City Grocery #812",
        "type": "grocery",
        "category": "grocery",
        "city": "Vadnagar Ancient Heritage City",
        "rating": 4.8,
        "footfall": 1664,
        "revenue_index": 0.76,
        "value": 0.814
      }
    },
    {
      "type": "Feature",
      "geometry": {
        "type": "Point",
        "coordinates": [
          72.60662,
          23.79186
        ]
      },
      "properties": {
        "name": "Vadnagar Ancient Heritage City Restaurant #813",
        "type": "restaurant",
        "category": "restaurant",
        "city": "Vadnagar Ancient Heritage City",
        "rating": 3.9,
        "footfall": 4928,
        "revenue_index": 0.84,
        "value": 0.895
      }
    },
    {
      "type": "Feature",
      "geometry": {
        "type": "Point",
        "coordinates": [
          72.64777,
          23.76895
        ]
      },
      "properties": {
        "name": "Vadnagar Ancient Heritage City Bank #814",
        "type": "bank",
        "category": "bank",
        "city": "Vadnagar Ancient Heritage City",
        "rating": 4.2,
        "footfall": 1934,
        "revenue_index": 0.65,
        "value": 0.842
      }
    },
    {
      "type": "Feature",
      "geometry": {
        "type": "Point",
        "coordinates": [
          72.63583,
          23.79478
        ]
      },
      "properties": {
        "name": "Vadnagar Ancient Heritage City Ev Charging #815",
        "type": "ev_charging",
        "category": "ev_charging",
        "city": "Vadnagar Ancient Heritage City",
        "rating": 4.3,
        "footfall": 800,
        "revenue_index": 0.73,
        "value": 0.896
      }
    },
    {
      "type": "Feature",
      "geometry": {
        "type": "Point",
        "coordinates": [
          72.05933,
          23.49975
        ]
      },
      "properties": {
        "name": "Becharaji Auto Hub & Bahucharaji Temple Restaurant #816",
        "type": "restaurant",
        "category": "restaurant",
        "city": "Becharaji Auto Hub & Bahucharaji Temple",
        "rating": 3.7,
        "footfall": 2039,
        "revenue_index": 0.77,
        "value": 0.82
      }
    },
    {
      "type": "Feature",
      "geometry": {
        "type": "Point",
        "coordinates": [
          72.02566,
          23.52626
        ]
      },
      "properties": {
        "name": "Becharaji Auto Hub & Bahucharaji Temple Restaurant #817",
        "type": "restaurant",
        "category": "restaurant",
        "city": "Becharaji Auto Hub & Bahucharaji Temple",
        "rating": 4.9,
        "footfall": 3696,
        "revenue_index": 0.46,
        "value": 0.353
      }
    },
    {
      "type": "Feature",
      "geometry": {
        "type": "Point",
        "coordinates": [
          72.03716,
          23.51479
        ]
      },
      "properties": {
        "name": "Becharaji Auto Hub & Bahucharaji Temple Bank #818",
        "type": "bank",
        "category": "bank",
        "city": "Becharaji Auto Hub & Bahucharaji Temple",
        "rating": 4.9,
        "footfall": 4220,
        "revenue_index": 0.94,
        "value": 0.442
      }
    },
    {
      "type": "Feature",
      "geometry": {
        "type": "Point",
        "coordinates": [
          72.00578,
          23.47542
        ]
      },
      "properties": {
        "name": "Becharaji Auto Hub & Bahucharaji Temple Retail #819",
        "type": "retail",
        "category": "retail",
        "city": "Becharaji Auto Hub & Bahucharaji Temple",
        "rating": 4.8,
        "footfall": 2898,
        "revenue_index": 0.84,
        "value": 0.767
      }
    },
    {
      "type": "Feature",
      "geometry": {
        "type": "Point",
        "coordinates": [
          71.99486,
          23.52433
        ]
      },
      "properties": {
        "name": "Becharaji Auto Hub & Bahucharaji Temple Bank #820",
        "type": "bank",
        "category": "bank",
        "city": "Becharaji Auto Hub & Bahucharaji Temple",
        "rating": 4.8,
        "footfall": 979,
        "revenue_index": 0.57,
        "value": 0.424
      }
    },
    {
      "type": "Feature",
      "geometry": {
        "type": "Point",
        "coordinates": [
          72.06827,
          23.51041
        ]
      },
      "properties": {
        "name": "Becharaji Auto Hub & Bahucharaji Temple Gas Station #821",
        "type": "gas_station",
        "category": "gas_station",
        "city": "Becharaji Auto Hub & Bahucharaji Temple",
        "rating": 4.0,
        "footfall": 4852,
        "revenue_index": 0.7,
        "value": 0.371
      }
    },
    {
      "type": "Feature",
      "geometry": {
        "type": "Point",
        "coordinates": [
          72.95721,
          23.58426
        ]
      },
      "properties": {
        "name": "Himatnagar Ceramic & Sabar Dairy Hub Ev Charging #822",
        "type": "ev_charging",
        "category": "ev_charging",
        "city": "Himatnagar Ceramic & Sabar Dairy Hub",
        "rating": 4.7,
        "footfall": 3543,
        "revenue_index": 0.61,
        "value": 0.818
      }
    },
    {
      "type": "Feature",
      "geometry": {
        "type": "Point",
        "coordinates": [
          72.94563,
          23.585
        ]
      },
      "properties": {
        "name": "Himatnagar Ceramic & Sabar Dairy Hub Ev Charging #823",
        "type": "ev_charging",
        "category": "ev_charging",
        "city": "Himatnagar Ceramic & Sabar Dairy Hub",
        "rating": 4.8,
        "footfall": 3099,
        "revenue_index": 0.78,
        "value": 0.797
      }
    },
    {
      "type": "Feature",
      "geometry": {
        "type": "Point",
        "coordinates": [
          72.98753,
          23.6093
        ]
      },
      "properties": {
        "name": "Himatnagar Ceramic & Sabar Dairy Hub Restaurant #824",
        "type": "restaurant",
        "category": "restaurant",
        "city": "Himatnagar Ceramic & Sabar Dairy Hub",
        "rating": 4.0,
        "footfall": 2301,
        "revenue_index": 0.47,
        "value": 0.937
      }
    },
    {
      "type": "Feature",
      "geometry": {
        "type": "Point",
        "coordinates": [
          72.969,
          23.61523
        ]
      },
      "properties": {
        "name": "Himatnagar Ceramic & Sabar Dairy Hub Hotel #825",
        "type": "hotel",
        "category": "hotel",
        "city": "Himatnagar Ceramic & Sabar Dairy Hub",
        "rating": 3.7,
        "footfall": 2538,
        "revenue_index": 0.75,
        "value": 0.741
      }
    },
    {
      "type": "Feature",
      "geometry": {
        "type": "Point",
        "coordinates": [
          73.02876,
          23.86127
        ]
      },
      "properties": {
        "name": "Idar Granite Hills & Fort Town Hotel #826",
        "type": "hotel",
        "category": "hotel",
        "city": "Idar Granite Hills & Fort Town",
        "rating": 4.6,
        "footfall": 678,
        "revenue_index": 0.79,
        "value": 0.89
      }
    },
    {
      "type": "Feature",
      "geometry": {
        "type": "Point",
        "coordinates": [
          73.00638,
          23.82671
        ]
      },
      "properties": {
        "name": "Idar Granite Hills & Fort Town Retail #827",
        "type": "retail",
        "category": "retail",
        "city": "Idar Granite Hills & Fort Town",
        "rating": 3.7,
        "footfall": 3385,
        "revenue_index": 0.58,
        "value": 0.939
      }
    },
    {
      "type": "Feature",
      "geometry": {
        "type": "Point",
        "coordinates": [
          73.00592,
          23.81884
        ]
      },
      "properties": {
        "name": "Idar Granite Hills & Fort Town Retail #828",
        "type": "retail",
        "category": "retail",
        "city": "Idar Granite Hills & Fort Town",
        "rating": 4.8,
        "footfall": 3927,
        "revenue_index": 0.75,
        "value": 0.966
      }
    },
    {
      "type": "Feature",
      "geometry": {
        "type": "Point",
        "coordinates": [
          73.02513,
          23.85106
        ]
      },
      "properties": {
        "name": "Idar Granite Hills & Fort Town Bank #829",
        "type": "bank",
        "category": "bank",
        "city": "Idar Granite Hills & Fort Town",
        "rating": 4.4,
        "footfall": 2778,
        "revenue_index": 0.9,
        "value": 0.354
      }
    },
    {
      "type": "Feature",
      "geometry": {
        "type": "Point",
        "coordinates": [
          72.89566,
          23.44549
        ]
      },
      "properties": {
        "name": "Prantij Jaggery (Gur) Mandi Gas Station #830",
        "type": "gas_station",
        "category": "gas_station",
        "city": "Prantij Jaggery (Gur) Mandi",
        "rating": 3.9,
        "footfall": 1738,
        "revenue_index": 0.62,
        "value": 0.958
      }
    },
    {
      "type": "Feature",
      "geometry": {
        "type": "Point",
        "coordinates": [
          72.83779,
          23.4345
        ]
      },
      "properties": {
        "name": "Prantij Jaggery (Gur) Mandi Grocery #831",
        "type": "grocery",
        "category": "grocery",
        "city": "Prantij Jaggery (Gur) Mandi",
        "rating": 4.0,
        "footfall": 3715,
        "revenue_index": 0.5,
        "value": 0.383
      }
    },
    {
      "type": "Feature",
      "geometry": {
        "type": "Point",
        "coordinates": [
          72.8558,
          23.43304
        ]
      },
      "properties": {
        "name": "Prantij Jaggery (Gur) Mandi Restaurant #832",
        "type": "restaurant",
        "category": "restaurant",
        "city": "Prantij Jaggery (Gur) Mandi",
        "rating": 3.7,
        "footfall": 3264,
        "revenue_index": 0.48,
        "value": 0.614
      }
    },
    {
      "type": "Feature",
      "geometry": {
        "type": "Point",
        "coordinates": [
          72.82459,
          23.44633
        ]
      },
      "properties": {
        "name": "Prantij Jaggery (Gur) Mandi Restaurant #833",
        "type": "restaurant",
        "category": "restaurant",
        "city": "Prantij Jaggery (Gur) Mandi",
        "rating": 4.9,
        "footfall": 1601,
        "revenue_index": 0.82,
        "value": 0.875
      }
    },
    {
      "type": "Feature",
      "geometry": {
        "type": "Point",
        "coordinates": [
          73.2762,
          23.45921
        ]
      },
      "properties": {
        "name": "Modasa Commercial Trading Epicenter Bank #834",
        "type": "bank",
        "category": "bank",
        "city": "Modasa Commercial Trading Epicenter",
        "rating": 3.7,
        "footfall": 2024,
        "revenue_index": 0.72,
        "value": 0.472
      }
    },
    {
      "type": "Feature",
      "geometry": {
        "type": "Point",
        "coordinates": [
          73.30323,
          23.44857
        ]
      },
      "properties": {
        "name": "Modasa Commercial Trading Epicenter Bank #835",
        "type": "bank",
        "category": "bank",
        "city": "Modasa Commercial Trading Epicenter",
        "rating": 3.8,
        "footfall": 2807,
        "revenue_index": 0.9,
        "value": 0.546
      }
    },
    {
      "type": "Feature",
      "geometry": {
        "type": "Point",
        "coordinates": [
          73.20738,
          23.23805
        ]
      },
      "properties": {
        "name": "Bayad Groundnut & Agri Mandi Grocery #836",
        "type": "grocery",
        "category": "grocery",
        "city": "Bayad Groundnut & Agri Mandi",
        "rating": 3.6,
        "footfall": 2619,
        "revenue_index": 0.71,
        "value": 0.366
      }
    },
    {
      "type": "Feature",
      "geometry": {
        "type": "Point",
        "coordinates": [
          73.19779,
          23.22997
        ]
      },
      "properties": {
        "name": "Bayad Groundnut & Agri Mandi Hotel #837",
        "type": "hotel",
        "category": "hotel",
        "city": "Bayad Groundnut & Agri Mandi",
        "rating": 3.8,
        "footfall": 2247,
        "revenue_index": 0.62,
        "value": 0.391
      }
    },
    {
      "type": "Feature",
      "geometry": {
        "type": "Point",
        "coordinates": [
          73.21927,
          23.23338
        ]
      },
      "properties": {
        "name": "Bayad Groundnut & Agri Mandi Hotel #838",
        "type": "hotel",
        "category": "hotel",
        "city": "Bayad Groundnut & Agri Mandi",
        "rating": 4.2,
        "footfall": 3032,
        "revenue_index": 0.49,
        "value": 0.827
      }
    },
    {
      "type": "Feature",
      "geometry": {
        "type": "Point",
        "coordinates": [
          73.2288,
          23.24683
        ]
      },
      "properties": {
        "name": "Bayad Groundnut & Agri Mandi Retail #839",
        "type": "retail",
        "category": "retail",
        "city": "Bayad Groundnut & Agri Mandi",
        "rating": 4.9,
        "footfall": 4965,
        "revenue_index": 0.9,
        "value": 0.964
      }
    },
    {
      "type": "Feature",
      "geometry": {
        "type": "Point",
        "coordinates": [
          73.39486,
          23.7015
        ]
      },
      "properties": {
        "name": "Shamlaji Gadadhar Temple & Border Bank #840",
        "type": "bank",
        "category": "bank",
        "city": "Shamlaji Gadadhar Temple & Border",
        "rating": 3.8,
        "footfall": 4809,
        "revenue_index": 0.76,
        "value": 0.399
      }
    },
    {
      "type": "Feature",
      "geometry": {
        "type": "Point",
        "coordinates": [
          73.39042,
          23.67292
        ]
      },
      "properties": {
        "name": "Shamlaji Gadadhar Temple & Border Ev Charging #841",
        "type": "ev_charging",
        "category": "ev_charging",
        "city": "Shamlaji Gadadhar Temple & Border",
        "rating": 3.6,
        "footfall": 1001,
        "revenue_index": 0.75,
        "value": 0.573
      }
    },
    {
      "type": "Feature",
      "geometry": {
        "type": "Point",
        "coordinates": [
          73.38015,
          23.69552
        ]
      },
      "properties": {
        "name": "Shamlaji Gadadhar Temple & Border Bank #842",
        "type": "bank",
        "category": "bank",
        "city": "Shamlaji Gadadhar Temple & Border",
        "rating": 3.7,
        "footfall": 1181,
        "revenue_index": 0.62,
        "value": 0.876
      }
    },
    {
      "type": "Feature",
      "geometry": {
        "type": "Point",
        "coordinates": [
          73.40863,
          23.67826
        ]
      },
      "properties": {
        "name": "Shamlaji Gadadhar Temple & Border Grocery #843",
        "type": "grocery",
        "category": "grocery",
        "city": "Shamlaji Gadadhar Temple & Border",
        "rating": 4.1,
        "footfall": 3396,
        "revenue_index": 0.58,
        "value": 0.77
      }
    },
    {
      "type": "Feature",
      "geometry": {
        "type": "Point",
        "coordinates": [
          73.37651,
          23.68597
        ]
      },
      "properties": {
        "name": "Shamlaji Gadadhar Temple & Border Gas Station #844",
        "type": "gas_station",
        "category": "gas_station",
        "city": "Shamlaji Gadadhar Temple & Border",
        "rating": 4.7,
        "footfall": 422,
        "revenue_index": 0.48,
        "value": 0.357
      }
    },
    {
      "type": "Feature",
      "geometry": {
        "type": "Point",
        "coordinates": [
          73.41364,
          23.68081
        ]
      },
      "properties": {
        "name": "Shamlaji Gadadhar Temple & Border Retail #845",
        "type": "retail",
        "category": "retail",
        "city": "Shamlaji Gadadhar Temple & Border",
        "rating": 4.5,
        "footfall": 3012,
        "revenue_index": 0.92,
        "value": 0.424
      }
    },
    {
      "type": "Feature",
      "geometry": {
        "type": "Point",
        "coordinates": [
          73.38529,
          23.67919
        ]
      },
      "properties": {
        "name": "Shamlaji Gadadhar Temple & Border Hotel #846",
        "type": "hotel",
        "category": "hotel",
        "city": "Shamlaji Gadadhar Temple & Border",
        "rating": 3.9,
        "footfall": 4872,
        "revenue_index": 0.53,
        "value": 0.401
      }
    },
    {
      "type": "Feature",
      "geometry": {
        "type": "Point",
        "coordinates": [
          73.37328,
          23.65581
        ]
      },
      "properties": {
        "name": "Shamlaji Gadadhar Temple & Border Grocery #847",
        "type": "grocery",
        "category": "grocery",
        "city": "Shamlaji Gadadhar Temple & Border",
        "rating": 4.1,
        "footfall": 1713,
        "revenue_index": 0.86,
        "value": 0.815
      }
    },
    {
      "type": "Feature",
      "geometry": {
        "type": "Point",
        "coordinates": [
          72.95773,
          20.96758
        ]
      },
      "properties": {
        "name": "Navsari Diamond Cutting & Parsi Heritage Hotel #848",
        "type": "hotel",
        "category": "hotel",
        "city": "Navsari Diamond Cutting & Parsi Heritage",
        "rating": 4.3,
        "footfall": 3671,
        "revenue_index": 0.81,
        "value": 0.526
      }
    },
    {
      "type": "Feature",
      "geometry": {
        "type": "Point",
        "coordinates": [
          72.94638,
          20.97633
        ]
      },
      "properties": {
        "name": "Navsari Diamond Cutting & Parsi Heritage Bank #849",
        "type": "bank",
        "category": "bank",
        "city": "Navsari Diamond Cutting & Parsi Heritage",
        "rating": 4.2,
        "footfall": 4827,
        "revenue_index": 0.46,
        "value": 0.597
      }
    },
    {
      "type": "Feature",
      "geometry": {
        "type": "Point",
        "coordinates": [
          72.97719,
          20.96216
        ]
      },
      "properties": {
        "name": "Navsari Diamond Cutting & Parsi Heritage Retail #850",
        "type": "retail",
        "category": "retail",
        "city": "Navsari Diamond Cutting & Parsi Heritage",
        "rating": 4.9,
        "footfall": 3530,
        "revenue_index": 0.6,
        "value": 0.626
      }
    },
    {
      "type": "Feature",
      "geometry": {
        "type": "Point",
        "coordinates": [
          72.92902,
          20.91728
        ]
      },
      "properties": {
        "name": "Navsari Diamond Cutting & Parsi Heritage Bank #851",
        "type": "bank",
        "category": "bank",
        "city": "Navsari Diamond Cutting & Parsi Heritage",
        "rating": 3.9,
        "footfall": 3820,
        "revenue_index": 0.52,
        "value": 0.385
      }
    },
    {
      "type": "Feature",
      "geometry": {
        "type": "Point",
        "coordinates": [
          73.00192,
          20.77556
        ]
      },
      "properties": {
        "name": "Bilimora Port & Mango Export Center Ev Charging #852",
        "type": "ev_charging",
        "category": "ev_charging",
        "city": "Bilimora Port & Mango Export Center",
        "rating": 3.9,
        "footfall": 569,
        "revenue_index": 0.72,
        "value": 0.67
      }
    },
    {
      "type": "Feature",
      "geometry": {
        "type": "Point",
        "coordinates": [
          72.96994,
          20.78663
        ]
      },
      "properties": {
        "name": "Bilimora Port & Mango Export Center Gas Station #853",
        "type": "gas_station",
        "category": "gas_station",
        "city": "Bilimora Port & Mango Export Center",
        "rating": 4.2,
        "footfall": 4541,
        "revenue_index": 0.83,
        "value": 0.731
      }
    },
    {
      "type": "Feature",
      "geometry": {
        "type": "Point",
        "coordinates": [
          72.96457,
          20.72022
        ]
      },
      "properties": {
        "name": "Bilimora Port & Mango Export Center Grocery #854",
        "type": "grocery",
        "category": "grocery",
        "city": "Bilimora Port & Mango Export Center",
        "rating": 3.8,
        "footfall": 1362,
        "revenue_index": 0.77,
        "value": 0.738
      }
    },
    {
      "type": "Feature",
      "geometry": {
        "type": "Point",
        "coordinates": [
          72.95282,
          20.73442
        ]
      },
      "properties": {
        "name": "Bilimora Port & Mango Export Center Bank #855",
        "type": "bank",
        "category": "bank",
        "city": "Bilimora Port & Mango Export Center",
        "rating": 4.4,
        "footfall": 2711,
        "revenue_index": 0.91,
        "value": 0.4
      }
    },
    {
      "type": "Feature",
      "geometry": {
        "type": "Point",
        "coordinates": [
          73.09268,
          20.76499
        ]
      },
      "properties": {
        "name": "Chikhli NH-48 Express Junction Restaurant #856",
        "type": "restaurant",
        "category": "restaurant",
        "city": "Chikhli NH-48 Express Junction",
        "rating": 4.7,
        "footfall": 3501,
        "revenue_index": 0.5,
        "value": 0.561
      }
    },
    {
      "type": "Feature",
      "geometry": {
        "type": "Point",
        "coordinates": [
          73.07618,
          20.75254
        ]
      },
      "properties": {
        "name": "Chikhli NH-48 Express Junction Retail #857",
        "type": "retail",
        "category": "retail",
        "city": "Chikhli NH-48 Express Junction",
        "rating": 4.0,
        "footfall": 3671,
        "revenue_index": 0.58,
        "value": 0.765
      }
    },
    {
      "type": "Feature",
      "geometry": {
        "type": "Point",
        "coordinates": [
          73.07663,
          20.77345
        ]
      },
      "properties": {
        "name": "Chikhli NH-48 Express Junction Retail #858",
        "type": "retail",
        "category": "retail",
        "city": "Chikhli NH-48 Express Junction",
        "rating": 4.0,
        "footfall": 4125,
        "revenue_index": 0.87,
        "value": 0.774
      }
    },
    {
      "type": "Feature",
      "geometry": {
        "type": "Point",
        "coordinates": [
          73.0644,
          20.75765
        ]
      },
      "properties": {
        "name": "Chikhli NH-48 Express Junction Restaurant #859",
        "type": "restaurant",
        "category": "restaurant",
        "city": "Chikhli NH-48 Express Junction",
        "rating": 4.4,
        "footfall": 4253,
        "revenue_index": 0.81,
        "value": 0.65
      }
    },
    {
      "type": "Feature",
      "geometry": {
        "type": "Point",
        "coordinates": [
          72.90482,
          20.40669
        ]
      },
      "properties": {
        "name": "Vapi Mega GIDC Industrial Estate Ev Charging #860",
        "type": "ev_charging",
        "category": "ev_charging",
        "city": "Vapi Mega GIDC Industrial Estate",
        "rating": 4.0,
        "footfall": 864,
        "revenue_index": 0.91,
        "value": 0.778
      }
    },
    {
      "type": "Feature",
      "geometry": {
        "type": "Point",
        "coordinates": [
          72.89966,
          20.38439
        ]
      },
      "properties": {
        "name": "Vapi Mega GIDC Industrial Estate Bank #861",
        "type": "bank",
        "category": "bank",
        "city": "Vapi Mega GIDC Industrial Estate",
        "rating": 4.8,
        "footfall": 1054,
        "revenue_index": 0.69,
        "value": 0.39
      }
    },
    {
      "type": "Feature",
      "geometry": {
        "type": "Point",
        "coordinates": [
          72.91656,
          20.38251
        ]
      },
      "properties": {
        "name": "Vapi Mega GIDC Industrial Estate Grocery #862",
        "type": "grocery",
        "category": "grocery",
        "city": "Vapi Mega GIDC Industrial Estate",
        "rating": 4.3,
        "footfall": 2397,
        "revenue_index": 0.76,
        "value": 0.615
      }
    },
    {
      "type": "Feature",
      "geometry": {
        "type": "Point",
        "coordinates": [
          72.87339,
          20.39888
        ]
      },
      "properties": {
        "name": "Vapi Mega GIDC Industrial Estate Gas Station #863",
        "type": "gas_station",
        "category": "gas_station",
        "city": "Vapi Mega GIDC Industrial Estate",
        "rating": 3.8,
        "footfall": 3737,
        "revenue_index": 0.55,
        "value": 0.556
      }
    },
    {
      "type": "Feature",
      "geometry": {
        "type": "Point",
        "coordinates": [
          72.89077,
          20.39035
        ]
      },
      "properties": {
        "name": "Vapi Mega GIDC Industrial Estate Retail #864",
        "type": "retail",
        "category": "retail",
        "city": "Vapi Mega GIDC Industrial Estate",
        "rating": 4.1,
        "footfall": 511,
        "revenue_index": 0.52,
        "value": 0.592
      }
    },
    {
      "type": "Feature",
      "geometry": {
        "type": "Point",
        "coordinates": [
          72.89326,
          20.38826
        ]
      },
      "properties": {
        "name": "Vapi Mega GIDC Industrial Estate Restaurant #865",
        "type": "restaurant",
        "category": "restaurant",
        "city": "Vapi Mega GIDC Industrial Estate",
        "rating": 4.1,
        "footfall": 4950,
        "revenue_index": 0.93,
        "value": 0.354
      }
    },
    {
      "type": "Feature",
      "geometry": {
        "type": "Point",
        "coordinates": [
          72.92142,
          20.61726
        ]
      },
      "properties": {
        "name": "Valsad Coastal City & Tithal Beach Retail #866",
        "type": "retail",
        "category": "retail",
        "city": "Valsad Coastal City & Tithal Beach",
        "rating": 4.0,
        "footfall": 824,
        "revenue_index": 0.66,
        "value": 0.376
      }
    },
    {
      "type": "Feature",
      "geometry": {
        "type": "Point",
        "coordinates": [
          72.94662,
          20.58405
        ]
      },
      "properties": {
        "name": "Valsad Coastal City & Tithal Beach Retail #867",
        "type": "retail",
        "category": "retail",
        "city": "Valsad Coastal City & Tithal Beach",
        "rating": 4.1,
        "footfall": 1458,
        "revenue_index": 0.84,
        "value": 0.909
      }
    },
    {
      "type": "Feature",
      "geometry": {
        "type": "Point",
        "coordinates": [
          72.94855,
          20.62106
        ]
      },
      "properties": {
        "name": "Valsad Coastal City & Tithal Beach Ev Charging #868",
        "type": "ev_charging",
        "category": "ev_charging",
        "city": "Valsad Coastal City & Tithal Beach",
        "rating": 4.7,
        "footfall": 4864,
        "revenue_index": 0.76,
        "value": 0.357
      }
    },
    {
      "type": "Feature",
      "geometry": {
        "type": "Point",
        "coordinates": [
          72.94142,
          20.60065
        ]
      },
      "properties": {
        "name": "Valsad Coastal City & Tithal Beach Retail #869",
        "type": "retail",
        "category": "retail",
        "city": "Valsad Coastal City & Tithal Beach",
        "rating": 4.9,
        "footfall": 880,
        "revenue_index": 0.88,
        "value": 0.499
      }
    },
    {
      "type": "Feature",
      "geometry": {
        "type": "Point",
        "coordinates": [
          72.95307,
          20.5257
        ]
      },
      "properties": {
        "name": "Pardi Grassland & Industrial Estate Retail #870",
        "type": "retail",
        "category": "retail",
        "city": "Pardi Grassland & Industrial Estate",
        "rating": 4.4,
        "footfall": 3176,
        "revenue_index": 0.53,
        "value": 0.476
      }
    },
    {
      "type": "Feature",
      "geometry": {
        "type": "Point",
        "coordinates": [
          72.93957,
          20.53597
        ]
      },
      "properties": {
        "name": "Pardi Grassland & Industrial Estate Grocery #871",
        "type": "grocery",
        "category": "grocery",
        "city": "Pardi Grassland & Industrial Estate",
        "rating": 4.2,
        "footfall": 3403,
        "revenue_index": 0.57,
        "value": 0.421
      }
    },
    {
      "type": "Feature",
      "geometry": {
        "type": "Point",
        "coordinates": [
          72.93991,
          20.50306
        ]
      },
      "properties": {
        "name": "Pardi Grassland & Industrial Estate Gas Station #872",
        "type": "gas_station",
        "category": "gas_station",
        "city": "Pardi Grassland & Industrial Estate",
        "rating": 3.7,
        "footfall": 4769,
        "revenue_index": 0.68,
        "value": 0.434
      }
    },
    {
      "type": "Feature",
      "geometry": {
        "type": "Point",
        "coordinates": [
          72.94658,
          20.52524
        ]
      },
      "properties": {
        "name": "Pardi Grassland & Industrial Estate Hotel #873",
        "type": "hotel",
        "category": "hotel",
        "city": "Pardi Grassland & Industrial Estate",
        "rating": 4.8,
        "footfall": 2818,
        "revenue_index": 0.8,
        "value": 0.512
      }
    },
    {
      "type": "Feature",
      "geometry": {
        "type": "Point",
        "coordinates": [
          72.78931,
          20.18593
        ]
      },
      "properties": {
        "name": "Umbergaon GIDC & Film Studio Port Restaurant #874",
        "type": "restaurant",
        "category": "restaurant",
        "city": "Umbergaon GIDC & Film Studio Port",
        "rating": 3.7,
        "footfall": 2741,
        "revenue_index": 0.85,
        "value": 0.956
      }
    },
    {
      "type": "Feature",
      "geometry": {
        "type": "Point",
        "coordinates": [
          72.77652,
          20.18689
        ]
      },
      "properties": {
        "name": "Umbergaon GIDC & Film Studio Port Ev Charging #875",
        "type": "ev_charging",
        "category": "ev_charging",
        "city": "Umbergaon GIDC & Film Studio Port",
        "rating": 3.9,
        "footfall": 1141,
        "revenue_index": 0.52,
        "value": 0.36
      }
    },
    {
      "type": "Feature",
      "geometry": {
        "type": "Point",
        "coordinates": [
          72.74735,
          20.16058
        ]
      },
      "properties": {
        "name": "Umbergaon GIDC & Film Studio Port Grocery #876",
        "type": "grocery",
        "category": "grocery",
        "city": "Umbergaon GIDC & Film Studio Port",
        "rating": 4.1,
        "footfall": 3270,
        "revenue_index": 0.73,
        "value": 0.529
      }
    },
    {
      "type": "Feature",
      "geometry": {
        "type": "Point",
        "coordinates": [
          72.74578,
          20.19835
        ]
      },
      "properties": {
        "name": "Umbergaon GIDC & Film Studio Port Ev Charging #877",
        "type": "ev_charging",
        "category": "ev_charging",
        "city": "Umbergaon GIDC & Film Studio Port",
        "rating": 4.1,
        "footfall": 3727,
        "revenue_index": 0.53,
        "value": 0.456
      }
    },
    {
      "type": "Feature",
      "geometry": {
        "type": "Point",
        "coordinates": [
          72.74109,
          20.19506
        ]
      },
      "properties": {
        "name": "Umbergaon GIDC & Film Studio Port Retail #878",
        "type": "retail",
        "category": "retail",
        "city": "Umbergaon GIDC & Film Studio Port",
        "rating": 4.2,
        "footfall": 4455,
        "revenue_index": 0.48,
        "value": 0.791
      }
    },
    {
      "type": "Feature",
      "geometry": {
        "type": "Point",
        "coordinates": [
          72.77046,
          20.17956
        ]
      },
      "properties": {
        "name": "Umbergaon GIDC & Film Studio Port Hotel #879",
        "type": "hotel",
        "category": "hotel",
        "city": "Umbergaon GIDC & Film Studio Port",
        "rating": 4.1,
        "footfall": 3840,
        "revenue_index": 0.9,
        "value": 0.545
      }
    },
    {
      "type": "Feature",
      "geometry": {
        "type": "Point",
        "coordinates": [
          73.69155,
          20.74456
        ]
      },
      "properties": {
        "name": "Ahwa Forest District Headquarters Ev Charging #880",
        "type": "ev_charging",
        "category": "ev_charging",
        "city": "Ahwa Forest District Headquarters",
        "rating": 4.2,
        "footfall": 1663,
        "revenue_index": 0.85,
        "value": 0.918
      }
    },
    {
      "type": "Feature",
      "geometry": {
        "type": "Point",
        "coordinates": [
          73.68933,
          20.75056
        ]
      },
      "properties": {
        "name": "Ahwa Forest District Headquarters Ev Charging #881",
        "type": "ev_charging",
        "category": "ev_charging",
        "city": "Ahwa Forest District Headquarters",
        "rating": 4.6,
        "footfall": 915,
        "revenue_index": 0.64,
        "value": 0.58
      }
    },
    {
      "type": "Feature",
      "geometry": {
        "type": "Point",
        "coordinates": [
          73.7678,
          20.60984
        ]
      },
      "properties": {
        "name": "Saputara Hill Station Resort Bank #882",
        "type": "bank",
        "category": "bank",
        "city": "Saputara Hill Station Resort",
        "rating": 3.6,
        "footfall": 4014,
        "revenue_index": 0.57,
        "value": 0.807
      }
    },
    {
      "type": "Feature",
      "geometry": {
        "type": "Point",
        "coordinates": [
          73.74438,
          20.5916
        ]
      },
      "properties": {
        "name": "Saputara Hill Station Resort Hotel #883",
        "type": "hotel",
        "category": "hotel",
        "city": "Saputara Hill Station Resort",
        "rating": 3.7,
        "footfall": 3867,
        "revenue_index": 0.48,
        "value": 0.682
      }
    },
    {
      "type": "Feature",
      "geometry": {
        "type": "Point",
        "coordinates": [
          73.74244,
          20.56046
        ]
      },
      "properties": {
        "name": "Saputara Hill Station Resort Restaurant #884",
        "type": "restaurant",
        "category": "restaurant",
        "city": "Saputara Hill Station Resort",
        "rating": 3.9,
        "footfall": 1014,
        "revenue_index": 0.56,
        "value": 0.722
      }
    },
    {
      "type": "Feature",
      "geometry": {
        "type": "Point",
        "coordinates": [
          73.77133,
          20.56744
        ]
      },
      "properties": {
        "name": "Saputara Hill Station Resort Retail #885",
        "type": "retail",
        "category": "retail",
        "city": "Saputara Hill Station Resort",
        "rating": 4.5,
        "footfall": 2564,
        "revenue_index": 0.84,
        "value": 0.58
      }
    },
    {
      "type": "Feature",
      "geometry": {
        "type": "Point",
        "coordinates": [
          73.76837,
          20.59962
        ]
      },
      "properties": {
        "name": "Saputara Hill Station Resort Bank #886",
        "type": "bank",
        "category": "bank",
        "city": "Saputara Hill Station Resort",
        "rating": 4.8,
        "footfall": 4230,
        "revenue_index": 0.76,
        "value": 0.551
      }
    },
    {
      "type": "Feature",
      "geometry": {
        "type": "Point",
        "coordinates": [
          73.75568,
          20.55415
        ]
      },
      "properties": {
        "name": "Saputara Hill Station Resort Bank #887",
        "type": "bank",
        "category": "bank",
        "city": "Saputara Hill Station Resort",
        "rating": 3.7,
        "footfall": 4698,
        "revenue_index": 0.79,
        "value": 0.685
      }
    },
    {
      "type": "Feature",
      "geometry": {
        "type": "Point",
        "coordinates": [
          73.7616,
          20.55003
        ]
      },
      "properties": {
        "name": "Saputara Hill Station Resort Ev Charging #888",
        "type": "ev_charging",
        "category": "ev_charging",
        "city": "Saputara Hill Station Resort",
        "rating": 4.7,
        "footfall": 3714,
        "revenue_index": 0.76,
        "value": 0.621
      }
    },
    {
      "type": "Feature",
      "geometry": {
        "type": "Point",
        "coordinates": [
          73.7568,
          20.56747
        ]
      },
      "properties": {
        "name": "Saputara Hill Station Resort Restaurant #889",
        "type": "restaurant",
        "category": "restaurant",
        "city": "Saputara Hill Station Resort",
        "rating": 3.9,
        "footfall": 3040,
        "revenue_index": 0.83,
        "value": 0.662
      }
    },
    {
      "type": "Feature",
      "geometry": {
        "type": "Point",
        "coordinates": [
          73.4838,
          20.75527
        ]
      },
      "properties": {
        "name": "Waghai Botanical Gardens & Timber Gate Gas Station #890",
        "type": "gas_station",
        "category": "gas_station",
        "city": "Waghai Botanical Gardens & Timber Gate",
        "rating": 4.3,
        "footfall": 456,
        "revenue_index": 0.65,
        "value": 0.645
      }
    },
    {
      "type": "Feature",
      "geometry": {
        "type": "Point",
        "coordinates": [
          73.45742,
          20.77554
        ]
      },
      "properties": {
        "name": "Waghai Botanical Gardens & Timber Gate Bank #891",
        "type": "bank",
        "category": "bank",
        "city": "Waghai Botanical Gardens & Timber Gate",
        "rating": 4.5,
        "footfall": 4283,
        "revenue_index": 0.87,
        "value": 0.406
      }
    },
    {
      "type": "Feature",
      "geometry": {
        "type": "Point",
        "coordinates": [
          73.53419,
          20.76691
        ]
      },
      "properties": {
        "name": "Waghai Botanical Gardens & Timber Gate Hotel #892",
        "type": "hotel",
        "category": "hotel",
        "city": "Waghai Botanical Gardens & Timber Gate",
        "rating": 4.4,
        "footfall": 5017,
        "revenue_index": 0.55,
        "value": 0.366
      }
    },
    {
      "type": "Feature",
      "geometry": {
        "type": "Point",
        "coordinates": [
          73.51579,
          20.75781
        ]
      },
      "properties": {
        "name": "Waghai Botanical Gardens & Timber Gate Restaurant #893",
        "type": "restaurant",
        "category": "restaurant",
        "city": "Waghai Botanical Gardens & Timber Gate",
        "rating": 3.8,
        "footfall": 1576,
        "revenue_index": 0.82,
        "value": 0.73
      }
    },
    {
      "type": "Feature",
      "geometry": {
        "type": "Point",
        "coordinates": [
          73.40363,
          21.08441
        ]
      },
      "properties": {
        "name": "Vyara Heritage Capital & Fort Restaurant #894",
        "type": "restaurant",
        "category": "restaurant",
        "city": "Vyara Heritage Capital & Fort",
        "rating": 3.9,
        "footfall": 3716,
        "revenue_index": 0.6,
        "value": 0.375
      }
    },
    {
      "type": "Feature",
      "geometry": {
        "type": "Point",
        "coordinates": [
          73.37494,
          21.13156
        ]
      },
      "properties": {
        "name": "Vyara Heritage Capital & Fort Ev Charging #895",
        "type": "ev_charging",
        "category": "ev_charging",
        "city": "Vyara Heritage Capital & Fort",
        "rating": 3.9,
        "footfall": 1742,
        "revenue_index": 0.88,
        "value": 0.939
      }
    },
    {
      "type": "Feature",
      "geometry": {
        "type": "Point",
        "coordinates": [
          73.54602,
          21.18698
        ]
      },
      "properties": {
        "name": "Songadh Fort & JK Paper Mills Grocery #896",
        "type": "grocery",
        "category": "grocery",
        "city": "Songadh Fort & JK Paper Mills",
        "rating": 4.7,
        "footfall": 1930,
        "revenue_index": 0.59,
        "value": 0.627
      }
    },
    {
      "type": "Feature",
      "geometry": {
        "type": "Point",
        "coordinates": [
          73.54556,
          21.19394
        ]
      },
      "properties": {
        "name": "Songadh Fort & JK Paper Mills Bank #897",
        "type": "bank",
        "category": "bank",
        "city": "Songadh Fort & JK Paper Mills",
        "rating": 3.8,
        "footfall": 4782,
        "revenue_index": 0.91,
        "value": 0.761
      }
    },
    {
      "type": "Feature",
      "geometry": {
        "type": "Point",
        "coordinates": [
          73.56448,
          21.18381
        ]
      },
      "properties": {
        "name": "Songadh Fort & JK Paper Mills Restaurant #898",
        "type": "restaurant",
        "category": "restaurant",
        "city": "Songadh Fort & JK Paper Mills",
        "rating": 3.6,
        "footfall": 1169,
        "revenue_index": 0.58,
        "value": 0.975
      }
    },
    {
      "type": "Feature",
      "geometry": {
        "type": "Point",
        "coordinates": [
          73.57165,
          21.195
        ]
      },
      "properties": {
        "name": "Songadh Fort & JK Paper Mills Restaurant #899",
        "type": "restaurant",
        "category": "restaurant",
        "city": "Songadh Fort & JK Paper Mills",
        "rating": 4.6,
        "footfall": 1835,
        "revenue_index": 0.72,
        "value": 0.535
      }
    },
    {
      "type": "Feature",
      "geometry": {
        "type": "Point",
        "coordinates": [
          73.57685,
          21.17378
        ]
      },
      "properties": {
        "name": "Songadh Fort & JK Paper Mills Bank #900",
        "type": "bank",
        "category": "bank",
        "city": "Songadh Fort & JK Paper Mills",
        "rating": 3.7,
        "footfall": 4703,
        "revenue_index": 0.53,
        "value": 0.733
      }
    },
    {
      "type": "Feature",
      "geometry": {
        "type": "Point",
        "coordinates": [
          73.53733,
          21.17682
        ]
      },
      "properties": {
        "name": "Songadh Fort & JK Paper Mills Hotel #901",
        "type": "hotel",
        "category": "hotel",
        "city": "Songadh Fort & JK Paper Mills",
        "rating": 4.0,
        "footfall": 1088,
        "revenue_index": 0.62,
        "value": 0.519
      }
    },
    {
      "type": "Feature",
      "geometry": {
        "type": "Point",
        "coordinates": [
          70.88002,
          22.78669
        ]
      },
      "properties": {
        "name": "Morbi Ceramic Industrial Cluster Retail #902",
        "type": "retail",
        "category": "retail",
        "city": "Morbi Ceramic Industrial Cluster",
        "rating": 4.8,
        "footfall": 4025,
        "revenue_index": 0.62,
        "value": 0.708
      }
    },
    {
      "type": "Feature",
      "geometry": {
        "type": "Point",
        "coordinates": [
          70.83185,
          22.80509
        ]
      },
      "properties": {
        "name": "Morbi Ceramic Industrial Cluster Grocery #903",
        "type": "grocery",
        "category": "grocery",
        "city": "Morbi Ceramic Industrial Cluster",
        "rating": 4.8,
        "footfall": 1418,
        "revenue_index": 0.47,
        "value": 0.801
      }
    },
    {
      "type": "Feature",
      "geometry": {
        "type": "Point",
        "coordinates": [
          70.84922,
          22.79895
        ]
      },
      "properties": {
        "name": "Morbi Ceramic Industrial Cluster Restaurant #904",
        "type": "restaurant",
        "category": "restaurant",
        "city": "Morbi Ceramic Industrial Cluster",
        "rating": 3.9,
        "footfall": 1667,
        "revenue_index": 0.55,
        "value": 0.828
      }
    },
    {
      "type": "Feature",
      "geometry": {
        "type": "Point",
        "coordinates": [
          70.83632,
          22.84676
        ]
      },
      "properties": {
        "name": "Morbi Ceramic Industrial Cluster Restaurant #905",
        "type": "restaurant",
        "category": "restaurant",
        "city": "Morbi Ceramic Industrial Cluster",
        "rating": 4.8,
        "footfall": 4436,
        "revenue_index": 0.69,
        "value": 0.644
      }
    },
    {
      "type": "Feature",
      "geometry": {
        "type": "Point",
        "coordinates": [
          70.8476,
          22.81465
        ]
      },
      "properties": {
        "name": "Morbi Ceramic Industrial Cluster Bank #906",
        "type": "bank",
        "category": "bank",
        "city": "Morbi Ceramic Industrial Cluster",
        "rating": 4.3,
        "footfall": 676,
        "revenue_index": 0.96,
        "value": 0.603
      }
    },
    {
      "type": "Feature",
      "geometry": {
        "type": "Point",
        "coordinates": [
          70.86244,
          22.80488
        ]
      },
      "properties": {
        "name": "Morbi Ceramic Industrial Cluster Hotel #907",
        "type": "hotel",
        "category": "hotel",
        "city": "Morbi Ceramic Industrial Cluster",
        "rating": 4.2,
        "footfall": 2098,
        "revenue_index": 0.75,
        "value": 0.383
      }
    },
    {
      "type": "Feature",
      "geometry": {
        "type": "Point",
        "coordinates": [
          70.84313,
          22.80706
        ]
      },
      "properties": {
        "name": "Morbi Ceramic Industrial Cluster Grocery #908",
        "type": "grocery",
        "category": "grocery",
        "city": "Morbi Ceramic Industrial Cluster",
        "rating": 4.0,
        "footfall": 4524,
        "revenue_index": 0.87,
        "value": 0.435
      }
    },
    {
      "type": "Feature",
      "geometry": {
        "type": "Point",
        "coordinates": [
          70.87488,
          22.8038
        ]
      },
      "properties": {
        "name": "Morbi Ceramic Industrial Cluster Retail #909",
        "type": "retail",
        "category": "retail",
        "city": "Morbi Ceramic Industrial Cluster",
        "rating": 4.4,
        "footfall": 2837,
        "revenue_index": 0.84,
        "value": 0.433
      }
    },
    {
      "type": "Feature",
      "geometry": {
        "type": "Point",
        "coordinates": [
          70.96013,
          22.60508
        ]
      },
      "properties": {
        "name": "Wankaner Heritage Palace & Ceramic Unit Bank #910",
        "type": "bank",
        "category": "bank",
        "city": "Wankaner Heritage Palace & Ceramic Unit",
        "rating": 4.7,
        "footfall": 4276,
        "revenue_index": 0.86,
        "value": 0.581
      }
    },
    {
      "type": "Feature",
      "geometry": {
        "type": "Point",
        "coordinates": [
          70.97709,
          22.61907
        ]
      },
      "properties": {
        "name": "Wankaner Heritage Palace & Ceramic Unit Restaurant #911",
        "type": "restaurant",
        "category": "restaurant",
        "city": "Wankaner Heritage Palace & Ceramic Unit",
        "rating": 4.1,
        "footfall": 419,
        "revenue_index": 0.9,
        "value": 0.621
      }
    },
    {
      "type": "Feature",
      "geometry": {
        "type": "Point",
        "coordinates": [
          70.98878,
          22.62689
        ]
      },
      "properties": {
        "name": "Wankaner Heritage Palace & Ceramic Unit Restaurant #912",
        "type": "restaurant",
        "category": "restaurant",
        "city": "Wankaner Heritage Palace & Ceramic Unit",
        "rating": 4.5,
        "footfall": 1963,
        "revenue_index": 0.88,
        "value": 0.767
      }
    },
    {
      "type": "Feature",
      "geometry": {
        "type": "Point",
        "coordinates": [
          70.98688,
          22.59029
        ]
      },
      "properties": {
        "name": "Wankaner Heritage Palace & Ceramic Unit Hotel #913",
        "type": "hotel",
        "category": "hotel",
        "city": "Wankaner Heritage Palace & Ceramic Unit",
        "rating": 4.8,
        "footfall": 2549,
        "revenue_index": 0.95,
        "value": 0.809
      }
    },
    {
      "type": "Feature",
      "geometry": {
        "type": "Point",
        "coordinates": [
          71.65771,
          22.72442
        ]
      },
      "properties": {
        "name": "Surendranagar Central & Cotton Trade Ev Charging #914",
        "type": "ev_charging",
        "category": "ev_charging",
        "city": "Surendranagar Central & Cotton Trade",
        "rating": 4.4,
        "footfall": 2111,
        "revenue_index": 0.51,
        "value": 0.933
      }
    },
    {
      "type": "Feature",
      "geometry": {
        "type": "Point",
        "coordinates": [
          71.63335,
          22.7564
        ]
      },
      "properties": {
        "name": "Surendranagar Central & Cotton Trade Grocery #915",
        "type": "grocery",
        "category": "grocery",
        "city": "Surendranagar Central & Cotton Trade",
        "rating": 4.5,
        "footfall": 5104,
        "revenue_index": 0.89,
        "value": 0.796
      }
    },
    {
      "type": "Feature",
      "geometry": {
        "type": "Point",
        "coordinates": [
          71.61486,
          22.74174
        ]
      },
      "properties": {
        "name": "Surendranagar Central & Cotton Trade Retail #916",
        "type": "retail",
        "category": "retail",
        "city": "Surendranagar Central & Cotton Trade",
        "rating": 3.9,
        "footfall": 4545,
        "revenue_index": 0.68,
        "value": 0.721
      }
    },
    {
      "type": "Feature",
      "geometry": {
        "type": "Point",
        "coordinates": [
          71.6253,
          22.71694
        ]
      },
      "properties": {
        "name": "Surendranagar Central & Cotton Trade Ev Charging #917",
        "type": "ev_charging",
        "category": "ev_charging",
        "city": "Surendranagar Central & Cotton Trade",
        "rating": 3.6,
        "footfall": 2710,
        "revenue_index": 0.77,
        "value": 0.854
      }
    },
    {
      "type": "Feature",
      "geometry": {
        "type": "Point",
        "coordinates": [
          71.71196,
          22.70806
        ]
      },
      "properties": {
        "name": "Wadhwan Historic Metal & Stone Town Hotel #918",
        "type": "hotel",
        "category": "hotel",
        "city": "Wadhwan Historic Metal & Stone Town",
        "rating": 4.7,
        "footfall": 2829,
        "revenue_index": 0.56,
        "value": 0.433
      }
    },
    {
      "type": "Feature",
      "geometry": {
        "type": "Point",
        "coordinates": [
          71.70354,
          22.7038
        ]
      },
      "properties": {
        "name": "Wadhwan Historic Metal & Stone Town Gas Station #919",
        "type": "gas_station",
        "category": "gas_station",
        "city": "Wadhwan Historic Metal & Stone Town",
        "rating": 3.7,
        "footfall": 1226,
        "revenue_index": 0.53,
        "value": 0.695
      }
    },
    {
      "type": "Feature",
      "geometry": {
        "type": "Point",
        "coordinates": [
          71.64525,
          22.69044
        ]
      },
      "properties": {
        "name": "Wadhwan Historic Metal & Stone Town Hotel #920",
        "type": "hotel",
        "category": "hotel",
        "city": "Wadhwan Historic Metal & Stone Town",
        "rating": 4.4,
        "footfall": 1254,
        "revenue_index": 0.62,
        "value": 0.532
      }
    },
    {
      "type": "Feature",
      "geometry": {
        "type": "Point",
        "coordinates": [
          71.67433,
          22.71165
        ]
      },
      "properties": {
        "name": "Wadhwan Historic Metal & Stone Town Retail #921",
        "type": "retail",
        "category": "retail",
        "city": "Wadhwan Historic Metal & Stone Town",
        "rating": 3.6,
        "footfall": 999,
        "revenue_index": 0.55,
        "value": 0.634
      }
    },
    {
      "type": "Feature",
      "geometry": {
        "type": "Point",
        "coordinates": [
          71.63394,
          22.69768
        ]
      },
      "properties": {
        "name": "Wadhwan Historic Metal & Stone Town Restaurant #922",
        "type": "restaurant",
        "category": "restaurant",
        "city": "Wadhwan Historic Metal & Stone Town",
        "rating": 3.8,
        "footfall": 1981,
        "revenue_index": 0.88,
        "value": 0.962
      }
    },
    {
      "type": "Feature",
      "geometry": {
        "type": "Point",
        "coordinates": [
          71.66493,
          22.69579
        ]
      },
      "properties": {
        "name": "Wadhwan Historic Metal & Stone Town Gas Station #923",
        "type": "gas_station",
        "category": "gas_station",
        "city": "Wadhwan Historic Metal & Stone Town",
        "rating": 4.0,
        "footfall": 1723,
        "revenue_index": 0.63,
        "value": 0.801
      }
    },
    {
      "type": "Feature",
      "geometry": {
        "type": "Point",
        "coordinates": [
          71.65238,
          22.69944
        ]
      },
      "properties": {
        "name": "Wadhwan Historic Metal & Stone Town Retail #924",
        "type": "retail",
        "category": "retail",
        "city": "Wadhwan Historic Metal & Stone Town",
        "rating": 4.7,
        "footfall": 4505,
        "revenue_index": 0.73,
        "value": 0.923
      }
    },
    {
      "type": "Feature",
      "geometry": {
        "type": "Point",
        "coordinates": [
          71.69421,
          22.7125
        ]
      },
      "properties": {
        "name": "Wadhwan Historic Metal & Stone Town Bank #925",
        "type": "bank",
        "category": "bank",
        "city": "Wadhwan Historic Metal & Stone Town",
        "rating": 4.3,
        "footfall": 4357,
        "revenue_index": 0.48,
        "value": 0.764
      }
    },
    {
      "type": "Feature",
      "geometry": {
        "type": "Point",
        "coordinates": [
          71.45702,
          23.00572
        ]
      },
      "properties": {
        "name": "Dhrangadhra Soda Ash & Stone Quarry Gas Station #926",
        "type": "gas_station",
        "category": "gas_station",
        "city": "Dhrangadhra Soda Ash & Stone Quarry",
        "rating": 4.3,
        "footfall": 3549,
        "revenue_index": 0.82,
        "value": 0.972
      }
    },
    {
      "type": "Feature",
      "geometry": {
        "type": "Point",
        "coordinates": [
          71.49302,
          22.99989
        ]
      },
      "properties": {
        "name": "Dhrangadhra Soda Ash & Stone Quarry Grocery #927",
        "type": "grocery",
        "category": "grocery",
        "city": "Dhrangadhra Soda Ash & Stone Quarry",
        "rating": 4.4,
        "footfall": 3683,
        "revenue_index": 0.61,
        "value": 0.821
      }
    },
    {
      "type": "Feature",
      "geometry": {
        "type": "Point",
        "coordinates": [
          71.4481,
          22.96849
        ]
      },
      "properties": {
        "name": "Dhrangadhra Soda Ash & Stone Quarry Hotel #928",
        "type": "hotel",
        "category": "hotel",
        "city": "Dhrangadhra Soda Ash & Stone Quarry",
        "rating": 4.9,
        "footfall": 3606,
        "revenue_index": 0.46,
        "value": 0.778
      }
    },
    {
      "type": "Feature",
      "geometry": {
        "type": "Point",
        "coordinates": [
          71.45684,
          22.95988
        ]
      },
      "properties": {
        "name": "Dhrangadhra Soda Ash & Stone Quarry Grocery #929",
        "type": "grocery",
        "category": "grocery",
        "city": "Dhrangadhra Soda Ash & Stone Quarry",
        "rating": 4.0,
        "footfall": 3568,
        "revenue_index": 0.55,
        "value": 0.777
      }
    },
    {
      "type": "Feature",
      "geometry": {
        "type": "Point",
        "coordinates": [
          71.46366,
          22.99018
        ]
      },
      "properties": {
        "name": "Dhrangadhra Soda Ash & Stone Quarry Grocery #930",
        "type": "grocery",
        "category": "grocery",
        "city": "Dhrangadhra Soda Ash & Stone Quarry",
        "rating": 4.7,
        "footfall": 4043,
        "revenue_index": 0.53,
        "value": 0.599
      }
    },
    {
      "type": "Feature",
      "geometry": {
        "type": "Point",
        "coordinates": [
          71.48835,
          23.01803
        ]
      },
      "properties": {
        "name": "Dhrangadhra Soda Ash & Stone Quarry Retail #931",
        "type": "retail",
        "category": "retail",
        "city": "Dhrangadhra Soda Ash & Stone Quarry",
        "rating": 4.3,
        "footfall": 1552,
        "revenue_index": 0.67,
        "value": 0.592
      }
    },
    {
      "type": "Feature",
      "geometry": {
        "type": "Point",
        "coordinates": [
          71.19722,
          22.42608
        ]
      },
      "properties": {
        "name": "Chotila Chamunda Mata Temple Mountain Ev Charging #932",
        "type": "ev_charging",
        "category": "ev_charging",
        "city": "Chotila Chamunda Mata Temple Mountain",
        "rating": 4.1,
        "footfall": 3010,
        "revenue_index": 0.84,
        "value": 0.781
      }
    },
    {
      "type": "Feature",
      "geometry": {
        "type": "Point",
        "coordinates": [
          71.19836,
          22.40842
        ]
      },
      "properties": {
        "name": "Chotila Chamunda Mata Temple Mountain Gas Station #933",
        "type": "gas_station",
        "category": "gas_station",
        "city": "Chotila Chamunda Mata Temple Mountain",
        "rating": 4.5,
        "footfall": 4682,
        "revenue_index": 0.95,
        "value": 0.553
      }
    },
    {
      "type": "Feature",
      "geometry": {
        "type": "Point",
        "coordinates": [
          71.1729,
          22.42016
        ]
      },
      "properties": {
        "name": "Chotila Chamunda Mata Temple Mountain Gas Station #934",
        "type": "gas_station",
        "category": "gas_station",
        "city": "Chotila Chamunda Mata Temple Mountain",
        "rating": 4.1,
        "footfall": 1810,
        "revenue_index": 0.59,
        "value": 0.622
      }
    },
    {
      "type": "Feature",
      "geometry": {
        "type": "Point",
        "coordinates": [
          71.19027,
          22.42705
        ]
      },
      "properties": {
        "name": "Chotila Chamunda Mata Temple Mountain Grocery #935",
        "type": "grocery",
        "category": "grocery",
        "city": "Chotila Chamunda Mata Temple Mountain",
        "rating": 4.2,
        "footfall": 4668,
        "revenue_index": 0.87,
        "value": 0.611
      }
    },
    {
      "type": "Feature",
      "geometry": {
        "type": "Point",
        "coordinates": [
          71.18787,
          22.41002
        ]
      },
      "properties": {
        "name": "Chotila Chamunda Mata Temple Mountain Bank #936",
        "type": "bank",
        "category": "bank",
        "city": "Chotila Chamunda Mata Temple Mountain",
        "rating": 3.7,
        "footfall": 984,
        "revenue_index": 0.67,
        "value": 0.572
      }
    },
    {
      "type": "Feature",
      "geometry": {
        "type": "Point",
        "coordinates": [
          71.20042,
          22.41509
        ]
      },
      "properties": {
        "name": "Chotila Chamunda Mata Temple Mountain Ev Charging #937",
        "type": "ev_charging",
        "category": "ev_charging",
        "city": "Chotila Chamunda Mata Temple Mountain",
        "rating": 4.7,
        "footfall": 2530,
        "revenue_index": 0.49,
        "value": 0.673
      }
    },
    {
      "type": "Feature",
      "geometry": {
        "type": "Point",
        "coordinates": [
          71.1643,
          22.39188
        ]
      },
      "properties": {
        "name": "Chotila Chamunda Mata Temple Mountain Retail #938",
        "type": "retail",
        "category": "retail",
        "city": "Chotila Chamunda Mata Temple Mountain",
        "rating": 3.8,
        "footfall": 2052,
        "revenue_index": 0.56,
        "value": 0.606
      }
    },
    {
      "type": "Feature",
      "geometry": {
        "type": "Point",
        "coordinates": [
          71.18594,
          22.40292
        ]
      },
      "properties": {
        "name": "Chotila Chamunda Mata Temple Mountain Grocery #939",
        "type": "grocery",
        "category": "grocery",
        "city": "Chotila Chamunda Mata Temple Mountain",
        "rating": 4.6,
        "footfall": 3007,
        "revenue_index": 0.88,
        "value": 0.896
      }
    },
    {
      "type": "Feature",
      "geometry": {
        "type": "Point",
        "coordinates": [
          71.78047,
          22.56274
        ]
      },
      "properties": {
        "name": "Limbdi Highway Commercial Junction Restaurant #940",
        "type": "restaurant",
        "category": "restaurant",
        "city": "Limbdi Highway Commercial Junction",
        "rating": 4.1,
        "footfall": 773,
        "revenue_index": 0.92,
        "value": 0.538
      }
    },
    {
      "type": "Feature",
      "geometry": {
        "type": "Point",
        "coordinates": [
          71.79546,
          22.57497
        ]
      },
      "properties": {
        "name": "Limbdi Highway Commercial Junction Restaurant #941",
        "type": "restaurant",
        "category": "restaurant",
        "city": "Limbdi Highway Commercial Junction",
        "rating": 4.3,
        "footfall": 3768,
        "revenue_index": 0.48,
        "value": 0.378
      }
    },
    {
      "type": "Feature",
      "geometry": {
        "type": "Point",
        "coordinates": [
          71.77282,
          22.55573
        ]
      },
      "properties": {
        "name": "Limbdi Highway Commercial Junction Grocery #942",
        "type": "grocery",
        "category": "grocery",
        "city": "Limbdi Highway Commercial Junction",
        "rating": 4.4,
        "footfall": 4780,
        "revenue_index": 0.57,
        "value": 0.969
      }
    },
    {
      "type": "Feature",
      "geometry": {
        "type": "Point",
        "coordinates": [
          71.78514,
          22.56734
        ]
      },
      "properties": {
        "name": "Limbdi Highway Commercial Junction Retail #943",
        "type": "retail",
        "category": "retail",
        "city": "Limbdi Highway Commercial Junction",
        "rating": 3.9,
        "footfall": 5138,
        "revenue_index": 0.46,
        "value": 0.835
      }
    },
    {
      "type": "Feature",
      "geometry": {
        "type": "Point",
        "coordinates": [
          71.16918,
          22.55584
        ]
      },
      "properties": {
        "name": "Thangadh Ceramic Sanitaryware Cluster Gas Station #944",
        "type": "gas_station",
        "category": "gas_station",
        "city": "Thangadh Ceramic Sanitaryware Cluster",
        "rating": 4.4,
        "footfall": 5117,
        "revenue_index": 0.92,
        "value": 0.435
      }
    },
    {
      "type": "Feature",
      "geometry": {
        "type": "Point",
        "coordinates": [
          71.25736,
          22.57238
        ]
      },
      "properties": {
        "name": "Thangadh Ceramic Sanitaryware Cluster Grocery #945",
        "type": "grocery",
        "category": "grocery",
        "city": "Thangadh Ceramic Sanitaryware Cluster",
        "rating": 3.9,
        "footfall": 2118,
        "revenue_index": 0.64,
        "value": 0.734
      }
    },
    {
      "type": "Feature",
      "geometry": {
        "type": "Point",
        "coordinates": [
          71.19707,
          22.56401
        ]
      },
      "properties": {
        "name": "Thangadh Ceramic Sanitaryware Cluster Retail #946",
        "type": "retail",
        "category": "retail",
        "city": "Thangadh Ceramic Sanitaryware Cluster",
        "rating": 4.2,
        "footfall": 3299,
        "revenue_index": 0.85,
        "value": 0.588
      }
    },
    {
      "type": "Feature",
      "geometry": {
        "type": "Point",
        "coordinates": [
          71.18361,
          22.57415
        ]
      },
      "properties": {
        "name": "Thangadh Ceramic Sanitaryware Cluster Grocery #947",
        "type": "grocery",
        "category": "grocery",
        "city": "Thangadh Ceramic Sanitaryware Cluster",
        "rating": 4.9,
        "footfall": 516,
        "revenue_index": 0.75,
        "value": 0.664
      }
    },
    {
      "type": "Feature",
      "geometry": {
        "type": "Point",
        "coordinates": [
          71.18838,
          22.57103
        ]
      },
      "properties": {
        "name": "Thangadh Ceramic Sanitaryware Cluster Ev Charging #948",
        "type": "ev_charging",
        "category": "ev_charging",
        "city": "Thangadh Ceramic Sanitaryware Cluster",
        "rating": 4.5,
        "footfall": 3158,
        "revenue_index": 0.76,
        "value": 0.746
      }
    },
    {
      "type": "Feature",
      "geometry": {
        "type": "Point",
        "coordinates": [
          71.19628,
          22.56907
        ]
      },
      "properties": {
        "name": "Thangadh Ceramic Sanitaryware Cluster Gas Station #949",
        "type": "gas_station",
        "category": "gas_station",
        "city": "Thangadh Ceramic Sanitaryware Cluster",
        "rating": 3.6,
        "footfall": 2455,
        "revenue_index": 0.59,
        "value": 0.76
      }
    },
    {
      "type": "Feature",
      "geometry": {
        "type": "Point",
        "coordinates": [
          71.21544,
          21.60559
        ]
      },
      "properties": {
        "name": "Amreli Central & Diamond Trading Mandi Restaurant #950",
        "type": "restaurant",
        "category": "restaurant",
        "city": "Amreli Central & Diamond Trading Mandi",
        "rating": 4.9,
        "footfall": 3298,
        "revenue_index": 0.93,
        "value": 0.728
      }
    },
    {
      "type": "Feature",
      "geometry": {
        "type": "Point",
        "coordinates": [
          71.20583,
          21.60441
        ]
      },
      "properties": {
        "name": "Amreli Central & Diamond Trading Mandi Ev Charging #951",
        "type": "ev_charging",
        "category": "ev_charging",
        "city": "Amreli Central & Diamond Trading Mandi",
        "rating": 4.4,
        "footfall": 543,
        "revenue_index": 0.7,
        "value": 0.882
      }
    },
    {
      "type": "Feature",
      "geometry": {
        "type": "Point",
        "coordinates": [
          71.23338,
          21.61046
        ]
      },
      "properties": {
        "name": "Amreli Central & Diamond Trading Mandi Grocery #952",
        "type": "grocery",
        "category": "grocery",
        "city": "Amreli Central & Diamond Trading Mandi",
        "rating": 4.6,
        "footfall": 4166,
        "revenue_index": 0.7,
        "value": 0.686
      }
    },
    {
      "type": "Feature",
      "geometry": {
        "type": "Point",
        "coordinates": [
          71.22811,
          21.58126
        ]
      },
      "properties": {
        "name": "Amreli Central & Diamond Trading Mandi Retail #953",
        "type": "retail",
        "category": "retail",
        "city": "Amreli Central & Diamond Trading Mandi",
        "rating": 4.5,
        "footfall": 946,
        "revenue_index": 0.72,
        "value": 0.618
      }
    },
    {
      "type": "Feature",
      "geometry": {
        "type": "Point",
        "coordinates": [
          71.34752,
          21.32618
        ]
      },
      "properties": {
        "name": "Savarkundla Weighing Scales Capital Grocery #954",
        "type": "grocery",
        "category": "grocery",
        "city": "Savarkundla Weighing Scales Capital",
        "rating": 4.5,
        "footfall": 2050,
        "revenue_index": 0.45,
        "value": 0.679
      }
    },
    {
      "type": "Feature",
      "geometry": {
        "type": "Point",
        "coordinates": [
          71.27685,
          21.32489
        ]
      },
      "properties": {
        "name": "Savarkundla Weighing Scales Capital Ev Charging #955",
        "type": "ev_charging",
        "category": "ev_charging",
        "city": "Savarkundla Weighing Scales Capital",
        "rating": 4.6,
        "footfall": 4659,
        "revenue_index": 0.91,
        "value": 0.789
      }
    },
    {
      "type": "Feature",
      "geometry": {
        "type": "Point",
        "coordinates": [
          71.29601,
          21.33478
        ]
      },
      "properties": {
        "name": "Savarkundla Weighing Scales Capital Grocery #956",
        "type": "grocery",
        "category": "grocery",
        "city": "Savarkundla Weighing Scales Capital",
        "rating": 4.1,
        "footfall": 2404,
        "revenue_index": 0.79,
        "value": 0.488
      }
    },
    {
      "type": "Feature",
      "geometry": {
        "type": "Point",
        "coordinates": [
          71.30659,
          21.34729
        ]
      },
      "properties": {
        "name": "Savarkundla Weighing Scales Capital Bank #957",
        "type": "bank",
        "category": "bank",
        "city": "Savarkundla Weighing Scales Capital",
        "rating": 4.4,
        "footfall": 4894,
        "revenue_index": 0.65,
        "value": 0.742
      }
    },
    {
      "type": "Feature",
      "geometry": {
        "type": "Point",
        "coordinates": [
          71.5193,
          20.90657
        ]
      },
      "properties": {
        "name": "Pipavav Port & Heavy Marine Shipyard Hotel #958",
        "type": "hotel",
        "category": "hotel",
        "city": "Pipavav Port & Heavy Marine Shipyard",
        "rating": 4.2,
        "footfall": 4629,
        "revenue_index": 0.56,
        "value": 0.885
      }
    },
    {
      "type": "Feature",
      "geometry": {
        "type": "Point",
        "coordinates": [
          71.50954,
          20.88598
        ]
      },
      "properties": {
        "name": "Pipavav Port & Heavy Marine Shipyard Gas Station #959",
        "type": "gas_station",
        "category": "gas_station",
        "city": "Pipavav Port & Heavy Marine Shipyard",
        "rating": 4.1,
        "footfall": 2150,
        "revenue_index": 0.8,
        "value": 0.755
      }
    },
    {
      "type": "Feature",
      "geometry": {
        "type": "Point",
        "coordinates": [
          71.48431,
          20.90326
        ]
      },
      "properties": {
        "name": "Pipavav Port & Heavy Marine Shipyard Hotel #960",
        "type": "hotel",
        "category": "hotel",
        "city": "Pipavav Port & Heavy Marine Shipyard",
        "rating": 4.3,
        "footfall": 1139,
        "revenue_index": 0.7,
        "value": 0.665
      }
    },
    {
      "type": "Feature",
      "geometry": {
        "type": "Point",
        "coordinates": [
          71.5109,
          20.90705
        ]
      },
      "properties": {
        "name": "Pipavav Port & Heavy Marine Shipyard Gas Station #961",
        "type": "gas_station",
        "category": "gas_station",
        "city": "Pipavav Port & Heavy Marine Shipyard",
        "rating": 4.7,
        "footfall": 3184,
        "revenue_index": 0.75,
        "value": 0.611
      }
    },
    {
      "type": "Feature",
      "geometry": {
        "type": "Point",
        "coordinates": [
          71.48994,
          20.8803
        ]
      },
      "properties": {
        "name": "Pipavav Port & Heavy Marine Shipyard Gas Station #962",
        "type": "gas_station",
        "category": "gas_station",
        "city": "Pipavav Port & Heavy Marine Shipyard",
        "rating": 4.8,
        "footfall": 2329,
        "revenue_index": 0.52,
        "value": 0.807
      }
    },
    {
      "type": "Feature",
      "geometry": {
        "type": "Point",
        "coordinates": [
          71.5197,
          20.9135
        ]
      },
      "properties": {
        "name": "Pipavav Port & Heavy Marine Shipyard Gas Station #963",
        "type": "gas_station",
        "category": "gas_station",
        "city": "Pipavav Port & Heavy Marine Shipyard",
        "rating": 4.4,
        "footfall": 5145,
        "revenue_index": 0.46,
        "value": 0.445
      }
    },
    {
      "type": "Feature",
      "geometry": {
        "type": "Point",
        "coordinates": [
          71.5176,
          20.91887
        ]
      },
      "properties": {
        "name": "Pipavav Port & Heavy Marine Shipyard Hotel #964",
        "type": "hotel",
        "category": "hotel",
        "city": "Pipavav Port & Heavy Marine Shipyard",
        "rating": 4.3,
        "footfall": 694,
        "revenue_index": 0.83,
        "value": 0.852
      }
    },
    {
      "type": "Feature",
      "geometry": {
        "type": "Point",
        "coordinates": [
          71.49786,
          20.92467
        ]
      },
      "properties": {
        "name": "Pipavav Port & Heavy Marine Shipyard Ev Charging #965",
        "type": "ev_charging",
        "category": "ev_charging",
        "city": "Pipavav Port & Heavy Marine Shipyard",
        "rating": 4.7,
        "footfall": 4841,
        "revenue_index": 0.78,
        "value": 0.632
      }
    },
    {
      "type": "Feature",
      "geometry": {
        "type": "Point",
        "coordinates": [
          71.41029,
          21.03005
        ]
      },
      "properties": {
        "name": "Rajula Industrial Corridor Hotel #966",
        "type": "hotel",
        "category": "hotel",
        "city": "Rajula Industrial Corridor",
        "rating": 4.2,
        "footfall": 4058,
        "revenue_index": 0.76,
        "value": 0.793
      }
    },
    {
      "type": "Feature",
      "geometry": {
        "type": "Point",
        "coordinates": [
          71.4434,
          21.06631
        ]
      },
      "properties": {
        "name": "Rajula Industrial Corridor Gas Station #967",
        "type": "gas_station",
        "category": "gas_station",
        "city": "Rajula Industrial Corridor",
        "rating": 4.2,
        "footfall": 2971,
        "revenue_index": 0.56,
        "value": 0.681
      }
    },
    {
      "type": "Feature",
      "geometry": {
        "type": "Point",
        "coordinates": [
          71.4275,
          21.07326
        ]
      },
      "properties": {
        "name": "Rajula Industrial Corridor Grocery #968",
        "type": "grocery",
        "category": "grocery",
        "city": "Rajula Industrial Corridor",
        "rating": 4.3,
        "footfall": 725,
        "revenue_index": 0.9,
        "value": 0.822
      }
    },
    {
      "type": "Feature",
      "geometry": {
        "type": "Point",
        "coordinates": [
          71.43192,
          21.03249
        ]
      },
      "properties": {
        "name": "Rajula Industrial Corridor Grocery #969",
        "type": "grocery",
        "category": "grocery",
        "city": "Rajula Industrial Corridor",
        "rating": 3.7,
        "footfall": 4447,
        "revenue_index": 0.77,
        "value": 0.701
      }
    },
    {
      "type": "Feature",
      "geometry": {
        "type": "Point",
        "coordinates": [
          71.38845,
          20.8625
        ]
      },
      "properties": {
        "name": "Jafrabad Coastal Fishing Port Grocery #970",
        "type": "grocery",
        "category": "grocery",
        "city": "Jafrabad Coastal Fishing Port",
        "rating": 4.6,
        "footfall": 3599,
        "revenue_index": 0.54,
        "value": 0.871
      }
    },
    {
      "type": "Feature",
      "geometry": {
        "type": "Point",
        "coordinates": [
          71.38073,
          20.87376
        ]
      },
      "properties": {
        "name": "Jafrabad Coastal Fishing Port Grocery #971",
        "type": "grocery",
        "category": "grocery",
        "city": "Jafrabad Coastal Fishing Port",
        "rating": 4.2,
        "footfall": 2082,
        "revenue_index": 0.73,
        "value": 0.893
      }
    },
    {
      "type": "Feature",
      "geometry": {
        "type": "Point",
        "coordinates": [
          71.35686,
          20.89922
        ]
      },
      "properties": {
        "name": "Jafrabad Coastal Fishing Port Gas Station #972",
        "type": "gas_station",
        "category": "gas_station",
        "city": "Jafrabad Coastal Fishing Port",
        "rating": 3.7,
        "footfall": 2348,
        "revenue_index": 0.76,
        "value": 0.779
      }
    },
    {
      "type": "Feature",
      "geometry": {
        "type": "Point",
        "coordinates": [
          71.40934,
          20.88937
        ]
      },
      "properties": {
        "name": "Jafrabad Coastal Fishing Port Hotel #973",
        "type": "hotel",
        "category": "hotel",
        "city": "Jafrabad Coastal Fishing Port",
        "rating": 4.5,
        "footfall": 628,
        "revenue_index": 0.78,
        "value": 0.56
      }
    },
    {
      "type": "Feature",
      "geometry": {
        "type": "Point",
        "coordinates": [
          71.38806,
          20.9048
        ]
      },
      "properties": {
        "name": "Jafrabad Coastal Fishing Port Grocery #974",
        "type": "grocery",
        "category": "grocery",
        "city": "Jafrabad Coastal Fishing Port",
        "rating": 3.7,
        "footfall": 5045,
        "revenue_index": 0.79,
        "value": 0.69
      }
    },
    {
      "type": "Feature",
      "geometry": {
        "type": "Point",
        "coordinates": [
          71.33242,
          20.84594
        ]
      },
      "properties": {
        "name": "Jafrabad Coastal Fishing Port Hotel #975",
        "type": "hotel",
        "category": "hotel",
        "city": "Jafrabad Coastal Fishing Port",
        "rating": 4.6,
        "footfall": 4584,
        "revenue_index": 0.86,
        "value": 0.864
      }
    },
    {
      "type": "Feature",
      "geometry": {
        "type": "Point",
        "coordinates": [
          74.02052,
          22.33533
        ]
      },
      "properties": {
        "name": "Chhota Udaipur Tribal Heritage Seat Retail #976",
        "type": "retail",
        "category": "retail",
        "city": "Chhota Udaipur Tribal Heritage Seat",
        "rating": 4.8,
        "footfall": 3578,
        "revenue_index": 0.83,
        "value": 0.885
      }
    },
    {
      "type": "Feature",
      "geometry": {
        "type": "Point",
        "coordinates": [
          73.99474,
          22.27779
        ]
      },
      "properties": {
        "name": "Chhota Udaipur Tribal Heritage Seat Retail #977",
        "type": "retail",
        "category": "retail",
        "city": "Chhota Udaipur Tribal Heritage Seat",
        "rating": 4.2,
        "footfall": 1480,
        "revenue_index": 0.57,
        "value": 0.841
      }
    },
    {
      "type": "Feature",
      "geometry": {
        "type": "Point",
        "coordinates": [
          74.00894,
          22.2961
        ]
      },
      "properties": {
        "name": "Chhota Udaipur Tribal Heritage Seat Grocery #978",
        "type": "grocery",
        "category": "grocery",
        "city": "Chhota Udaipur Tribal Heritage Seat",
        "rating": 4.4,
        "footfall": 2292,
        "revenue_index": 0.57,
        "value": 0.92
      }
    },
    {
      "type": "Feature",
      "geometry": {
        "type": "Point",
        "coordinates": [
          74.01218,
          22.26852
        ]
      },
      "properties": {
        "name": "Chhota Udaipur Tribal Heritage Seat Gas Station #979",
        "type": "gas_station",
        "category": "gas_station",
        "city": "Chhota Udaipur Tribal Heritage Seat",
        "rating": 4.5,
        "footfall": 4120,
        "revenue_index": 0.94,
        "value": 0.503
      }
    },
    {
      "type": "Feature",
      "geometry": {
        "type": "Point",
        "coordinates": [
          73.73715,
          22.25299
        ]
      },
      "properties": {
        "name": "Bodeli Banana & Agricultural Mandi Ev Charging #980",
        "type": "ev_charging",
        "category": "ev_charging",
        "city": "Bodeli Banana & Agricultural Mandi",
        "rating": 4.2,
        "footfall": 3789,
        "revenue_index": 0.91,
        "value": 0.843
      }
    },
    {
      "type": "Feature",
      "geometry": {
        "type": "Point",
        "coordinates": [
          73.68388,
          22.28948
        ]
      },
      "properties": {
        "name": "Bodeli Banana & Agricultural Mandi Restaurant #981",
        "type": "restaurant",
        "category": "restaurant",
        "city": "Bodeli Banana & Agricultural Mandi",
        "rating": 4.0,
        "footfall": 4054,
        "revenue_index": 0.46,
        "value": 0.657
      }
    },
    {
      "type": "Feature",
      "geometry": {
        "type": "Point",
        "coordinates": [
          73.72982,
          22.26079
        ]
      },
      "properties": {
        "name": "Bodeli Banana & Agricultural Mandi Restaurant #982",
        "type": "restaurant",
        "category": "restaurant",
        "city": "Bodeli Banana & Agricultural Mandi",
        "rating": 4.7,
        "footfall": 2186,
        "revenue_index": 0.5,
        "value": 0.557
      }
    },
    {
      "type": "Feature",
      "geometry": {
        "type": "Point",
        "coordinates": [
          73.70008,
          22.24315
        ]
      },
      "properties": {
        "name": "Bodeli Banana & Agricultural Mandi Hotel #983",
        "type": "hotel",
        "category": "hotel",
        "city": "Bodeli Banana & Agricultural Mandi",
        "rating": 4.0,
        "footfall": 668,
        "revenue_index": 0.64,
        "value": 0.756
      }
    },
    {
      "type": "Feature",
      "geometry": {
        "type": "Point",
        "coordinates": [
          73.58116,
          22.13738
        ]
      },
      "properties": {
        "name": "Sankheda Lacquerware Wooden Furniture Hub Bank #984",
        "type": "bank",
        "category": "bank",
        "city": "Sankheda Lacquerware Wooden Furniture Hub",
        "rating": 4.7,
        "footfall": 2223,
        "revenue_index": 0.72,
        "value": 0.798
      }
    },
    {
      "type": "Feature",
      "geometry": {
        "type": "Point",
        "coordinates": [
          73.59206,
          22.15875
        ]
      },
      "properties": {
        "name": "Sankheda Lacquerware Wooden Furniture Hub Ev Charging #985",
        "type": "ev_charging",
        "category": "ev_charging",
        "city": "Sankheda Lacquerware Wooden Furniture Hub",
        "rating": 4.9,
        "footfall": 4802,
        "revenue_index": 0.56,
        "value": 0.962
      }
    },
    {
      "type": "Feature",
      "geometry": {
        "type": "Point",
        "coordinates": [
          73.59963,
          22.1545
        ]
      },
      "properties": {
        "name": "Sankheda Lacquerware Wooden Furniture Hub Gas Station #986",
        "type": "gas_station",
        "category": "gas_station",
        "city": "Sankheda Lacquerware Wooden Furniture Hub",
        "rating": 4.8,
        "footfall": 1238,
        "revenue_index": 0.85,
        "value": 0.94
      }
    },
    {
      "type": "Feature",
      "geometry": {
        "type": "Point",
        "coordinates": [
          73.58061,
          22.18894
        ]
      },
      "properties": {
        "name": "Sankheda Lacquerware Wooden Furniture Hub Hotel #987",
        "type": "hotel",
        "category": "hotel",
        "city": "Sankheda Lacquerware Wooden Furniture Hub",
        "rating": 3.7,
        "footfall": 3681,
        "revenue_index": 0.73,
        "value": 0.63
      }
    },
    {
      "type": "Feature",
      "geometry": {
        "type": "Point",
        "coordinates": [
          72.89466,
          19.05333
        ]
      },
      "properties": {
        "name": "Bandra Kurla Complex (BKC) Hotel #988",
        "type": "hotel",
        "category": "hotel",
        "city": "Bandra Kurla Complex (BKC)",
        "rating": 4.8,
        "footfall": 4773,
        "revenue_index": 0.77,
        "value": 0.819
      }
    },
    {
      "type": "Feature",
      "geometry": {
        "type": "Point",
        "coordinates": [
          72.85934,
          19.05026
        ]
      },
      "properties": {
        "name": "Bandra Kurla Complex (BKC) Hotel #989",
        "type": "hotel",
        "category": "hotel",
        "city": "Bandra Kurla Complex (BKC)",
        "rating": 4.2,
        "footfall": 4056,
        "revenue_index": 0.73,
        "value": 0.9
      }
    },
    {
      "type": "Feature",
      "geometry": {
        "type": "Point",
        "coordinates": [
          72.88812,
          19.08047
        ]
      },
      "properties": {
        "name": "Bandra Kurla Complex (BKC) Ev Charging #990",
        "type": "ev_charging",
        "category": "ev_charging",
        "city": "Bandra Kurla Complex (BKC)",
        "rating": 4.6,
        "footfall": 2587,
        "revenue_index": 0.64,
        "value": 0.673
      }
    },
    {
      "type": "Feature",
      "geometry": {
        "type": "Point",
        "coordinates": [
          72.9118,
          19.06226
        ]
      },
      "properties": {
        "name": "Bandra Kurla Complex (BKC) Grocery #991",
        "type": "grocery",
        "category": "grocery",
        "city": "Bandra Kurla Complex (BKC)",
        "rating": 4.7,
        "footfall": 602,
        "revenue_index": 0.93,
        "value": 0.973
      }
    },
    {
      "type": "Feature",
      "geometry": {
        "type": "Point",
        "coordinates": [
          72.85199,
          19.07306
        ]
      },
      "properties": {
        "name": "Bandra Kurla Complex (BKC) Hotel #992",
        "type": "hotel",
        "category": "hotel",
        "city": "Bandra Kurla Complex (BKC)",
        "rating": 4.2,
        "footfall": 2842,
        "revenue_index": 0.88,
        "value": 0.392
      }
    },
    {
      "type": "Feature",
      "geometry": {
        "type": "Point",
        "coordinates": [
          72.87931,
          19.06775
        ]
      },
      "properties": {
        "name": "Bandra Kurla Complex (BKC) Ev Charging #993",
        "type": "ev_charging",
        "category": "ev_charging",
        "city": "Bandra Kurla Complex (BKC)",
        "rating": 4.2,
        "footfall": 4484,
        "revenue_index": 0.72,
        "value": 0.481
      }
    },
    {
      "type": "Feature",
      "geometry": {
        "type": "Point",
        "coordinates": [
          72.88439,
          19.08168
        ]
      },
      "properties": {
        "name": "Bandra Kurla Complex (BKC) Gas Station #994",
        "type": "gas_station",
        "category": "gas_station",
        "city": "Bandra Kurla Complex (BKC)",
        "rating": 4.1,
        "footfall": 1712,
        "revenue_index": 0.77,
        "value": 0.793
      }
    },
    {
      "type": "Feature",
      "geometry": {
        "type": "Point",
        "coordinates": [
          72.88377,
          19.07642
        ]
      },
      "properties": {
        "name": "Bandra Kurla Complex (BKC) Retail #995",
        "type": "retail",
        "category": "retail",
        "city": "Bandra Kurla Complex (BKC)",
        "rating": 4.3,
        "footfall": 4983,
        "revenue_index": 0.86,
        "value": 0.481
      }
    },
    {
      "type": "Feature",
      "geometry": {
        "type": "Point",
        "coordinates": [
          72.82829,
          18.94669
        ]
      },
      "properties": {
        "name": "Nariman Point & Marine Drive Retail #996",
        "type": "retail",
        "category": "retail",
        "city": "Nariman Point & Marine Drive",
        "rating": 4.0,
        "footfall": 3417,
        "revenue_index": 0.94,
        "value": 0.767
      }
    },
    {
      "type": "Feature",
      "geometry": {
        "type": "Point",
        "coordinates": [
          72.78638,
          18.89826
        ]
      },
      "properties": {
        "name": "Nariman Point & Marine Drive Restaurant #997",
        "type": "restaurant",
        "category": "restaurant",
        "city": "Nariman Point & Marine Drive",
        "rating": 3.9,
        "footfall": 2858,
        "revenue_index": 0.5,
        "value": 0.888
      }
    },
    {
      "type": "Feature",
      "geometry": {
        "type": "Point",
        "coordinates": [
          72.81475,
          18.92533
        ]
      },
      "properties": {
        "name": "Nariman Point & Marine Drive Ev Charging #998",
        "type": "ev_charging",
        "category": "ev_charging",
        "city": "Nariman Point & Marine Drive",
        "rating": 4.4,
        "footfall": 2483,
        "revenue_index": 0.73,
        "value": 0.717
      }
    },
    {
      "type": "Feature",
      "geometry": {
        "type": "Point",
        "coordinates": [
          72.81758,
          18.92756
        ]
      },
      "properties": {
        "name": "Nariman Point & Marine Drive Gas Station #999",
        "type": "gas_station",
        "category": "gas_station",
        "city": "Nariman Point & Marine Drive",
        "rating": 4.8,
        "footfall": 2856,
        "revenue_index": 0.6,
        "value": 0.592
      }
    },
    {
      "type": "Feature",
      "geometry": {
        "type": "Point",
        "coordinates": [
          72.82557,
          18.91283
        ]
      },
      "properties": {
        "name": "Nariman Point & Marine Drive Restaurant #1000",
        "type": "restaurant",
        "category": "restaurant",
        "city": "Nariman Point & Marine Drive",
        "rating": 4.5,
        "footfall": 3229,
        "revenue_index": 0.84,
        "value": 0.711
      }
    },
    {
      "type": "Feature",
      "geometry": {
        "type": "Point",
        "coordinates": [
          72.81598,
          18.90301
        ]
      },
      "properties": {
        "name": "Nariman Point & Marine Drive Bank #1001",
        "type": "bank",
        "category": "bank",
        "city": "Nariman Point & Marine Drive",
        "rating": 4.2,
        "footfall": 1341,
        "revenue_index": 0.68,
        "value": 0.628
      }
    },
    {
      "type": "Feature",
      "geometry": {
        "type": "Point",
        "coordinates": [
          72.85739,
          18.9063
        ]
      },
      "properties": {
        "name": "Nariman Point & Marine Drive Restaurant #1002",
        "type": "restaurant",
        "category": "restaurant",
        "city": "Nariman Point & Marine Drive",
        "rating": 3.7,
        "footfall": 1170,
        "revenue_index": 0.66,
        "value": 0.698
      }
    },
    {
      "type": "Feature",
      "geometry": {
        "type": "Point",
        "coordinates": [
          72.79153,
          18.90307
        ]
      },
      "properties": {
        "name": "Nariman Point & Marine Drive Retail #1003",
        "type": "retail",
        "category": "retail",
        "city": "Nariman Point & Marine Drive",
        "rating": 3.9,
        "footfall": 2856,
        "revenue_index": 0.89,
        "value": 0.771
      }
    },
    {
      "type": "Feature",
      "geometry": {
        "type": "Point",
        "coordinates": [
          72.89758,
          19.08811
        ]
      },
      "properties": {
        "name": "Andheri East MIDC & SEEPZ Bank #1004",
        "type": "bank",
        "category": "bank",
        "city": "Andheri East MIDC & SEEPZ",
        "rating": 4.4,
        "footfall": 5007,
        "revenue_index": 0.56,
        "value": 0.657
      }
    },
    {
      "type": "Feature",
      "geometry": {
        "type": "Point",
        "coordinates": [
          72.87065,
          19.11405
        ]
      },
      "properties": {
        "name": "Andheri East MIDC & SEEPZ Restaurant #1005",
        "type": "restaurant",
        "category": "restaurant",
        "city": "Andheri East MIDC & SEEPZ",
        "rating": 4.4,
        "footfall": 1427,
        "revenue_index": 0.73,
        "value": 0.532
      }
    },
    {
      "type": "Feature",
      "geometry": {
        "type": "Point",
        "coordinates": [
          72.85705,
          19.11023
        ]
      },
      "properties": {
        "name": "Andheri East MIDC & SEEPZ Restaurant #1006",
        "type": "restaurant",
        "category": "restaurant",
        "city": "Andheri East MIDC & SEEPZ",
        "rating": 4.6,
        "footfall": 634,
        "revenue_index": 0.88,
        "value": 0.618
      }
    },
    {
      "type": "Feature",
      "geometry": {
        "type": "Point",
        "coordinates": [
          72.85371,
          19.13037
        ]
      },
      "properties": {
        "name": "Andheri East MIDC & SEEPZ Bank #1007",
        "type": "bank",
        "category": "bank",
        "city": "Andheri East MIDC & SEEPZ",
        "rating": 3.6,
        "footfall": 5193,
        "revenue_index": 0.65,
        "value": 0.866
      }
    },
    {
      "type": "Feature",
      "geometry": {
        "type": "Point",
        "coordinates": [
          72.89831,
          19.15081
        ]
      },
      "properties": {
        "name": "Andheri East MIDC & SEEPZ Gas Station #1008",
        "type": "gas_station",
        "category": "gas_station",
        "city": "Andheri East MIDC & SEEPZ",
        "rating": 4.1,
        "footfall": 4165,
        "revenue_index": 0.52,
        "value": 0.82
      }
    },
    {
      "type": "Feature",
      "geometry": {
        "type": "Point",
        "coordinates": [
          72.86737,
          19.13951
        ]
      },
      "properties": {
        "name": "Andheri East MIDC & SEEPZ Retail #1009",
        "type": "retail",
        "category": "retail",
        "city": "Andheri East MIDC & SEEPZ",
        "rating": 3.6,
        "footfall": 2967,
        "revenue_index": 0.85,
        "value": 0.927
      }
    },
    {
      "type": "Feature",
      "geometry": {
        "type": "Point",
        "coordinates": [
          72.94414,
          19.11122
        ]
      },
      "properties": {
        "name": "Powai Hiranandani & IIT Bombay Retail #1010",
        "type": "retail",
        "category": "retail",
        "city": "Powai Hiranandani & IIT Bombay",
        "rating": 3.8,
        "footfall": 1448,
        "revenue_index": 0.52,
        "value": 0.79
      }
    },
    {
      "type": "Feature",
      "geometry": {
        "type": "Point",
        "coordinates": [
          72.93421,
          19.12265
        ]
      },
      "properties": {
        "name": "Powai Hiranandani & IIT Bombay Grocery #1011",
        "type": "grocery",
        "category": "grocery",
        "city": "Powai Hiranandani & IIT Bombay",
        "rating": 3.7,
        "footfall": 2110,
        "revenue_index": 0.83,
        "value": 0.962
      }
    },
    {
      "type": "Feature",
      "geometry": {
        "type": "Point",
        "coordinates": [
          72.89132,
          19.07809
        ]
      },
      "properties": {
        "name": "Powai Hiranandani & IIT Bombay Gas Station #1012",
        "type": "gas_station",
        "category": "gas_station",
        "city": "Powai Hiranandani & IIT Bombay",
        "rating": 4.1,
        "footfall": 532,
        "revenue_index": 0.5,
        "value": 0.894
      }
    },
    {
      "type": "Feature",
      "geometry": {
        "type": "Point",
        "coordinates": [
          72.8941,
          19.10473
        ]
      },
      "properties": {
        "name": "Powai Hiranandani & IIT Bombay Bank #1013",
        "type": "bank",
        "category": "bank",
        "city": "Powai Hiranandani & IIT Bombay",
        "rating": 4.0,
        "footfall": 3706,
        "revenue_index": 0.51,
        "value": 0.535
      }
    },
    {
      "type": "Feature",
      "geometry": {
        "type": "Point",
        "coordinates": [
          72.89632,
          19.10746
        ]
      },
      "properties": {
        "name": "Powai Hiranandani & IIT Bombay Hotel #1014",
        "type": "hotel",
        "category": "hotel",
        "city": "Powai Hiranandani & IIT Bombay",
        "rating": 4.7,
        "footfall": 913,
        "revenue_index": 0.69,
        "value": 0.886
      }
    },
    {
      "type": "Feature",
      "geometry": {
        "type": "Point",
        "coordinates": [
          72.89412,
          19.13479
        ]
      },
      "properties": {
        "name": "Powai Hiranandani & IIT Bombay Ev Charging #1015",
        "type": "ev_charging",
        "category": "ev_charging",
        "city": "Powai Hiranandani & IIT Bombay",
        "rating": 3.8,
        "footfall": 3487,
        "revenue_index": 0.88,
        "value": 0.419
      }
    },
    {
      "type": "Feature",
      "geometry": {
        "type": "Point",
        "coordinates": [
          72.92184,
          19.10089
        ]
      },
      "properties": {
        "name": "Powai Hiranandani & IIT Bombay Restaurant #1016",
        "type": "restaurant",
        "category": "restaurant",
        "city": "Powai Hiranandani & IIT Bombay",
        "rating": 4.1,
        "footfall": 944,
        "revenue_index": 0.75,
        "value": 0.843
      }
    },
    {
      "type": "Feature",
      "geometry": {
        "type": "Point",
        "coordinates": [
          72.94161,
          19.09092
        ]
      },
      "properties": {
        "name": "Powai Hiranandani & IIT Bombay Gas Station #1017",
        "type": "gas_station",
        "category": "gas_station",
        "city": "Powai Hiranandani & IIT Bombay",
        "rating": 4.8,
        "footfall": 3143,
        "revenue_index": 0.64,
        "value": 0.827
      }
    },
    {
      "type": "Feature",
      "geometry": {
        "type": "Point",
        "coordinates": [
          72.98311,
          19.06489
        ]
      },
      "properties": {
        "name": "Vashi Commercial Center & APMC Gas Station #1018",
        "type": "gas_station",
        "category": "gas_station",
        "city": "Vashi Commercial Center & APMC",
        "rating": 4.1,
        "footfall": 2552,
        "revenue_index": 0.88,
        "value": 0.538
      }
    },
    {
      "type": "Feature",
      "geometry": {
        "type": "Point",
        "coordinates": [
          73.00228,
          19.08909
        ]
      },
      "properties": {
        "name": "Vashi Commercial Center & APMC Hotel #1019",
        "type": "hotel",
        "category": "hotel",
        "city": "Vashi Commercial Center & APMC",
        "rating": 4.9,
        "footfall": 4885,
        "revenue_index": 0.62,
        "value": 0.963
      }
    },
    {
      "type": "Feature",
      "geometry": {
        "type": "Point",
        "coordinates": [
          72.98249,
          19.07643
        ]
      },
      "properties": {
        "name": "Vashi Commercial Center & APMC Retail #1020",
        "type": "retail",
        "category": "retail",
        "city": "Vashi Commercial Center & APMC",
        "rating": 4.5,
        "footfall": 2106,
        "revenue_index": 0.89,
        "value": 0.843
      }
    },
    {
      "type": "Feature",
      "geometry": {
        "type": "Point",
        "coordinates": [
          73.01345,
          19.07523
        ]
      },
      "properties": {
        "name": "Vashi Commercial Center & APMC Bank #1021",
        "type": "bank",
        "category": "bank",
        "city": "Vashi Commercial Center & APMC",
        "rating": 3.9,
        "footfall": 4900,
        "revenue_index": 0.66,
        "value": 0.439
      }
    },
    {
      "type": "Feature",
      "geometry": {
        "type": "Point",
        "coordinates": [
          77.21284,
          28.6104
        ]
      },
      "properties": {
        "name": "Connaught Place (CP) & Barakhamba Grocery #1022",
        "type": "grocery",
        "category": "grocery",
        "city": "Connaught Place (CP) & Barakhamba",
        "rating": 3.6,
        "footfall": 4240,
        "revenue_index": 0.85,
        "value": 0.953
      }
    },
    {
      "type": "Feature",
      "geometry": {
        "type": "Point",
        "coordinates": [
          77.23436,
          28.66356
        ]
      },
      "properties": {
        "name": "Connaught Place (CP) & Barakhamba Ev Charging #1023",
        "type": "ev_charging",
        "category": "ev_charging",
        "city": "Connaught Place (CP) & Barakhamba",
        "rating": 4.1,
        "footfall": 1085,
        "revenue_index": 0.65,
        "value": 0.654
      }
    },
    {
      "type": "Feature",
      "geometry": {
        "type": "Point",
        "coordinates": [
          77.21108,
          28.61987
        ]
      },
      "properties": {
        "name": "Connaught Place (CP) & Barakhamba Ev Charging #1024",
        "type": "ev_charging",
        "category": "ev_charging",
        "city": "Connaught Place (CP) & Barakhamba",
        "rating": 3.7,
        "footfall": 2535,
        "revenue_index": 0.82,
        "value": 0.721
      }
    },
    {
      "type": "Feature",
      "geometry": {
        "type": "Point",
        "coordinates": [
          77.21427,
          28.6121
        ]
      },
      "properties": {
        "name": "Connaught Place (CP) & Barakhamba Hotel #1025",
        "type": "hotel",
        "category": "hotel",
        "city": "Connaught Place (CP) & Barakhamba",
        "rating": 4.0,
        "footfall": 920,
        "revenue_index": 0.52,
        "value": 0.784
      }
    },
    {
      "type": "Feature",
      "geometry": {
        "type": "Point",
        "coordinates": [
          77.24181,
          28.62504
        ]
      },
      "properties": {
        "name": "Connaught Place (CP) & Barakhamba Ev Charging #1026",
        "type": "ev_charging",
        "category": "ev_charging",
        "city": "Connaught Place (CP) & Barakhamba",
        "rating": 3.9,
        "footfall": 4459,
        "revenue_index": 0.79,
        "value": 0.618
      }
    },
    {
      "type": "Feature",
      "geometry": {
        "type": "Point",
        "coordinates": [
          77.217,
          28.6234
        ]
      },
      "properties": {
        "name": "Connaught Place (CP) & Barakhamba Grocery #1027",
        "type": "grocery",
        "category": "grocery",
        "city": "Connaught Place (CP) & Barakhamba",
        "rating": 4.6,
        "footfall": 4512,
        "revenue_index": 0.48,
        "value": 0.413
      }
    },
    {
      "type": "Feature",
      "geometry": {
        "type": "Point",
        "coordinates": [
          77.19735,
          28.62418
        ]
      },
      "properties": {
        "name": "Connaught Place (CP) & Barakhamba Restaurant #1028",
        "type": "restaurant",
        "category": "restaurant",
        "city": "Connaught Place (CP) & Barakhamba",
        "rating": 3.7,
        "footfall": 2088,
        "revenue_index": 0.76,
        "value": 0.554
      }
    },
    {
      "type": "Feature",
      "geometry": {
        "type": "Point",
        "coordinates": [
          77.21198,
          28.6427
        ]
      },
      "properties": {
        "name": "Connaught Place (CP) & Barakhamba Gas Station #1029",
        "type": "gas_station",
        "category": "gas_station",
        "city": "Connaught Place (CP) & Barakhamba",
        "rating": 4.2,
        "footfall": 3779,
        "revenue_index": 0.54,
        "value": 0.415
      }
    },
    {
      "type": "Feature",
      "geometry": {
        "type": "Point",
        "coordinates": [
          77.06838,
          28.50091
        ]
      },
      "properties": {
        "name": "Cyber City DLF Phase 2 & 3 Grocery #1030",
        "type": "grocery",
        "category": "grocery",
        "city": "Cyber City DLF Phase 2 & 3",
        "rating": 3.7,
        "footfall": 4136,
        "revenue_index": 0.5,
        "value": 0.738
      }
    },
    {
      "type": "Feature",
      "geometry": {
        "type": "Point",
        "coordinates": [
          77.10183,
          28.47833
        ]
      },
      "properties": {
        "name": "Cyber City DLF Phase 2 & 3 Gas Station #1031",
        "type": "gas_station",
        "category": "gas_station",
        "city": "Cyber City DLF Phase 2 & 3",
        "rating": 4.0,
        "footfall": 3108,
        "revenue_index": 0.85,
        "value": 0.879
      }
    },
    {
      "type": "Feature",
      "geometry": {
        "type": "Point",
        "coordinates": [
          77.10211,
          28.47769
        ]
      },
      "properties": {
        "name": "Cyber City DLF Phase 2 & 3 Hotel #1032",
        "type": "hotel",
        "category": "hotel",
        "city": "Cyber City DLF Phase 2 & 3",
        "rating": 3.6,
        "footfall": 3904,
        "revenue_index": 0.89,
        "value": 0.764
      }
    },
    {
      "type": "Feature",
      "geometry": {
        "type": "Point",
        "coordinates": [
          77.123,
          28.49605
        ]
      },
      "properties": {
        "name": "Cyber City DLF Phase 2 & 3 Retail #1033",
        "type": "retail",
        "category": "retail",
        "city": "Cyber City DLF Phase 2 & 3",
        "rating": 4.1,
        "footfall": 2556,
        "revenue_index": 0.54,
        "value": 0.818
      }
    },
    {
      "type": "Feature",
      "geometry": {
        "type": "Point",
        "coordinates": [
          77.08952,
          28.50097
        ]
      },
      "properties": {
        "name": "Cyber City DLF Phase 2 & 3 Restaurant #1034",
        "type": "restaurant",
        "category": "restaurant",
        "city": "Cyber City DLF Phase 2 & 3",
        "rating": 3.9,
        "footfall": 1915,
        "revenue_index": 0.96,
        "value": 0.622
      }
    },
    {
      "type": "Feature",
      "geometry": {
        "type": "Point",
        "coordinates": [
          77.11231,
          28.48284
        ]
      },
      "properties": {
        "name": "Cyber City DLF Phase 2 & 3 Ev Charging #1035",
        "type": "ev_charging",
        "category": "ev_charging",
        "city": "Cyber City DLF Phase 2 & 3",
        "rating": 4.8,
        "footfall": 554,
        "revenue_index": 0.81,
        "value": 0.927
      }
    },
    {
      "type": "Feature",
      "geometry": {
        "type": "Point",
        "coordinates": [
          77.10129,
          28.50415
        ]
      },
      "properties": {
        "name": "Cyber City DLF Phase 2 & 3 Retail #1036",
        "type": "retail",
        "category": "retail",
        "city": "Cyber City DLF Phase 2 & 3",
        "rating": 3.7,
        "footfall": 1656,
        "revenue_index": 0.46,
        "value": 0.608
      }
    },
    {
      "type": "Feature",
      "geometry": {
        "type": "Point",
        "coordinates": [
          77.09284,
          28.50939
        ]
      },
      "properties": {
        "name": "Cyber City DLF Phase 2 & 3 Ev Charging #1037",
        "type": "ev_charging",
        "category": "ev_charging",
        "city": "Cyber City DLF Phase 2 & 3",
        "rating": 4.0,
        "footfall": 5039,
        "revenue_index": 0.53,
        "value": 0.41
      }
    },
    {
      "type": "Feature",
      "geometry": {
        "type": "Point",
        "coordinates": [
          77.35026,
          28.64087
        ]
      },
      "properties": {
        "name": "Noida Sector 62 Institutional & IT Hub Restaurant #1038",
        "type": "restaurant",
        "category": "restaurant",
        "city": "Noida Sector 62 Institutional & IT Hub",
        "rating": 3.9,
        "footfall": 4654,
        "revenue_index": 0.52,
        "value": 0.435
      }
    },
    {
      "type": "Feature",
      "geometry": {
        "type": "Point",
        "coordinates": [
          77.37385,
          28.63243
        ]
      },
      "properties": {
        "name": "Noida Sector 62 Institutional & IT Hub Ev Charging #1039",
        "type": "ev_charging",
        "category": "ev_charging",
        "city": "Noida Sector 62 Institutional & IT Hub",
        "rating": 3.9,
        "footfall": 1468,
        "revenue_index": 0.55,
        "value": 0.461
      }
    },
    {
      "type": "Feature",
      "geometry": {
        "type": "Point",
        "coordinates": [
          77.37737,
          28.62004
        ]
      },
      "properties": {
        "name": "Noida Sector 62 Institutional & IT Hub Retail #1040",
        "type": "retail",
        "category": "retail",
        "city": "Noida Sector 62 Institutional & IT Hub",
        "rating": 3.7,
        "footfall": 779,
        "revenue_index": 0.9,
        "value": 0.422
      }
    },
    {
      "type": "Feature",
      "geometry": {
        "type": "Point",
        "coordinates": [
          77.39444,
          28.63431
        ]
      },
      "properties": {
        "name": "Noida Sector 62 Institutional & IT Hub Restaurant #1041",
        "type": "restaurant",
        "category": "restaurant",
        "city": "Noida Sector 62 Institutional & IT Hub",
        "rating": 3.9,
        "footfall": 1227,
        "revenue_index": 0.55,
        "value": 0.754
      }
    },
    {
      "type": "Feature",
      "geometry": {
        "type": "Point",
        "coordinates": [
          77.38817,
          28.61267
        ]
      },
      "properties": {
        "name": "Noida Sector 62 Institutional & IT Hub Retail #1042",
        "type": "retail",
        "category": "retail",
        "city": "Noida Sector 62 Institutional & IT Hub",
        "rating": 4.6,
        "footfall": 1696,
        "revenue_index": 0.58,
        "value": 0.727
      }
    },
    {
      "type": "Feature",
      "geometry": {
        "type": "Point",
        "coordinates": [
          77.40679,
          28.60771
        ]
      },
      "properties": {
        "name": "Noida Sector 62 Institutional & IT Hub Bank #1043",
        "type": "bank",
        "category": "bank",
        "city": "Noida Sector 62 Institutional & IT Hub",
        "rating": 4.0,
        "footfall": 1434,
        "revenue_index": 0.56,
        "value": 0.467
      }
    },
    {
      "type": "Feature",
      "geometry": {
        "type": "Point",
        "coordinates": [
          77.75465,
          12.96268
        ]
      },
      "properties": {
        "name": "Whitefield International Tech Park (ITPB) Ev Charging #1044",
        "type": "ev_charging",
        "category": "ev_charging",
        "city": "Whitefield International Tech Park (ITPB)",
        "rating": 4.4,
        "footfall": 3907,
        "revenue_index": 0.87,
        "value": 0.459
      }
    },
    {
      "type": "Feature",
      "geometry": {
        "type": "Point",
        "coordinates": [
          77.72844,
          12.97038
        ]
      },
      "properties": {
        "name": "Whitefield International Tech Park (ITPB) Restaurant #1045",
        "type": "restaurant",
        "category": "restaurant",
        "city": "Whitefield International Tech Park (ITPB)",
        "rating": 3.9,
        "footfall": 846,
        "revenue_index": 0.84,
        "value": 0.718
      }
    },
    {
      "type": "Feature",
      "geometry": {
        "type": "Point",
        "coordinates": [
          77.7518,
          12.97456
        ]
      },
      "properties": {
        "name": "Whitefield International Tech Park (ITPB) Gas Station #1046",
        "type": "gas_station",
        "category": "gas_station",
        "city": "Whitefield International Tech Park (ITPB)",
        "rating": 4.4,
        "footfall": 4279,
        "revenue_index": 0.78,
        "value": 0.896
      }
    },
    {
      "type": "Feature",
      "geometry": {
        "type": "Point",
        "coordinates": [
          77.76243,
          12.98674
        ]
      },
      "properties": {
        "name": "Whitefield International Tech Park (ITPB) Grocery #1047",
        "type": "grocery",
        "category": "grocery",
        "city": "Whitefield International Tech Park (ITPB)",
        "rating": 4.4,
        "footfall": 3353,
        "revenue_index": 0.54,
        "value": 0.647
      }
    },
    {
      "type": "Feature",
      "geometry": {
        "type": "Point",
        "coordinates": [
          77.75479,
          12.98751
        ]
      },
      "properties": {
        "name": "Whitefield International Tech Park (ITPB) Hotel #1048",
        "type": "hotel",
        "category": "hotel",
        "city": "Whitefield International Tech Park (ITPB)",
        "rating": 3.7,
        "footfall": 1854,
        "revenue_index": 0.98,
        "value": 0.969
      }
    },
    {
      "type": "Feature",
      "geometry": {
        "type": "Point",
        "coordinates": [
          77.755,
          12.96075
        ]
      },
      "properties": {
        "name": "Whitefield International Tech Park (ITPB) Grocery #1049",
        "type": "grocery",
        "category": "grocery",
        "city": "Whitefield International Tech Park (ITPB)",
        "rating": 4.7,
        "footfall": 2591,
        "revenue_index": 0.71,
        "value": 0.915
      }
    },
    {
      "type": "Feature",
      "geometry": {
        "type": "Point",
        "coordinates": [
          77.73344,
          13.00119
        ]
      },
      "properties": {
        "name": "Whitefield International Tech Park (ITPB) Restaurant #1050",
        "type": "restaurant",
        "category": "restaurant",
        "city": "Whitefield International Tech Park (ITPB)",
        "rating": 4.7,
        "footfall": 4585,
        "revenue_index": 0.48,
        "value": 0.927
      }
    },
    {
      "type": "Feature",
      "geometry": {
        "type": "Point",
        "coordinates": [
          77.74226,
          12.97759
        ]
      },
      "properties": {
        "name": "Whitefield International Tech Park (ITPB) Gas Station #1051",
        "type": "gas_station",
        "category": "gas_station",
        "city": "Whitefield International Tech Park (ITPB)",
        "rating": 4.6,
        "footfall": 3426,
        "revenue_index": 0.57,
        "value": 0.605
      }
    },
    {
      "type": "Feature",
      "geometry": {
        "type": "Point",
        "coordinates": [
          77.65092,
          12.82912
        ]
      },
      "properties": {
        "name": "Electronic City Phase 1 & 2 Ev Charging #1052",
        "type": "ev_charging",
        "category": "ev_charging",
        "city": "Electronic City Phase 1 & 2",
        "rating": 4.7,
        "footfall": 2618,
        "revenue_index": 0.94,
        "value": 0.598
      }
    },
    {
      "type": "Feature",
      "geometry": {
        "type": "Point",
        "coordinates": [
          77.63061,
          12.83964
        ]
      },
      "properties": {
        "name": "Electronic City Phase 1 & 2 Ev Charging #1053",
        "type": "ev_charging",
        "category": "ev_charging",
        "city": "Electronic City Phase 1 & 2",
        "rating": 3.9,
        "footfall": 5155,
        "revenue_index": 0.82,
        "value": 0.791
      }
    },
    {
      "type": "Feature",
      "geometry": {
        "type": "Point",
        "coordinates": [
          77.67924,
          12.81685
        ]
      },
      "properties": {
        "name": "Electronic City Phase 1 & 2 Hotel #1054",
        "type": "hotel",
        "category": "hotel",
        "city": "Electronic City Phase 1 & 2",
        "rating": 4.3,
        "footfall": 3177,
        "revenue_index": 0.85,
        "value": 0.447
      }
    },
    {
      "type": "Feature",
      "geometry": {
        "type": "Point",
        "coordinates": [
          77.7028,
          12.85797
        ]
      },
      "properties": {
        "name": "Electronic City Phase 1 & 2 Hotel #1055",
        "type": "hotel",
        "category": "hotel",
        "city": "Electronic City Phase 1 & 2",
        "rating": 4.9,
        "footfall": 4445,
        "revenue_index": 0.94,
        "value": 0.445
      }
    },
    {
      "type": "Feature",
      "geometry": {
        "type": "Point",
        "coordinates": [
          77.67378,
          12.86266
        ]
      },
      "properties": {
        "name": "Electronic City Phase 1 & 2 Restaurant #1056",
        "type": "restaurant",
        "category": "restaurant",
        "city": "Electronic City Phase 1 & 2",
        "rating": 4.4,
        "footfall": 3827,
        "revenue_index": 0.95,
        "value": 0.819
      }
    },
    {
      "type": "Feature",
      "geometry": {
        "type": "Point",
        "coordinates": [
          77.65601,
          12.83177
        ]
      },
      "properties": {
        "name": "Electronic City Phase 1 & 2 Ev Charging #1057",
        "type": "ev_charging",
        "category": "ev_charging",
        "city": "Electronic City Phase 1 & 2",
        "rating": 3.9,
        "footfall": 2747,
        "revenue_index": 0.67,
        "value": 0.557
      }
    },
    {
      "type": "Feature",
      "geometry": {
        "type": "Point",
        "coordinates": [
          77.61095,
          12.93512
        ]
      },
      "properties": {
        "name": "Koramangala Startup District Grocery #1058",
        "type": "grocery",
        "category": "grocery",
        "city": "Koramangala Startup District",
        "rating": 3.6,
        "footfall": 1229,
        "revenue_index": 0.66,
        "value": 0.689
      }
    },
    {
      "type": "Feature",
      "geometry": {
        "type": "Point",
        "coordinates": [
          77.64284,
          12.92988
        ]
      },
      "properties": {
        "name": "Koramangala Startup District Bank #1059",
        "type": "bank",
        "category": "bank",
        "city": "Koramangala Startup District",
        "rating": 3.9,
        "footfall": 4875,
        "revenue_index": 0.87,
        "value": 0.399
      }
    },
    {
      "type": "Feature",
      "geometry": {
        "type": "Point",
        "coordinates": [
          77.64337,
          12.96184
        ]
      },
      "properties": {
        "name": "Koramangala Startup District Bank #1060",
        "type": "bank",
        "category": "bank",
        "city": "Koramangala Startup District",
        "rating": 4.8,
        "footfall": 1082,
        "revenue_index": 0.5,
        "value": 0.915
      }
    },
    {
      "type": "Feature",
      "geometry": {
        "type": "Point",
        "coordinates": [
          77.62332,
          12.92327
        ]
      },
      "properties": {
        "name": "Koramangala Startup District Gas Station #1061",
        "type": "gas_station",
        "category": "gas_station",
        "city": "Koramangala Startup District",
        "rating": 3.7,
        "footfall": 2405,
        "revenue_index": 0.46,
        "value": 0.858
      }
    },
    {
      "type": "Feature",
      "geometry": {
        "type": "Point",
        "coordinates": [
          77.62723,
          12.91909
        ]
      },
      "properties": {
        "name": "Koramangala Startup District Gas Station #1062",
        "type": "gas_station",
        "category": "gas_station",
        "city": "Koramangala Startup District",
        "rating": 4.5,
        "footfall": 433,
        "revenue_index": 0.95,
        "value": 0.523
      }
    },
    {
      "type": "Feature",
      "geometry": {
        "type": "Point",
        "coordinates": [
          77.60425,
          12.9124
        ]
      },
      "properties": {
        "name": "Koramangala Startup District Grocery #1063",
        "type": "grocery",
        "category": "grocery",
        "city": "Koramangala Startup District",
        "rating": 4.8,
        "footfall": 556,
        "revenue_index": 0.74,
        "value": 0.438
      }
    },
    {
      "type": "Feature",
      "geometry": {
        "type": "Point",
        "coordinates": [
          77.60253,
          12.93276
        ]
      },
      "properties": {
        "name": "Koramangala Startup District Retail #1064",
        "type": "retail",
        "category": "retail",
        "city": "Koramangala Startup District",
        "rating": 3.8,
        "footfall": 1403,
        "revenue_index": 0.97,
        "value": 0.601
      }
    },
    {
      "type": "Feature",
      "geometry": {
        "type": "Point",
        "coordinates": [
          77.6518,
          12.94451
        ]
      },
      "properties": {
        "name": "Koramangala Startup District Hotel #1065",
        "type": "hotel",
        "category": "hotel",
        "city": "Koramangala Startup District",
        "rating": 4.6,
        "footfall": 3651,
        "revenue_index": 0.55,
        "value": 0.755
      }
    },
    {
      "type": "Feature",
      "geometry": {
        "type": "Point",
        "coordinates": [
          77.61688,
          12.99285
        ]
      },
      "properties": {
        "name": "Indiranagar 100 Feet Road Hotel #1066",
        "type": "hotel",
        "category": "hotel",
        "city": "Indiranagar 100 Feet Road",
        "rating": 4.4,
        "footfall": 3583,
        "revenue_index": 0.9,
        "value": 0.537
      }
    },
    {
      "type": "Feature",
      "geometry": {
        "type": "Point",
        "coordinates": [
          77.62828,
          12.97845
        ]
      },
      "properties": {
        "name": "Indiranagar 100 Feet Road Hotel #1067",
        "type": "hotel",
        "category": "hotel",
        "city": "Indiranagar 100 Feet Road",
        "rating": 3.8,
        "footfall": 1291,
        "revenue_index": 0.69,
        "value": 0.821
      }
    },
    {
      "type": "Feature",
      "geometry": {
        "type": "Point",
        "coordinates": [
          77.62522,
          12.95276
        ]
      },
      "properties": {
        "name": "Indiranagar 100 Feet Road Bank #1068",
        "type": "bank",
        "category": "bank",
        "city": "Indiranagar 100 Feet Road",
        "rating": 4.8,
        "footfall": 492,
        "revenue_index": 0.56,
        "value": 0.867
      }
    },
    {
      "type": "Feature",
      "geometry": {
        "type": "Point",
        "coordinates": [
          77.6732,
          12.97596
        ]
      },
      "properties": {
        "name": "Indiranagar 100 Feet Road Retail #1069",
        "type": "retail",
        "category": "retail",
        "city": "Indiranagar 100 Feet Road",
        "rating": 4.9,
        "footfall": 1299,
        "revenue_index": 0.55,
        "value": 0.611
      }
    },
    {
      "type": "Feature",
      "geometry": {
        "type": "Point",
        "coordinates": [
          77.62649,
          13.00069
        ]
      },
      "properties": {
        "name": "Indiranagar 100 Feet Road Grocery #1070",
        "type": "grocery",
        "category": "grocery",
        "city": "Indiranagar 100 Feet Road",
        "rating": 4.2,
        "footfall": 3758,
        "revenue_index": 0.69,
        "value": 0.774
      }
    },
    {
      "type": "Feature",
      "geometry": {
        "type": "Point",
        "coordinates": [
          77.65915,
          12.94955
        ]
      },
      "properties": {
        "name": "Indiranagar 100 Feet Road Restaurant #1071",
        "type": "restaurant",
        "category": "restaurant",
        "city": "Indiranagar 100 Feet Road",
        "rating": 3.9,
        "footfall": 2207,
        "revenue_index": 0.77,
        "value": 0.371
      }
    },
    {
      "type": "Feature",
      "geometry": {
        "type": "Point",
        "coordinates": [
          77.63818,
          12.98737
        ]
      },
      "properties": {
        "name": "Indiranagar 100 Feet Road Ev Charging #1072",
        "type": "ev_charging",
        "category": "ev_charging",
        "city": "Indiranagar 100 Feet Road",
        "rating": 4.6,
        "footfall": 5079,
        "revenue_index": 0.46,
        "value": 0.603
      }
    },
    {
      "type": "Feature",
      "geometry": {
        "type": "Point",
        "coordinates": [
          77.6193,
          12.97419
        ]
      },
      "properties": {
        "name": "Indiranagar 100 Feet Road Ev Charging #1073",
        "type": "ev_charging",
        "category": "ev_charging",
        "city": "Indiranagar 100 Feet Road",
        "rating": 4.6,
        "footfall": 677,
        "revenue_index": 0.85,
        "value": 0.401
      }
    },
    {
      "type": "Feature",
      "geometry": {
        "type": "Point",
        "coordinates": [
          78.3951,
          17.45244
        ]
      },
      "properties": {
        "name": "Hitec City & Cyber Towers Ev Charging #1074",
        "type": "ev_charging",
        "category": "ev_charging",
        "city": "Hitec City & Cyber Towers",
        "rating": 3.9,
        "footfall": 3834,
        "revenue_index": 0.89,
        "value": 0.764
      }
    },
    {
      "type": "Feature",
      "geometry": {
        "type": "Point",
        "coordinates": [
          78.40609,
          17.45739
        ]
      },
      "properties": {
        "name": "Hitec City & Cyber Towers Grocery #1075",
        "type": "grocery",
        "category": "grocery",
        "city": "Hitec City & Cyber Towers",
        "rating": 4.6,
        "footfall": 2705,
        "revenue_index": 0.47,
        "value": 0.705
      }
    },
    {
      "type": "Feature",
      "geometry": {
        "type": "Point",
        "coordinates": [
          78.36713,
          17.45438
        ]
      },
      "properties": {
        "name": "Hitec City & Cyber Towers Bank #1076",
        "type": "bank",
        "category": "bank",
        "city": "Hitec City & Cyber Towers",
        "rating": 3.7,
        "footfall": 982,
        "revenue_index": 0.91,
        "value": 0.661
      }
    },
    {
      "type": "Feature",
      "geometry": {
        "type": "Point",
        "coordinates": [
          78.38905,
          17.45208
        ]
      },
      "properties": {
        "name": "Hitec City & Cyber Towers Ev Charging #1077",
        "type": "ev_charging",
        "category": "ev_charging",
        "city": "Hitec City & Cyber Towers",
        "rating": 4.8,
        "footfall": 1146,
        "revenue_index": 0.5,
        "value": 0.357
      }
    },
    {
      "type": "Feature",
      "geometry": {
        "type": "Point",
        "coordinates": [
          78.40549,
          17.44546
        ]
      },
      "properties": {
        "name": "Hitec City & Cyber Towers Grocery #1078",
        "type": "grocery",
        "category": "grocery",
        "city": "Hitec City & Cyber Towers",
        "rating": 4.5,
        "footfall": 1080,
        "revenue_index": 0.86,
        "value": 0.38
      }
    },
    {
      "type": "Feature",
      "geometry": {
        "type": "Point",
        "coordinates": [
          78.41432,
          17.43738
        ]
      },
      "properties": {
        "name": "Hitec City & Cyber Towers Restaurant #1079",
        "type": "restaurant",
        "category": "restaurant",
        "city": "Hitec City & Cyber Towers",
        "rating": 4.8,
        "footfall": 716,
        "revenue_index": 0.53,
        "value": 0.704
      }
    },
    {
      "type": "Feature",
      "geometry": {
        "type": "Point",
        "coordinates": [
          78.3581,
          17.47396
        ]
      },
      "properties": {
        "name": "Hitec City & Cyber Towers Retail #1080",
        "type": "retail",
        "category": "retail",
        "city": "Hitec City & Cyber Towers",
        "rating": 4.1,
        "footfall": 4858,
        "revenue_index": 0.98,
        "value": 0.821
      }
    },
    {
      "type": "Feature",
      "geometry": {
        "type": "Point",
        "coordinates": [
          78.39138,
          17.47105
        ]
      },
      "properties": {
        "name": "Hitec City & Cyber Towers Retail #1081",
        "type": "retail",
        "category": "retail",
        "city": "Hitec City & Cyber Towers",
        "rating": 3.9,
        "footfall": 1582,
        "revenue_index": 0.51,
        "value": 0.883
      }
    },
    {
      "type": "Feature",
      "geometry": {
        "type": "Point",
        "coordinates": [
          78.36836,
          17.44606
        ]
      },
      "properties": {
        "name": "Gachibowli Financial District Bank #1082",
        "type": "bank",
        "category": "bank",
        "city": "Gachibowli Financial District",
        "rating": 4.8,
        "footfall": 2876,
        "revenue_index": 0.74,
        "value": 0.91
      }
    },
    {
      "type": "Feature",
      "geometry": {
        "type": "Point",
        "coordinates": [
          78.34861,
          17.45241
        ]
      },
      "properties": {
        "name": "Gachibowli Financial District Restaurant #1083",
        "type": "restaurant",
        "category": "restaurant",
        "city": "Gachibowli Financial District",
        "rating": 3.7,
        "footfall": 902,
        "revenue_index": 0.82,
        "value": 0.706
      }
    },
    {
      "type": "Feature",
      "geometry": {
        "type": "Point",
        "coordinates": [
          78.33132,
          17.43106
        ]
      },
      "properties": {
        "name": "Gachibowli Financial District Grocery #1084",
        "type": "grocery",
        "category": "grocery",
        "city": "Gachibowli Financial District",
        "rating": 3.7,
        "footfall": 4852,
        "revenue_index": 0.65,
        "value": 0.4
      }
    },
    {
      "type": "Feature",
      "geometry": {
        "type": "Point",
        "coordinates": [
          78.3397,
          17.44219
        ]
      },
      "properties": {
        "name": "Gachibowli Financial District Bank #1085",
        "type": "bank",
        "category": "bank",
        "city": "Gachibowli Financial District",
        "rating": 4.7,
        "footfall": 4459,
        "revenue_index": 0.51,
        "value": 0.902
      }
    },
    {
      "type": "Feature",
      "geometry": {
        "type": "Point",
        "coordinates": [
          78.33968,
          17.44193
        ]
      },
      "properties": {
        "name": "Gachibowli Financial District Bank #1086",
        "type": "bank",
        "category": "bank",
        "city": "Gachibowli Financial District",
        "rating": 4.0,
        "footfall": 532,
        "revenue_index": 0.98,
        "value": 0.541
      }
    },
    {
      "type": "Feature",
      "geometry": {
        "type": "Point",
        "coordinates": [
          78.35661,
          17.4082
        ]
      },
      "properties": {
        "name": "Gachibowli Financial District Restaurant #1087",
        "type": "restaurant",
        "category": "restaurant",
        "city": "Gachibowli Financial District",
        "rating": 4.9,
        "footfall": 4666,
        "revenue_index": 0.74,
        "value": 0.763
      }
    },
    {
      "type": "Feature",
      "geometry": {
        "type": "Point",
        "coordinates": [
          78.35879,
          17.43772
        ]
      },
      "properties": {
        "name": "Gachibowli Financial District Hotel #1088",
        "type": "hotel",
        "category": "hotel",
        "city": "Gachibowli Financial District",
        "rating": 4.3,
        "footfall": 2850,
        "revenue_index": 0.62,
        "value": 0.922
      }
    },
    {
      "type": "Feature",
      "geometry": {
        "type": "Point",
        "coordinates": [
          78.34548,
          17.44751
        ]
      },
      "properties": {
        "name": "Gachibowli Financial District Grocery #1089",
        "type": "grocery",
        "category": "grocery",
        "city": "Gachibowli Financial District",
        "rating": 3.9,
        "footfall": 3972,
        "revenue_index": 0.7,
        "value": 0.671
      }
    },
    {
      "type": "Feature",
      "geometry": {
        "type": "Point",
        "coordinates": [
          80.25164,
          12.95812
        ]
      },
      "properties": {
        "name": "OMR (Old Mahabalipuram Road) IT Highway Gas Station #1090",
        "type": "gas_station",
        "category": "gas_station",
        "city": "OMR (Old Mahabalipuram Road) IT Highway",
        "rating": 3.8,
        "footfall": 987,
        "revenue_index": 0.58,
        "value": 0.847
      }
    },
    {
      "type": "Feature",
      "geometry": {
        "type": "Point",
        "coordinates": [
          80.26841,
          13.00376
        ]
      },
      "properties": {
        "name": "OMR (Old Mahabalipuram Road) IT Highway Gas Station #1091",
        "type": "gas_station",
        "category": "gas_station",
        "city": "OMR (Old Mahabalipuram Road) IT Highway",
        "rating": 4.0,
        "footfall": 1310,
        "revenue_index": 0.8,
        "value": 0.589
      }
    },
    {
      "type": "Feature",
      "geometry": {
        "type": "Point",
        "coordinates": [
          80.2051,
          12.98161
        ]
      },
      "properties": {
        "name": "OMR (Old Mahabalipuram Road) IT Highway Restaurant #1092",
        "type": "restaurant",
        "category": "restaurant",
        "city": "OMR (Old Mahabalipuram Road) IT Highway",
        "rating": 3.9,
        "footfall": 1643,
        "revenue_index": 0.51,
        "value": 0.529
      }
    },
    {
      "type": "Feature",
      "geometry": {
        "type": "Point",
        "coordinates": [
          80.2587,
          12.99721
        ]
      },
      "properties": {
        "name": "OMR (Old Mahabalipuram Road) IT Highway Retail #1093",
        "type": "retail",
        "category": "retail",
        "city": "OMR (Old Mahabalipuram Road) IT Highway",
        "rating": 4.8,
        "footfall": 2184,
        "revenue_index": 0.63,
        "value": 0.609
      }
    },
    {
      "type": "Feature",
      "geometry": {
        "type": "Point",
        "coordinates": [
          80.21595,
          12.95187
        ]
      },
      "properties": {
        "name": "OMR (Old Mahabalipuram Road) IT Highway Restaurant #1094",
        "type": "restaurant",
        "category": "restaurant",
        "city": "OMR (Old Mahabalipuram Road) IT Highway",
        "rating": 4.1,
        "footfall": 3730,
        "revenue_index": 0.74,
        "value": 0.863
      }
    },
    {
      "type": "Feature",
      "geometry": {
        "type": "Point",
        "coordinates": [
          80.29046,
          12.94884
        ]
      },
      "properties": {
        "name": "OMR (Old Mahabalipuram Road) IT Highway Restaurant #1095",
        "type": "restaurant",
        "category": "restaurant",
        "city": "OMR (Old Mahabalipuram Road) IT Highway",
        "rating": 4.6,
        "footfall": 4470,
        "revenue_index": 0.84,
        "value": 0.913
      }
    },
    {
      "type": "Feature",
      "geometry": {
        "type": "Point",
        "coordinates": [
          80.2511,
          12.99577
        ]
      },
      "properties": {
        "name": "OMR (Old Mahabalipuram Road) IT Highway Ev Charging #1096",
        "type": "ev_charging",
        "category": "ev_charging",
        "city": "OMR (Old Mahabalipuram Road) IT Highway",
        "rating": 4.2,
        "footfall": 932,
        "revenue_index": 0.95,
        "value": 0.644
      }
    },
    {
      "type": "Feature",
      "geometry": {
        "type": "Point",
        "coordinates": [
          80.24377,
          12.94753
        ]
      },
      "properties": {
        "name": "OMR (Old Mahabalipuram Road) IT Highway Ev Charging #1097",
        "type": "ev_charging",
        "category": "ev_charging",
        "city": "OMR (Old Mahabalipuram Road) IT Highway",
        "rating": 4.3,
        "footfall": 3340,
        "revenue_index": 0.68,
        "value": 0.731
      }
    },
    {
      "type": "Feature",
      "geometry": {
        "type": "Point",
        "coordinates": [
          80.20037,
          12.95498
        ]
      },
      "properties": {
        "name": "Guindy Industrial Estate & Olympia Tech Grocery #1098",
        "type": "grocery",
        "category": "grocery",
        "city": "Guindy Industrial Estate & Olympia Tech",
        "rating": 3.9,
        "footfall": 878,
        "revenue_index": 0.47,
        "value": 0.417
      }
    },
    {
      "type": "Feature",
      "geometry": {
        "type": "Point",
        "coordinates": [
          80.20069,
          13.03754
        ]
      },
      "properties": {
        "name": "Guindy Industrial Estate & Olympia Tech Ev Charging #1099",
        "type": "ev_charging",
        "category": "ev_charging",
        "city": "Guindy Industrial Estate & Olympia Tech",
        "rating": 4.2,
        "footfall": 3249,
        "revenue_index": 0.95,
        "value": 0.928
      }
    },
    {
      "type": "Feature",
      "geometry": {
        "type": "Point",
        "coordinates": [
          80.22068,
          13.01143
        ]
      },
      "properties": {
        "name": "Guindy Industrial Estate & Olympia Tech Grocery #1100",
        "type": "grocery",
        "category": "grocery",
        "city": "Guindy Industrial Estate & Olympia Tech",
        "rating": 4.0,
        "footfall": 1593,
        "revenue_index": 0.9,
        "value": 0.466
      }
    },
    {
      "type": "Feature",
      "geometry": {
        "type": "Point",
        "coordinates": [
          80.19525,
          13.00064
        ]
      },
      "properties": {
        "name": "Guindy Industrial Estate & Olympia Tech Restaurant #1101",
        "type": "restaurant",
        "category": "restaurant",
        "city": "Guindy Industrial Estate & Olympia Tech",
        "rating": 4.1,
        "footfall": 1491,
        "revenue_index": 0.85,
        "value": 0.578
      }
    },
    {
      "type": "Feature",
      "geometry": {
        "type": "Point",
        "coordinates": [
          80.21405,
          12.99662
        ]
      },
      "properties": {
        "name": "Guindy Industrial Estate & Olympia Tech Hotel #1102",
        "type": "hotel",
        "category": "hotel",
        "city": "Guindy Industrial Estate & Olympia Tech",
        "rating": 3.6,
        "footfall": 584,
        "revenue_index": 0.8,
        "value": 0.402
      }
    },
    {
      "type": "Feature",
      "geometry": {
        "type": "Point",
        "coordinates": [
          80.1797,
          13.02493
        ]
      },
      "properties": {
        "name": "Guindy Industrial Estate & Olympia Tech Ev Charging #1103",
        "type": "ev_charging",
        "category": "ev_charging",
        "city": "Guindy Industrial Estate & Olympia Tech",
        "rating": 3.7,
        "footfall": 2222,
        "revenue_index": 0.45,
        "value": 0.866
      }
    },
    {
      "type": "Feature",
      "geometry": {
        "type": "Point",
        "coordinates": [
          73.73653,
          18.55267
        ]
      },
      "properties": {
        "name": "Hinjewadi Rajiv Gandhi Infotech Park Gas Station #1104",
        "type": "gas_station",
        "category": "gas_station",
        "city": "Hinjewadi Rajiv Gandhi Infotech Park",
        "rating": 4.7,
        "footfall": 2535,
        "revenue_index": 0.47,
        "value": 0.791
      }
    },
    {
      "type": "Feature",
      "geometry": {
        "type": "Point",
        "coordinates": [
          73.74956,
          18.56319
        ]
      },
      "properties": {
        "name": "Hinjewadi Rajiv Gandhi Infotech Park Retail #1105",
        "type": "retail",
        "category": "retail",
        "city": "Hinjewadi Rajiv Gandhi Infotech Park",
        "rating": 3.6,
        "footfall": 3773,
        "revenue_index": 0.67,
        "value": 0.728
      }
    },
    {
      "type": "Feature",
      "geometry": {
        "type": "Point",
        "coordinates": [
          73.69916,
          18.5713
        ]
      },
      "properties": {
        "name": "Hinjewadi Rajiv Gandhi Infotech Park Hotel #1106",
        "type": "hotel",
        "category": "hotel",
        "city": "Hinjewadi Rajiv Gandhi Infotech Park",
        "rating": 4.6,
        "footfall": 4380,
        "revenue_index": 0.52,
        "value": 0.439
      }
    },
    {
      "type": "Feature",
      "geometry": {
        "type": "Point",
        "coordinates": [
          73.74099,
          18.58025
        ]
      },
      "properties": {
        "name": "Hinjewadi Rajiv Gandhi Infotech Park Grocery #1107",
        "type": "grocery",
        "category": "grocery",
        "city": "Hinjewadi Rajiv Gandhi Infotech Park",
        "rating": 4.5,
        "footfall": 1397,
        "revenue_index": 0.64,
        "value": 0.849
      }
    },
    {
      "type": "Feature",
      "geometry": {
        "type": "Point",
        "coordinates": [
          73.75036,
          18.59807
        ]
      },
      "properties": {
        "name": "Hinjewadi Rajiv Gandhi Infotech Park Grocery #1108",
        "type": "grocery",
        "category": "grocery",
        "city": "Hinjewadi Rajiv Gandhi Infotech Park",
        "rating": 3.8,
        "footfall": 1833,
        "revenue_index": 0.74,
        "value": 0.529
      }
    },
    {
      "type": "Feature",
      "geometry": {
        "type": "Point",
        "coordinates": [
          73.73448,
          18.57311
        ]
      },
      "properties": {
        "name": "Hinjewadi Rajiv Gandhi Infotech Park Hotel #1109",
        "type": "hotel",
        "category": "hotel",
        "city": "Hinjewadi Rajiv Gandhi Infotech Park",
        "rating": 3.8,
        "footfall": 1977,
        "revenue_index": 0.64,
        "value": 0.732
      }
    },
    {
      "type": "Feature",
      "geometry": {
        "type": "Point",
        "coordinates": [
          73.73538,
          18.58642
        ]
      },
      "properties": {
        "name": "Hinjewadi Rajiv Gandhi Infotech Park Ev Charging #1110",
        "type": "ev_charging",
        "category": "ev_charging",
        "city": "Hinjewadi Rajiv Gandhi Infotech Park",
        "rating": 3.7,
        "footfall": 4940,
        "revenue_index": 0.59,
        "value": 0.731
      }
    },
    {
      "type": "Feature",
      "geometry": {
        "type": "Point",
        "coordinates": [
          73.75024,
          18.60337
        ]
      },
      "properties": {
        "name": "Hinjewadi Rajiv Gandhi Infotech Park Hotel #1111",
        "type": "hotel",
        "category": "hotel",
        "city": "Hinjewadi Rajiv Gandhi Infotech Park",
        "rating": 3.7,
        "footfall": 1345,
        "revenue_index": 0.95,
        "value": 0.569
      }
    },
    {
      "type": "Feature",
      "geometry": {
        "type": "Point",
        "coordinates": [
          73.93746,
          18.54493
        ]
      },
      "properties": {
        "name": "Magarpatta Cybercity & Hadapsar Hotel #1112",
        "type": "hotel",
        "category": "hotel",
        "city": "Magarpatta Cybercity & Hadapsar",
        "rating": 4.0,
        "footfall": 3010,
        "revenue_index": 0.96,
        "value": 0.945
      }
    },
    {
      "type": "Feature",
      "geometry": {
        "type": "Point",
        "coordinates": [
          73.92605,
          18.52349
        ]
      },
      "properties": {
        "name": "Magarpatta Cybercity & Hadapsar Bank #1113",
        "type": "bank",
        "category": "bank",
        "city": "Magarpatta Cybercity & Hadapsar",
        "rating": 4.3,
        "footfall": 1475,
        "revenue_index": 0.94,
        "value": 0.355
      }
    },
    {
      "type": "Feature",
      "geometry": {
        "type": "Point",
        "coordinates": [
          73.92479,
          18.52631
        ]
      },
      "properties": {
        "name": "Magarpatta Cybercity & Hadapsar Bank #1114",
        "type": "bank",
        "category": "bank",
        "city": "Magarpatta Cybercity & Hadapsar",
        "rating": 4.5,
        "footfall": 3344,
        "revenue_index": 0.96,
        "value": 0.701
      }
    },
    {
      "type": "Feature",
      "geometry": {
        "type": "Point",
        "coordinates": [
          73.93867,
          18.54042
        ]
      },
      "properties": {
        "name": "Magarpatta Cybercity & Hadapsar Grocery #1115",
        "type": "grocery",
        "category": "grocery",
        "city": "Magarpatta Cybercity & Hadapsar",
        "rating": 3.9,
        "footfall": 1445,
        "revenue_index": 0.94,
        "value": 0.361
      }
    },
    {
      "type": "Feature",
      "geometry": {
        "type": "Point",
        "coordinates": [
          73.94717,
          18.54426
        ]
      },
      "properties": {
        "name": "Magarpatta Cybercity & Hadapsar Retail #1116",
        "type": "retail",
        "category": "retail",
        "city": "Magarpatta Cybercity & Hadapsar",
        "rating": 4.4,
        "footfall": 3098,
        "revenue_index": 0.58,
        "value": 0.399
      }
    },
    {
      "type": "Feature",
      "geometry": {
        "type": "Point",
        "coordinates": [
          73.95665,
          18.49965
        ]
      },
      "properties": {
        "name": "Magarpatta Cybercity & Hadapsar Hotel #1117",
        "type": "hotel",
        "category": "hotel",
        "city": "Magarpatta Cybercity & Hadapsar",
        "rating": 4.6,
        "footfall": 1183,
        "revenue_index": 0.94,
        "value": 0.515
      }
    },
    {
      "type": "Feature",
      "geometry": {
        "type": "Point",
        "coordinates": [
          73.93463,
          18.49673
        ]
      },
      "properties": {
        "name": "Magarpatta Cybercity & Hadapsar Gas Station #1118",
        "type": "gas_station",
        "category": "gas_station",
        "city": "Magarpatta Cybercity & Hadapsar",
        "rating": 4.0,
        "footfall": 1455,
        "revenue_index": 0.74,
        "value": 0.46
      }
    },
    {
      "type": "Feature",
      "geometry": {
        "type": "Point",
        "coordinates": [
          73.91095,
          18.49793
        ]
      },
      "properties": {
        "name": "Magarpatta Cybercity & Hadapsar Grocery #1119",
        "type": "grocery",
        "category": "grocery",
        "city": "Magarpatta Cybercity & Hadapsar",
        "rating": 3.9,
        "footfall": 3558,
        "revenue_index": 0.57,
        "value": 0.567
      }
    },
    {
      "type": "Feature",
      "geometry": {
        "type": "Point",
        "coordinates": [
          88.42992,
          22.60118
        ]
      },
      "properties": {
        "name": "Salt Lake Sector V IT Corridor Bank #1120",
        "type": "bank",
        "category": "bank",
        "city": "Salt Lake Sector V IT Corridor",
        "rating": 4.9,
        "footfall": 2262,
        "revenue_index": 0.7,
        "value": 0.719
      }
    },
    {
      "type": "Feature",
      "geometry": {
        "type": "Point",
        "coordinates": [
          88.4402,
          22.58811
        ]
      },
      "properties": {
        "name": "Salt Lake Sector V IT Corridor Restaurant #1121",
        "type": "restaurant",
        "category": "restaurant",
        "city": "Salt Lake Sector V IT Corridor",
        "rating": 4.7,
        "footfall": 4042,
        "revenue_index": 0.58,
        "value": 0.928
      }
    },
    {
      "type": "Feature",
      "geometry": {
        "type": "Point",
        "coordinates": [
          88.46109,
          22.58193
        ]
      },
      "properties": {
        "name": "Salt Lake Sector V IT Corridor Grocery #1122",
        "type": "grocery",
        "category": "grocery",
        "city": "Salt Lake Sector V IT Corridor",
        "rating": 4.3,
        "footfall": 3012,
        "revenue_index": 0.88,
        "value": 0.698
      }
    },
    {
      "type": "Feature",
      "geometry": {
        "type": "Point",
        "coordinates": [
          88.42252,
          22.61451
        ]
      },
      "properties": {
        "name": "Salt Lake Sector V IT Corridor Hotel #1123",
        "type": "hotel",
        "category": "hotel",
        "city": "Salt Lake Sector V IT Corridor",
        "rating": 4.1,
        "footfall": 5087,
        "revenue_index": 0.61,
        "value": 0.834
      }
    },
    {
      "type": "Feature",
      "geometry": {
        "type": "Point",
        "coordinates": [
          88.42842,
          22.56682
        ]
      },
      "properties": {
        "name": "Salt Lake Sector V IT Corridor Grocery #1124",
        "type": "grocery",
        "category": "grocery",
        "city": "Salt Lake Sector V IT Corridor",
        "rating": 4.8,
        "footfall": 405,
        "revenue_index": 0.89,
        "value": 0.73
      }
    },
    {
      "type": "Feature",
      "geometry": {
        "type": "Point",
        "coordinates": [
          88.44346,
          22.55892
        ]
      },
      "properties": {
        "name": "Salt Lake Sector V IT Corridor Bank #1125",
        "type": "bank",
        "category": "bank",
        "city": "Salt Lake Sector V IT Corridor",
        "rating": 4.0,
        "footfall": 1655,
        "revenue_index": 0.73,
        "value": 0.855
      }
    },
    {
      "type": "Feature",
      "geometry": {
        "type": "Point",
        "coordinates": [
          88.44019,
          22.56552
        ]
      },
      "properties": {
        "name": "Salt Lake Sector V IT Corridor Bank #1126",
        "type": "bank",
        "category": "bank",
        "city": "Salt Lake Sector V IT Corridor",
        "rating": 3.7,
        "footfall": 3116,
        "revenue_index": 0.67,
        "value": 0.502
      }
    },
    {
      "type": "Feature",
      "geometry": {
        "type": "Point",
        "coordinates": [
          88.43701,
          22.567
        ]
      },
      "properties": {
        "name": "Salt Lake Sector V IT Corridor Gas Station #1127",
        "type": "gas_station",
        "category": "gas_station",
        "city": "Salt Lake Sector V IT Corridor",
        "rating": 4.8,
        "footfall": 1079,
        "revenue_index": 0.66,
        "value": 0.441
      }
    },
    {
      "type": "Feature",
      "geometry": {
        "type": "Point",
        "coordinates": [
          75.84574,
          26.74149
        ]
      },
      "properties": {
        "name": "Sitapura Industrial Area & RIICO SEZ Gas Station #1128",
        "type": "gas_station",
        "category": "gas_station",
        "city": "Sitapura Industrial Area & RIICO SEZ",
        "rating": 4.5,
        "footfall": 966,
        "revenue_index": 0.61,
        "value": 0.916
      }
    },
    {
      "type": "Feature",
      "geometry": {
        "type": "Point",
        "coordinates": [
          75.82727,
          26.79683
        ]
      },
      "properties": {
        "name": "Sitapura Industrial Area & RIICO SEZ Bank #1129",
        "type": "bank",
        "category": "bank",
        "city": "Sitapura Industrial Area & RIICO SEZ",
        "rating": 3.6,
        "footfall": 2696,
        "revenue_index": 0.55,
        "value": 0.805
      }
    },
    {
      "type": "Feature",
      "geometry": {
        "type": "Point",
        "coordinates": [
          75.81095,
          26.77094
        ]
      },
      "properties": {
        "name": "Sitapura Industrial Area & RIICO SEZ Grocery #1130",
        "type": "grocery",
        "category": "grocery",
        "city": "Sitapura Industrial Area & RIICO SEZ",
        "rating": 4.7,
        "footfall": 2822,
        "revenue_index": 0.59,
        "value": 0.64
      }
    },
    {
      "type": "Feature",
      "geometry": {
        "type": "Point",
        "coordinates": [
          75.78214,
          26.80067
        ]
      },
      "properties": {
        "name": "Sitapura Industrial Area & RIICO SEZ Restaurant #1131",
        "type": "restaurant",
        "category": "restaurant",
        "city": "Sitapura Industrial Area & RIICO SEZ",
        "rating": 4.0,
        "footfall": 474,
        "revenue_index": 0.73,
        "value": 0.775
      }
    },
    {
      "type": "Feature",
      "geometry": {
        "type": "Point",
        "coordinates": [
          75.83283,
          26.78069
        ]
      },
      "properties": {
        "name": "Sitapura Industrial Area & RIICO SEZ Ev Charging #1132",
        "type": "ev_charging",
        "category": "ev_charging",
        "city": "Sitapura Industrial Area & RIICO SEZ",
        "rating": 3.8,
        "footfall": 2869,
        "revenue_index": 0.72,
        "value": 0.833
      }
    },
    {
      "type": "Feature",
      "geometry": {
        "type": "Point",
        "coordinates": [
          75.84349,
          26.77683
        ]
      },
      "properties": {
        "name": "Sitapura Industrial Area & RIICO SEZ Restaurant #1133",
        "type": "restaurant",
        "category": "restaurant",
        "city": "Sitapura Industrial Area & RIICO SEZ",
        "rating": 4.0,
        "footfall": 3111,
        "revenue_index": 0.63,
        "value": 0.944
      }
    },
    {
      "type": "Feature",
      "geometry": {
        "type": "Point",
        "coordinates": [
          70.91455,
          26.90819
        ]
      },
      "properties": {
        "name": "Jaisalmer Wind Park Complex Grocery #1134",
        "type": "grocery",
        "category": "grocery",
        "city": "Jaisalmer Wind Park Complex",
        "rating": 4.0,
        "footfall": 4156,
        "revenue_index": 0.6,
        "value": 0.953
      }
    },
    {
      "type": "Feature",
      "geometry": {
        "type": "Point",
        "coordinates": [
          70.90026,
          26.93049
        ]
      },
      "properties": {
        "name": "Jaisalmer Wind Park Complex Hotel #1135",
        "type": "hotel",
        "category": "hotel",
        "city": "Jaisalmer Wind Park Complex",
        "rating": 4.2,
        "footfall": 3503,
        "revenue_index": 0.46,
        "value": 0.525
      }
    },
    {
      "type": "Feature",
      "geometry": {
        "type": "Point",
        "coordinates": [
          70.91447,
          26.91061
        ]
      },
      "properties": {
        "name": "Jaisalmer Wind Park Complex Hotel #1136",
        "type": "hotel",
        "category": "hotel",
        "city": "Jaisalmer Wind Park Complex",
        "rating": 3.9,
        "footfall": 1582,
        "revenue_index": 0.78,
        "value": 0.563
      }
    },
    {
      "type": "Feature",
      "geometry": {
        "type": "Point",
        "coordinates": [
          70.89789,
          26.90289
        ]
      },
      "properties": {
        "name": "Jaisalmer Wind Park Complex Restaurant #1137",
        "type": "restaurant",
        "category": "restaurant",
        "city": "Jaisalmer Wind Park Complex",
        "rating": 4.7,
        "footfall": 3039,
        "revenue_index": 0.79,
        "value": 0.931
      }
    },
    {
      "type": "Feature",
      "geometry": {
        "type": "Point",
        "coordinates": [
          70.92251,
          26.92628
        ]
      },
      "properties": {
        "name": "Jaisalmer Wind Park Complex Retail #1138",
        "type": "retail",
        "category": "retail",
        "city": "Jaisalmer Wind Park Complex",
        "rating": 4.0,
        "footfall": 1545,
        "revenue_index": 0.77,
        "value": 0.597
      }
    },
    {
      "type": "Feature",
      "geometry": {
        "type": "Point",
        "coordinates": [
          70.89234,
          26.93659
        ]
      },
      "properties": {
        "name": "Jaisalmer Wind Park Complex Grocery #1139",
        "type": "grocery",
        "category": "grocery",
        "city": "Jaisalmer Wind Park Complex",
        "rating": 3.7,
        "footfall": 1693,
        "revenue_index": 0.5,
        "value": 0.536
      }
    },
    {
      "type": "Feature",
      "geometry": {
        "type": "Point",
        "coordinates": [
          70.91799,
          26.92142
        ]
      },
      "properties": {
        "name": "Jaisalmer Wind Park Complex Restaurant #1140",
        "type": "restaurant",
        "category": "restaurant",
        "city": "Jaisalmer Wind Park Complex",
        "rating": 3.6,
        "footfall": 1112,
        "revenue_index": 0.67,
        "value": 0.691
      }
    },
    {
      "type": "Feature",
      "geometry": {
        "type": "Point",
        "coordinates": [
          70.86943,
          26.91988
        ]
      },
      "properties": {
        "name": "Jaisalmer Wind Park Complex Ev Charging #1141",
        "type": "ev_charging",
        "category": "ev_charging",
        "city": "Jaisalmer Wind Park Complex",
        "rating": 4.5,
        "footfall": 1842,
        "revenue_index": 0.93,
        "value": 0.591
      }
    },
    {
      "type": "Feature",
      "geometry": {
        "type": "Point",
        "coordinates": [
          77.57738,
          8.26694
        ]
      },
      "properties": {
        "name": "Muppandal Wind Farm Supercluster Hotel #1142",
        "type": "hotel",
        "category": "hotel",
        "city": "Muppandal Wind Farm Supercluster",
        "rating": 3.6,
        "footfall": 2212,
        "revenue_index": 0.97,
        "value": 0.866
      }
    },
    {
      "type": "Feature",
      "geometry": {
        "type": "Point",
        "coordinates": [
          77.50511,
          8.25929
        ]
      },
      "properties": {
        "name": "Muppandal Wind Farm Supercluster Retail #1143",
        "type": "retail",
        "category": "retail",
        "city": "Muppandal Wind Farm Supercluster",
        "rating": 4.7,
        "footfall": 1685,
        "revenue_index": 0.72,
        "value": 0.54
      }
    },
    {
      "type": "Feature",
      "geometry": {
        "type": "Point",
        "coordinates": [
          77.51557,
          8.26465
        ]
      },
      "properties": {
        "name": "Muppandal Wind Farm Supercluster Retail #1144",
        "type": "retail",
        "category": "retail",
        "city": "Muppandal Wind Farm Supercluster",
        "rating": 3.8,
        "footfall": 769,
        "revenue_index": 0.67,
        "value": 0.773
      }
    },
    {
      "type": "Feature",
      "geometry": {
        "type": "Point",
        "coordinates": [
          77.55239,
          8.27952
        ]
      },
      "properties": {
        "name": "Muppandal Wind Farm Supercluster Bank #1145",
        "type": "bank",
        "category": "bank",
        "city": "Muppandal Wind Farm Supercluster",
        "rating": 3.9,
        "footfall": 3461,
        "revenue_index": 0.78,
        "value": 0.658
      }
    },
    {
      "type": "Feature",
      "geometry": {
        "type": "Point",
        "coordinates": [
          77.54762,
          8.23652
        ]
      },
      "properties": {
        "name": "Muppandal Wind Farm Supercluster Retail #1146",
        "type": "retail",
        "category": "retail",
        "city": "Muppandal Wind Farm Supercluster",
        "rating": 3.7,
        "footfall": 577,
        "revenue_index": 0.55,
        "value": 0.717
      }
    },
    {
      "type": "Feature",
      "geometry": {
        "type": "Point",
        "coordinates": [
          77.55347,
          8.25398
        ]
      },
      "properties": {
        "name": "Muppandal Wind Farm Supercluster Restaurant #1147",
        "type": "restaurant",
        "category": "restaurant",
        "city": "Muppandal Wind Farm Supercluster",
        "rating": 3.8,
        "footfall": 3189,
        "revenue_index": 0.65,
        "value": 0.802
      }
    },
    {
      "type": "Feature",
      "geometry": {
        "type": "Point",
        "coordinates": [
          77.56487,
          8.2552
        ]
      },
      "properties": {
        "name": "Muppandal Wind Farm Supercluster Grocery #1148",
        "type": "grocery",
        "category": "grocery",
        "city": "Muppandal Wind Farm Supercluster",
        "rating": 4.6,
        "footfall": 3299,
        "revenue_index": 0.96,
        "value": 0.545
      }
    },
    {
      "type": "Feature",
      "geometry": {
        "type": "Point",
        "coordinates": [
          77.52408,
          8.25579
        ]
      },
      "properties": {
        "name": "Muppandal Wind Farm Supercluster Grocery #1149",
        "type": "grocery",
        "category": "grocery",
        "city": "Muppandal Wind Farm Supercluster",
        "rating": 4.7,
        "footfall": 1568,
        "revenue_index": 0.57,
        "value": 0.53
      }
    },
    {
      "type": "Feature",
      "geometry": {
        "type": "Point",
        "coordinates": [
          72.73865,
          18.94085
        ]
      },
      "properties": {
        "name": "Mumbai CBD Restaurant #1150",
        "type": "restaurant",
        "category": "restaurant",
        "city": "Mumbai CBD",
        "rating": 3.8,
        "footfall": 2319,
        "revenue_index": 0.49,
        "value": 0.593
      }
    },
    {
      "type": "Feature",
      "geometry": {
        "type": "Point",
        "coordinates": [
          72.78641,
          18.89097
        ]
      },
      "properties": {
        "name": "Mumbai CBD Hotel #1151",
        "type": "hotel",
        "category": "hotel",
        "city": "Mumbai CBD",
        "rating": 4.3,
        "footfall": 1018,
        "revenue_index": 0.6,
        "value": 0.587
      }
    },
    {
      "type": "Feature",
      "geometry": {
        "type": "Point",
        "coordinates": [
          72.8365,
          18.89562
        ]
      },
      "properties": {
        "name": "Mumbai CBD Restaurant #1152",
        "type": "restaurant",
        "category": "restaurant",
        "city": "Mumbai CBD",
        "rating": 4.2,
        "footfall": 1368,
        "revenue_index": 0.78,
        "value": 0.945
      }
    },
    {
      "type": "Feature",
      "geometry": {
        "type": "Point",
        "coordinates": [
          72.88777,
          18.8803
        ]
      },
      "properties": {
        "name": "Mumbai CBD Bank #1153",
        "type": "bank",
        "category": "bank",
        "city": "Mumbai CBD",
        "rating": 4.8,
        "footfall": 1057,
        "revenue_index": 0.81,
        "value": 0.964
      }
    },
    {
      "type": "Feature",
      "geometry": {
        "type": "Point",
        "coordinates": [
          72.84506,
          18.88506
        ]
      },
      "properties": {
        "name": "Mumbai CBD Gas Station #1154",
        "type": "gas_station",
        "category": "gas_station",
        "city": "Mumbai CBD",
        "rating": 4.0,
        "footfall": 3222,
        "revenue_index": 0.54,
        "value": 0.647
      }
    },
    {
      "type": "Feature",
      "geometry": {
        "type": "Point",
        "coordinates": [
          72.79548,
          18.96124
        ]
      },
      "properties": {
        "name": "Mumbai CBD Restaurant #1155",
        "type": "restaurant",
        "category": "restaurant",
        "city": "Mumbai CBD",
        "rating": 3.6,
        "footfall": 5114,
        "revenue_index": 0.53,
        "value": 0.405
      }
    },
    {
      "type": "Feature",
      "geometry": {
        "type": "Point",
        "coordinates": [
          72.78872,
          18.91476
        ]
      },
      "properties": {
        "name": "Mumbai CBD Grocery #1156",
        "type": "grocery",
        "category": "grocery",
        "city": "Mumbai CBD",
        "rating": 3.7,
        "footfall": 1007,
        "revenue_index": 0.87,
        "value": 0.744
      }
    },
    {
      "type": "Feature",
      "geometry": {
        "type": "Point",
        "coordinates": [
          72.84906,
          18.94139
        ]
      },
      "properties": {
        "name": "Mumbai CBD Bank #1157",
        "type": "bank",
        "category": "bank",
        "city": "Mumbai CBD",
        "rating": 3.7,
        "footfall": 4319,
        "revenue_index": 0.78,
        "value": 0.778
      }
    },
    {
      "type": "Feature",
      "geometry": {
        "type": "Point",
        "coordinates": [
          73.86858,
          18.49099
        ]
      },
      "properties": {
        "name": "Pune Central Hotel #1158",
        "type": "hotel",
        "category": "hotel",
        "city": "Pune Central",
        "rating": 4.2,
        "footfall": 3902,
        "revenue_index": 0.56,
        "value": 0.505
      }
    },
    {
      "type": "Feature",
      "geometry": {
        "type": "Point",
        "coordinates": [
          73.90445,
          18.55279
        ]
      },
      "properties": {
        "name": "Pune Central Retail #1159",
        "type": "retail",
        "category": "retail",
        "city": "Pune Central",
        "rating": 4.3,
        "footfall": 5198,
        "revenue_index": 0.53,
        "value": 0.897
      }
    },
    {
      "type": "Feature",
      "geometry": {
        "type": "Point",
        "coordinates": [
          73.89398,
          18.48343
        ]
      },
      "properties": {
        "name": "Pune Central Bank #1160",
        "type": "bank",
        "category": "bank",
        "city": "Pune Central",
        "rating": 4.0,
        "footfall": 4599,
        "revenue_index": 0.64,
        "value": 0.489
      }
    },
    {
      "type": "Feature",
      "geometry": {
        "type": "Point",
        "coordinates": [
          73.85687,
          18.508
        ]
      },
      "properties": {
        "name": "Pune Central Hotel #1161",
        "type": "hotel",
        "category": "hotel",
        "city": "Pune Central",
        "rating": 3.8,
        "footfall": 2952,
        "revenue_index": 0.55,
        "value": 0.375
      }
    },
    {
      "type": "Feature",
      "geometry": {
        "type": "Point",
        "coordinates": [
          73.84797,
          18.54093
        ]
      },
      "properties": {
        "name": "Pune Central Hotel #1162",
        "type": "hotel",
        "category": "hotel",
        "city": "Pune Central",
        "rating": 4.0,
        "footfall": 2412,
        "revenue_index": 0.75,
        "value": 0.689
      }
    },
    {
      "type": "Feature",
      "geometry": {
        "type": "Point",
        "coordinates": [
          73.73212,
          18.60112
        ]
      },
      "properties": {
        "name": "Hinjawadi IT Corridor, Pune Restaurant #1163",
        "type": "restaurant",
        "category": "restaurant",
        "city": "Hinjawadi IT Corridor, Pune",
        "rating": 4.5,
        "footfall": 999,
        "revenue_index": 0.56,
        "value": 0.514
      }
    },
    {
      "type": "Feature",
      "geometry": {
        "type": "Point",
        "coordinates": [
          73.76427,
          18.57505
        ]
      },
      "properties": {
        "name": "Hinjawadi IT Corridor, Pune Grocery #1164",
        "type": "grocery",
        "category": "grocery",
        "city": "Hinjawadi IT Corridor, Pune",
        "rating": 4.7,
        "footfall": 3512,
        "revenue_index": 0.77,
        "value": 0.43
      }
    },
    {
      "type": "Feature",
      "geometry": {
        "type": "Point",
        "coordinates": [
          73.74579,
          18.54271
        ]
      },
      "properties": {
        "name": "Hinjawadi IT Corridor, Pune Bank #1165",
        "type": "bank",
        "category": "bank",
        "city": "Hinjawadi IT Corridor, Pune",
        "rating": 3.9,
        "footfall": 4421,
        "revenue_index": 0.8,
        "value": 0.477
      }
    },
    {
      "type": "Feature",
      "geometry": {
        "type": "Point",
        "coordinates": [
          73.71982,
          18.58321
        ]
      },
      "properties": {
        "name": "Hinjawadi IT Corridor, Pune Grocery #1166",
        "type": "grocery",
        "category": "grocery",
        "city": "Hinjawadi IT Corridor, Pune",
        "rating": 3.7,
        "footfall": 3192,
        "revenue_index": 0.92,
        "value": 0.929
      }
    },
    {
      "type": "Feature",
      "geometry": {
        "type": "Point",
        "coordinates": [
          73.74678,
          18.59752
        ]
      },
      "properties": {
        "name": "Hinjawadi IT Corridor, Pune Hotel #1167",
        "type": "hotel",
        "category": "hotel",
        "city": "Hinjawadi IT Corridor, Pune",
        "rating": 4.0,
        "footfall": 648,
        "revenue_index": 0.88,
        "value": 0.856
      }
    },
    {
      "type": "Feature",
      "geometry": {
        "type": "Point",
        "coordinates": [
          73.75726,
          18.60179
        ]
      },
      "properties": {
        "name": "Hinjawadi IT Corridor, Pune Ev Charging #1168",
        "type": "ev_charging",
        "category": "ev_charging",
        "city": "Hinjawadi IT Corridor, Pune",
        "rating": 3.8,
        "footfall": 4046,
        "revenue_index": 0.91,
        "value": 0.902
      }
    },
    {
      "type": "Feature",
      "geometry": {
        "type": "Point",
        "coordinates": [
          79.06845,
          21.16343
        ]
      },
      "properties": {
        "name": "Nagpur Hotel #1169",
        "type": "hotel",
        "category": "hotel",
        "city": "Nagpur",
        "rating": 3.8,
        "footfall": 1899,
        "revenue_index": 0.98,
        "value": 0.549
      }
    },
    {
      "type": "Feature",
      "geometry": {
        "type": "Point",
        "coordinates": [
          79.15637,
          21.10234
        ]
      },
      "properties": {
        "name": "Nagpur Restaurant #1170",
        "type": "restaurant",
        "category": "restaurant",
        "city": "Nagpur",
        "rating": 4.2,
        "footfall": 3393,
        "revenue_index": 0.81,
        "value": 0.548
      }
    },
    {
      "type": "Feature",
      "geometry": {
        "type": "Point",
        "coordinates": [
          79.04495,
          21.14615
        ]
      },
      "properties": {
        "name": "Nagpur Gas Station #1171",
        "type": "gas_station",
        "category": "gas_station",
        "city": "Nagpur",
        "rating": 3.9,
        "footfall": 4015,
        "revenue_index": 0.72,
        "value": 0.721
      }
    },
    {
      "type": "Feature",
      "geometry": {
        "type": "Point",
        "coordinates": [
          79.107,
          21.15697
        ]
      },
      "properties": {
        "name": "Nagpur Hotel #1172",
        "type": "hotel",
        "category": "hotel",
        "city": "Nagpur",
        "rating": 4.4,
        "footfall": 3411,
        "revenue_index": 0.89,
        "value": 0.364
      }
    },
    {
      "type": "Feature",
      "geometry": {
        "type": "Point",
        "coordinates": [
          79.0965,
          21.13413
        ]
      },
      "properties": {
        "name": "Nagpur Retail #1173",
        "type": "retail",
        "category": "retail",
        "city": "Nagpur",
        "rating": 4.8,
        "footfall": 5139,
        "revenue_index": 0.52,
        "value": 0.708
      }
    },
    {
      "type": "Feature",
      "geometry": {
        "type": "Point",
        "coordinates": [
          73.81937,
          19.9829
        ]
      },
      "properties": {
        "name": "Nashik Ev Charging #1174",
        "type": "ev_charging",
        "category": "ev_charging",
        "city": "Nashik",
        "rating": 4.7,
        "footfall": 1571,
        "revenue_index": 0.88,
        "value": 0.384
      }
    },
    {
      "type": "Feature",
      "geometry": {
        "type": "Point",
        "coordinates": [
          73.79618,
          19.98631
        ]
      },
      "properties": {
        "name": "Nashik Gas Station #1175",
        "type": "gas_station",
        "category": "gas_station",
        "city": "Nashik",
        "rating": 4.7,
        "footfall": 4432,
        "revenue_index": 0.55,
        "value": 0.945
      }
    },
    {
      "type": "Feature",
      "geometry": {
        "type": "Point",
        "coordinates": [
          73.74568,
          19.99481
        ]
      },
      "properties": {
        "name": "Nashik Grocery #1176",
        "type": "grocery",
        "category": "grocery",
        "city": "Nashik",
        "rating": 4.2,
        "footfall": 2165,
        "revenue_index": 0.59,
        "value": 0.903
      }
    },
    {
      "type": "Feature",
      "geometry": {
        "type": "Point",
        "coordinates": [
          73.78182,
          20.00423
        ]
      },
      "properties": {
        "name": "Nashik Grocery #1177",
        "type": "grocery",
        "category": "grocery",
        "city": "Nashik",
        "rating": 3.7,
        "footfall": 3980,
        "revenue_index": 0.91,
        "value": 0.764
      }
    },
    {
      "type": "Feature",
      "geometry": {
        "type": "Point",
        "coordinates": [
          73.78042,
          20.0098
        ]
      },
      "properties": {
        "name": "Nashik Hotel #1178",
        "type": "hotel",
        "category": "hotel",
        "city": "Nashik",
        "rating": 3.9,
        "footfall": 4442,
        "revenue_index": 0.69,
        "value": 0.97
      }
    },
    {
      "type": "Feature",
      "geometry": {
        "type": "Point",
        "coordinates": [
          75.29024,
          19.85629
        ]
      },
      "properties": {
        "name": "Chhatrapati Sambhajinagar Bank #1179",
        "type": "bank",
        "category": "bank",
        "city": "Chhatrapati Sambhajinagar",
        "rating": 4.5,
        "footfall": 451,
        "revenue_index": 0.6,
        "value": 0.567
      }
    },
    {
      "type": "Feature",
      "geometry": {
        "type": "Point",
        "coordinates": [
          75.34491,
          19.84299
        ]
      },
      "properties": {
        "name": "Chhatrapati Sambhajinagar Hotel #1180",
        "type": "hotel",
        "category": "hotel",
        "city": "Chhatrapati Sambhajinagar",
        "rating": 4.7,
        "footfall": 3460,
        "revenue_index": 0.51,
        "value": 0.677
      }
    },
    {
      "type": "Feature",
      "geometry": {
        "type": "Point",
        "coordinates": [
          75.33445,
          19.87339
        ]
      },
      "properties": {
        "name": "Chhatrapati Sambhajinagar Retail #1181",
        "type": "retail",
        "category": "retail",
        "city": "Chhatrapati Sambhajinagar",
        "rating": 3.9,
        "footfall": 4739,
        "revenue_index": 0.52,
        "value": 0.534
      }
    },
    {
      "type": "Feature",
      "geometry": {
        "type": "Point",
        "coordinates": [
          75.32425,
          19.82693
        ]
      },
      "properties": {
        "name": "Chhatrapati Sambhajinagar Restaurant #1182",
        "type": "restaurant",
        "category": "restaurant",
        "city": "Chhatrapati Sambhajinagar",
        "rating": 4.6,
        "footfall": 1981,
        "revenue_index": 0.69,
        "value": 0.811
      }
    },
    {
      "type": "Feature",
      "geometry": {
        "type": "Point",
        "coordinates": [
          74.25068,
          16.70974
        ]
      },
      "properties": {
        "name": "Kolhapur Grocery #1183",
        "type": "grocery",
        "category": "grocery",
        "city": "Kolhapur",
        "rating": 4.5,
        "footfall": 2609,
        "revenue_index": 0.62,
        "value": 0.802
      }
    },
    {
      "type": "Feature",
      "geometry": {
        "type": "Point",
        "coordinates": [
          74.25741,
          16.68765
        ]
      },
      "properties": {
        "name": "Kolhapur Bank #1184",
        "type": "bank",
        "category": "bank",
        "city": "Kolhapur",
        "rating": 4.2,
        "footfall": 3639,
        "revenue_index": 0.55,
        "value": 0.747
      }
    },
    {
      "type": "Feature",
      "geometry": {
        "type": "Point",
        "coordinates": [
          74.20106,
          16.68306
        ]
      },
      "properties": {
        "name": "Kolhapur Hotel #1185",
        "type": "hotel",
        "category": "hotel",
        "city": "Kolhapur",
        "rating": 4.9,
        "footfall": 4661,
        "revenue_index": 0.68,
        "value": 0.353
      }
    },
    {
      "type": "Feature",
      "geometry": {
        "type": "Point",
        "coordinates": [
          74.24859,
          16.71625
        ]
      },
      "properties": {
        "name": "Kolhapur Hotel #1186",
        "type": "hotel",
        "category": "hotel",
        "city": "Kolhapur",
        "rating": 4.7,
        "footfall": 621,
        "revenue_index": 0.89,
        "value": 0.88
      }
    },
    {
      "type": "Feature",
      "geometry": {
        "type": "Point",
        "coordinates": [
          75.87989,
          17.69096
        ]
      },
      "properties": {
        "name": "Solapur Grocery #1187",
        "type": "grocery",
        "category": "grocery",
        "city": "Solapur",
        "rating": 4.0,
        "footfall": 2598,
        "revenue_index": 0.52,
        "value": 0.865
      }
    },
    {
      "type": "Feature",
      "geometry": {
        "type": "Point",
        "coordinates": [
          75.85293,
          17.66739
        ]
      },
      "properties": {
        "name": "Solapur Restaurant #1188",
        "type": "restaurant",
        "category": "restaurant",
        "city": "Solapur",
        "rating": 3.9,
        "footfall": 2140,
        "revenue_index": 0.67,
        "value": 0.634
      }
    },
    {
      "type": "Feature",
      "geometry": {
        "type": "Point",
        "coordinates": [
          75.90337,
          17.65434
        ]
      },
      "properties": {
        "name": "Solapur Hotel #1189",
        "type": "hotel",
        "category": "hotel",
        "city": "Solapur",
        "rating": 4.3,
        "footfall": 4825,
        "revenue_index": 0.77,
        "value": 0.664
      }
    },
    {
      "type": "Feature",
      "geometry": {
        "type": "Point",
        "coordinates": [
          75.89546,
          17.65925
        ]
      },
      "properties": {
        "name": "Solapur Restaurant #1190",
        "type": "restaurant",
        "category": "restaurant",
        "city": "Solapur",
        "rating": 4.1,
        "footfall": 3148,
        "revenue_index": 0.79,
        "value": 0.51
      }
    },
    {
      "type": "Feature",
      "geometry": {
        "type": "Point",
        "coordinates": [
          77.14877,
          28.73581
        ]
      },
      "properties": {
        "name": "Connaught Place & New Delhi Grocery #1191",
        "type": "grocery",
        "category": "grocery",
        "city": "Connaught Place & New Delhi",
        "rating": 3.8,
        "footfall": 5006,
        "revenue_index": 0.97,
        "value": 0.928
      }
    },
    {
      "type": "Feature",
      "geometry": {
        "type": "Point",
        "coordinates": [
          77.31302,
          28.61541
        ]
      },
      "properties": {
        "name": "Connaught Place & New Delhi Retail #1192",
        "type": "retail",
        "category": "retail",
        "city": "Connaught Place & New Delhi",
        "rating": 3.7,
        "footfall": 1938,
        "revenue_index": 0.53,
        "value": 0.742
      }
    },
    {
      "type": "Feature",
      "geometry": {
        "type": "Point",
        "coordinates": [
          77.19875,
          28.63285
        ]
      },
      "properties": {
        "name": "Connaught Place & New Delhi Grocery #1193",
        "type": "grocery",
        "category": "grocery",
        "city": "Connaught Place & New Delhi",
        "rating": 4.8,
        "footfall": 3465,
        "revenue_index": 0.48,
        "value": 0.761
      }
    },
    {
      "type": "Feature",
      "geometry": {
        "type": "Point",
        "coordinates": [
          77.2144,
          28.63394
        ]
      },
      "properties": {
        "name": "Connaught Place & New Delhi Retail #1194",
        "type": "retail",
        "category": "retail",
        "city": "Connaught Place & New Delhi",
        "rating": 4.8,
        "footfall": 2790,
        "revenue_index": 0.66,
        "value": 0.649
      }
    },
    {
      "type": "Feature",
      "geometry": {
        "type": "Point",
        "coordinates": [
          77.14949,
          28.6455
        ]
      },
      "properties": {
        "name": "Connaught Place & New Delhi Bank #1195",
        "type": "bank",
        "category": "bank",
        "city": "Connaught Place & New Delhi",
        "rating": 4.8,
        "footfall": 891,
        "revenue_index": 0.74,
        "value": 0.381
      }
    },
    {
      "type": "Feature",
      "geometry": {
        "type": "Point",
        "coordinates": [
          77.18636,
          28.71646
        ]
      },
      "properties": {
        "name": "Connaught Place & New Delhi Grocery #1196",
        "type": "grocery",
        "category": "grocery",
        "city": "Connaught Place & New Delhi",
        "rating": 4.4,
        "footfall": 692,
        "revenue_index": 0.6,
        "value": 0.752
      }
    },
    {
      "type": "Feature",
      "geometry": {
        "type": "Point",
        "coordinates": [
          77.22225,
          28.64354
        ]
      },
      "properties": {
        "name": "Connaught Place & New Delhi Restaurant #1197",
        "type": "restaurant",
        "category": "restaurant",
        "city": "Connaught Place & New Delhi",
        "rating": 3.7,
        "footfall": 3723,
        "revenue_index": 0.65,
        "value": 0.671
      }
    },
    {
      "type": "Feature",
      "geometry": {
        "type": "Point",
        "coordinates": [
          77.23069,
          28.65528
        ]
      },
      "properties": {
        "name": "Connaught Place & New Delhi Ev Charging #1198",
        "type": "ev_charging",
        "category": "ev_charging",
        "city": "Connaught Place & New Delhi",
        "rating": 3.8,
        "footfall": 1244,
        "revenue_index": 0.6,
        "value": 0.757
      }
    },
    {
      "type": "Feature",
      "geometry": {
        "type": "Point",
        "coordinates": [
          77.09344,
          28.46784
        ]
      },
      "properties": {
        "name": "DLF Cyber City & Gurugram Ev Charging #1199",
        "type": "ev_charging",
        "category": "ev_charging",
        "city": "DLF Cyber City & Gurugram",
        "rating": 4.3,
        "footfall": 2014,
        "revenue_index": 0.47,
        "value": 0.753
      }
    },
    {
      "type": "Feature",
      "geometry": {
        "type": "Point",
        "coordinates": [
          77.10599,
          28.51473
        ]
      },
      "properties": {
        "name": "DLF Cyber City & Gurugram Ev Charging #1200",
        "type": "ev_charging",
        "category": "ev_charging",
        "city": "DLF Cyber City & Gurugram",
        "rating": 4.1,
        "footfall": 4064,
        "revenue_index": 0.51,
        "value": 0.88
      }
    },
    {
      "type": "Feature",
      "geometry": {
        "type": "Point",
        "coordinates": [
          77.09535,
          28.47753
        ]
      },
      "properties": {
        "name": "DLF Cyber City & Gurugram Retail #1201",
        "type": "retail",
        "category": "retail",
        "city": "DLF Cyber City & Gurugram",
        "rating": 4.9,
        "footfall": 704,
        "revenue_index": 0.53,
        "value": 0.641
      }
    },
    {
      "type": "Feature",
      "geometry": {
        "type": "Point",
        "coordinates": [
          77.08205,
          28.50489
        ]
      },
      "properties": {
        "name": "DLF Cyber City & Gurugram Grocery #1202",
        "type": "grocery",
        "category": "grocery",
        "city": "DLF Cyber City & Gurugram",
        "rating": 4.3,
        "footfall": 4977,
        "revenue_index": 0.79,
        "value": 0.479
      }
    },
    {
      "type": "Feature",
      "geometry": {
        "type": "Point",
        "coordinates": [
          77.0604,
          28.48713
        ]
      },
      "properties": {
        "name": "DLF Cyber City & Gurugram Retail #1203",
        "type": "retail",
        "category": "retail",
        "city": "DLF Cyber City & Gurugram",
        "rating": 4.1,
        "footfall": 3588,
        "revenue_index": 0.67,
        "value": 0.853
      }
    },
    {
      "type": "Feature",
      "geometry": {
        "type": "Point",
        "coordinates": [
          77.08708,
          28.50698
        ]
      },
      "properties": {
        "name": "DLF Cyber City & Gurugram Grocery #1204",
        "type": "grocery",
        "category": "grocery",
        "city": "DLF Cyber City & Gurugram",
        "rating": 4.3,
        "footfall": 3557,
        "revenue_index": 0.68,
        "value": 0.715
      }
    },
    {
      "type": "Feature",
      "geometry": {
        "type": "Point",
        "coordinates": [
          77.07152,
          28.49134
        ]
      },
      "properties": {
        "name": "DLF Cyber City & Gurugram Restaurant #1205",
        "type": "restaurant",
        "category": "restaurant",
        "city": "DLF Cyber City & Gurugram",
        "rating": 3.8,
        "footfall": 937,
        "revenue_index": 0.7,
        "value": 0.376
      }
    },
    {
      "type": "Feature",
      "geometry": {
        "type": "Point",
        "coordinates": [
          77.09612,
          28.49201
        ]
      },
      "properties": {
        "name": "DLF Cyber City & Gurugram Grocery #1206",
        "type": "grocery",
        "category": "grocery",
        "city": "DLF Cyber City & Gurugram",
        "rating": 3.9,
        "footfall": 1953,
        "revenue_index": 0.59,
        "value": 0.755
      }
    },
    {
      "type": "Feature",
      "geometry": {
        "type": "Point",
        "coordinates": [
          77.37727,
          28.64619
        ]
      },
      "properties": {
        "name": "Noida Sector 62 IT Hub Ev Charging #1207",
        "type": "ev_charging",
        "category": "ev_charging",
        "city": "Noida Sector 62 IT Hub",
        "rating": 4.2,
        "footfall": 1628,
        "revenue_index": 0.74,
        "value": 0.506
      }
    },
    {
      "type": "Feature",
      "geometry": {
        "type": "Point",
        "coordinates": [
          77.34653,
          28.6884
        ]
      },
      "properties": {
        "name": "Noida Sector 62 IT Hub Grocery #1208",
        "type": "grocery",
        "category": "grocery",
        "city": "Noida Sector 62 IT Hub",
        "rating": 4.5,
        "footfall": 4571,
        "revenue_index": 0.54,
        "value": 0.45
      }
    },
    {
      "type": "Feature",
      "geometry": {
        "type": "Point",
        "coordinates": [
          77.37634,
          28.6179
        ]
      },
      "properties": {
        "name": "Noida Sector 62 IT Hub Gas Station #1209",
        "type": "gas_station",
        "category": "gas_station",
        "city": "Noida Sector 62 IT Hub",
        "rating": 4.8,
        "footfall": 4348,
        "revenue_index": 0.63,
        "value": 0.377
      }
    },
    {
      "type": "Feature",
      "geometry": {
        "type": "Point",
        "coordinates": [
          77.33906,
          28.6163
        ]
      },
      "properties": {
        "name": "Noida Sector 62 IT Hub Ev Charging #1210",
        "type": "ev_charging",
        "category": "ev_charging",
        "city": "Noida Sector 62 IT Hub",
        "rating": 4.8,
        "footfall": 3904,
        "revenue_index": 0.74,
        "value": 0.731
      }
    },
    {
      "type": "Feature",
      "geometry": {
        "type": "Point",
        "coordinates": [
          77.41578,
          28.63933
        ]
      },
      "properties": {
        "name": "Noida Sector 62 IT Hub Hotel #1211",
        "type": "hotel",
        "category": "hotel",
        "city": "Noida Sector 62 IT Hub",
        "rating": 3.9,
        "footfall": 1642,
        "revenue_index": 0.87,
        "value": 0.565
      }
    },
    {
      "type": "Feature",
      "geometry": {
        "type": "Point",
        "coordinates": [
          77.41015,
          28.65227
        ]
      },
      "properties": {
        "name": "Noida Sector 62 IT Hub Restaurant #1212",
        "type": "restaurant",
        "category": "restaurant",
        "city": "Noida Sector 62 IT Hub",
        "rating": 4.2,
        "footfall": 3547,
        "revenue_index": 0.68,
        "value": 0.703
      }
    },
    {
      "type": "Feature",
      "geometry": {
        "type": "Point",
        "coordinates": [
          77.35301,
          28.6181
        ]
      },
      "properties": {
        "name": "Noida Sector 62 IT Hub Retail #1213",
        "type": "retail",
        "category": "retail",
        "city": "Noida Sector 62 IT Hub",
        "rating": 4.4,
        "footfall": 901,
        "revenue_index": 0.54,
        "value": 0.429
      }
    },
    {
      "type": "Feature",
      "geometry": {
        "type": "Point",
        "coordinates": [
          77.36093,
          28.57291
        ]
      },
      "properties": {
        "name": "Noida Sector 62 IT Hub Gas Station #1214",
        "type": "gas_station",
        "category": "gas_station",
        "city": "Noida Sector 62 IT Hub",
        "rating": 3.7,
        "footfall": 2354,
        "revenue_index": 0.45,
        "value": 0.693
      }
    },
    {
      "type": "Feature",
      "geometry": {
        "type": "Point",
        "coordinates": [
          77.48928,
          13.01847
        ]
      },
      "properties": {
        "name": "Bengaluru Central (MG Road) Retail #1215",
        "type": "retail",
        "category": "retail",
        "city": "Bengaluru Central (MG Road)",
        "rating": 4.3,
        "footfall": 5022,
        "revenue_index": 0.94,
        "value": 0.429
      }
    },
    {
      "type": "Feature",
      "geometry": {
        "type": "Point",
        "coordinates": [
          77.58907,
          12.97064
        ]
      },
      "properties": {
        "name": "Bengaluru Central (MG Road) Gas Station #1216",
        "type": "gas_station",
        "category": "gas_station",
        "city": "Bengaluru Central (MG Road)",
        "rating": 4.6,
        "footfall": 2233,
        "revenue_index": 0.74,
        "value": 0.8
      }
    },
    {
      "type": "Feature",
      "geometry": {
        "type": "Point",
        "coordinates": [
          77.63623,
          12.99494
        ]
      },
      "properties": {
        "name": "Bengaluru Central (MG Road) Gas Station #1217",
        "type": "gas_station",
        "category": "gas_station",
        "city": "Bengaluru Central (MG Road)",
        "rating": 4.2,
        "footfall": 1349,
        "revenue_index": 0.51,
        "value": 0.829
      }
    },
    {
      "type": "Feature",
      "geometry": {
        "type": "Point",
        "coordinates": [
          77.62629,
          12.96316
        ]
      },
      "properties": {
        "name": "Bengaluru Central (MG Road) Bank #1218",
        "type": "bank",
        "category": "bank",
        "city": "Bengaluru Central (MG Road)",
        "rating": 4.6,
        "footfall": 4528,
        "revenue_index": 0.94,
        "value": 0.475
      }
    },
    {
      "type": "Feature",
      "geometry": {
        "type": "Point",
        "coordinates": [
          77.5825,
          12.97387
        ]
      },
      "properties": {
        "name": "Bengaluru Central (MG Road) Gas Station #1219",
        "type": "gas_station",
        "category": "gas_station",
        "city": "Bengaluru Central (MG Road)",
        "rating": 4.8,
        "footfall": 1599,
        "revenue_index": 0.49,
        "value": 0.871
      }
    },
    {
      "type": "Feature",
      "geometry": {
        "type": "Point",
        "coordinates": [
          77.56584,
          12.96558
        ]
      },
      "properties": {
        "name": "Bengaluru Central (MG Road) Restaurant #1220",
        "type": "restaurant",
        "category": "restaurant",
        "city": "Bengaluru Central (MG Road)",
        "rating": 4.0,
        "footfall": 2777,
        "revenue_index": 0.71,
        "value": 0.91
      }
    },
    {
      "type": "Feature",
      "geometry": {
        "type": "Point",
        "coordinates": [
          77.58672,
          13.00527
        ]
      },
      "properties": {
        "name": "Bengaluru Central (MG Road) Bank #1221",
        "type": "bank",
        "category": "bank",
        "city": "Bengaluru Central (MG Road)",
        "rating": 4.2,
        "footfall": 4062,
        "revenue_index": 0.97,
        "value": 0.409
      }
    },
    {
      "type": "Feature",
      "geometry": {
        "type": "Point",
        "coordinates": [
          77.5184,
          12.89156
        ]
      },
      "properties": {
        "name": "Bengaluru Central (MG Road) Bank #1222",
        "type": "bank",
        "category": "bank",
        "city": "Bengaluru Central (MG Road)",
        "rating": 4.8,
        "footfall": 1385,
        "revenue_index": 0.81,
        "value": 0.717
      }
    },
    {
      "type": "Feature",
      "geometry": {
        "type": "Point",
        "coordinates": [
          77.75302,
          12.95141
        ]
      },
      "properties": {
        "name": "Whitefield IT Corridor, Bengaluru Bank #1223",
        "type": "bank",
        "category": "bank",
        "city": "Whitefield IT Corridor, Bengaluru",
        "rating": 4.4,
        "footfall": 3266,
        "revenue_index": 0.86,
        "value": 0.604
      }
    },
    {
      "type": "Feature",
      "geometry": {
        "type": "Point",
        "coordinates": [
          77.75459,
          12.9543
        ]
      },
      "properties": {
        "name": "Whitefield IT Corridor, Bengaluru Grocery #1224",
        "type": "grocery",
        "category": "grocery",
        "city": "Whitefield IT Corridor, Bengaluru",
        "rating": 4.4,
        "footfall": 3493,
        "revenue_index": 0.73,
        "value": 0.498
      }
    },
    {
      "type": "Feature",
      "geometry": {
        "type": "Point",
        "coordinates": [
          77.76521,
          12.96624
        ]
      },
      "properties": {
        "name": "Whitefield IT Corridor, Bengaluru Retail #1225",
        "type": "retail",
        "category": "retail",
        "city": "Whitefield IT Corridor, Bengaluru",
        "rating": 4.4,
        "footfall": 3403,
        "revenue_index": 0.53,
        "value": 0.94
      }
    },
    {
      "type": "Feature",
      "geometry": {
        "type": "Point",
        "coordinates": [
          77.70948,
          12.99473
        ]
      },
      "properties": {
        "name": "Whitefield IT Corridor, Bengaluru Bank #1226",
        "type": "bank",
        "category": "bank",
        "city": "Whitefield IT Corridor, Bengaluru",
        "rating": 4.1,
        "footfall": 3386,
        "revenue_index": 0.55,
        "value": 0.639
      }
    },
    {
      "type": "Feature",
      "geometry": {
        "type": "Point",
        "coordinates": [
          77.7799,
          12.97921
        ]
      },
      "properties": {
        "name": "Whitefield IT Corridor, Bengaluru Restaurant #1227",
        "type": "restaurant",
        "category": "restaurant",
        "city": "Whitefield IT Corridor, Bengaluru",
        "rating": 4.7,
        "footfall": 5146,
        "revenue_index": 0.49,
        "value": 0.513
      }
    },
    {
      "type": "Feature",
      "geometry": {
        "type": "Point",
        "coordinates": [
          77.74682,
          13.00067
        ]
      },
      "properties": {
        "name": "Whitefield IT Corridor, Bengaluru Gas Station #1228",
        "type": "gas_station",
        "category": "gas_station",
        "city": "Whitefield IT Corridor, Bengaluru",
        "rating": 3.6,
        "footfall": 2730,
        "revenue_index": 0.7,
        "value": 0.503
      }
    },
    {
      "type": "Feature",
      "geometry": {
        "type": "Point",
        "coordinates": [
          77.75334,
          12.97979
        ]
      },
      "properties": {
        "name": "Whitefield IT Corridor, Bengaluru Gas Station #1229",
        "type": "gas_station",
        "category": "gas_station",
        "city": "Whitefield IT Corridor, Bengaluru",
        "rating": 4.6,
        "footfall": 1336,
        "revenue_index": 0.49,
        "value": 0.945
      }
    },
    {
      "type": "Feature",
      "geometry": {
        "type": "Point",
        "coordinates": [
          77.75735,
          12.99992
        ]
      },
      "properties": {
        "name": "Whitefield IT Corridor, Bengaluru Retail #1230",
        "type": "retail",
        "category": "retail",
        "city": "Whitefield IT Corridor, Bengaluru",
        "rating": 3.7,
        "footfall": 1640,
        "revenue_index": 0.67,
        "value": 0.369
      }
    },
    {
      "type": "Feature",
      "geometry": {
        "type": "Point",
        "coordinates": [
          76.64427,
          12.31865
        ]
      },
      "properties": {
        "name": "Mysuru Grocery #1231",
        "type": "grocery",
        "category": "grocery",
        "city": "Mysuru",
        "rating": 4.3,
        "footfall": 2111,
        "revenue_index": 0.8,
        "value": 0.882
      }
    },
    {
      "type": "Feature",
      "geometry": {
        "type": "Point",
        "coordinates": [
          76.62133,
          12.32352
        ]
      },
      "properties": {
        "name": "Mysuru Hotel #1232",
        "type": "hotel",
        "category": "hotel",
        "city": "Mysuru",
        "rating": 4.3,
        "footfall": 2065,
        "revenue_index": 0.57,
        "value": 0.532
      }
    },
    {
      "type": "Feature",
      "geometry": {
        "type": "Point",
        "coordinates": [
          76.63936,
          12.28042
        ]
      },
      "properties": {
        "name": "Mysuru Gas Station #1233",
        "type": "gas_station",
        "category": "gas_station",
        "city": "Mysuru",
        "rating": 4.8,
        "footfall": 1931,
        "revenue_index": 0.51,
        "value": 0.709
      }
    },
    {
      "type": "Feature",
      "geometry": {
        "type": "Point",
        "coordinates": [
          76.64132,
          12.28525
        ]
      },
      "properties": {
        "name": "Mysuru Ev Charging #1234",
        "type": "ev_charging",
        "category": "ev_charging",
        "city": "Mysuru",
        "rating": 4.1,
        "footfall": 4539,
        "revenue_index": 0.94,
        "value": 0.971
      }
    },
    {
      "type": "Feature",
      "geometry": {
        "type": "Point",
        "coordinates": [
          75.1364,
          15.35073
        ]
      },
      "properties": {
        "name": "Hubballi-Dharwad Hotel #1235",
        "type": "hotel",
        "category": "hotel",
        "city": "Hubballi-Dharwad",
        "rating": 3.9,
        "footfall": 1676,
        "revenue_index": 0.46,
        "value": 0.481
      }
    },
    {
      "type": "Feature",
      "geometry": {
        "type": "Point",
        "coordinates": [
          75.10167,
          15.42159
        ]
      },
      "properties": {
        "name": "Hubballi-Dharwad Bank #1236",
        "type": "bank",
        "category": "bank",
        "city": "Hubballi-Dharwad",
        "rating": 3.8,
        "footfall": 3739,
        "revenue_index": 0.67,
        "value": 0.442
      }
    },
    {
      "type": "Feature",
      "geometry": {
        "type": "Point",
        "coordinates": [
          75.12166,
          15.34535
        ]
      },
      "properties": {
        "name": "Hubballi-Dharwad Grocery #1237",
        "type": "grocery",
        "category": "grocery",
        "city": "Hubballi-Dharwad",
        "rating": 4.0,
        "footfall": 1763,
        "revenue_index": 0.97,
        "value": 0.664
      }
    },
    {
      "type": "Feature",
      "geometry": {
        "type": "Point",
        "coordinates": [
          75.12648,
          15.36699
        ]
      },
      "properties": {
        "name": "Hubballi-Dharwad Hotel #1238",
        "type": "hotel",
        "category": "hotel",
        "city": "Hubballi-Dharwad",
        "rating": 3.6,
        "footfall": 1557,
        "revenue_index": 0.46,
        "value": 0.596
      }
    },
    {
      "type": "Feature",
      "geometry": {
        "type": "Point",
        "coordinates": [
          74.86175,
          12.93149
        ]
      },
      "properties": {
        "name": "Mangaluru Port & City Bank #1239",
        "type": "bank",
        "category": "bank",
        "city": "Mangaluru Port & City",
        "rating": 4.1,
        "footfall": 543,
        "revenue_index": 0.62,
        "value": 0.721
      }
    },
    {
      "type": "Feature",
      "geometry": {
        "type": "Point",
        "coordinates": [
          74.84868,
          12.8959
        ]
      },
      "properties": {
        "name": "Mangaluru Port & City Restaurant #1240",
        "type": "restaurant",
        "category": "restaurant",
        "city": "Mangaluru Port & City",
        "rating": 4.7,
        "footfall": 4459,
        "revenue_index": 0.92,
        "value": 0.602
      }
    },
    {
      "type": "Feature",
      "geometry": {
        "type": "Point",
        "coordinates": [
          74.82434,
          12.89218
        ]
      },
      "properties": {
        "name": "Mangaluru Port & City Bank #1241",
        "type": "bank",
        "category": "bank",
        "city": "Mangaluru Port & City",
        "rating": 4.5,
        "footfall": 2023,
        "revenue_index": 0.97,
        "value": 0.552
      }
    },
    {
      "type": "Feature",
      "geometry": {
        "type": "Point",
        "coordinates": [
          74.87249,
          12.8845
        ]
      },
      "properties": {
        "name": "Mangaluru Port & City Restaurant #1242",
        "type": "restaurant",
        "category": "restaurant",
        "city": "Mangaluru Port & City",
        "rating": 4.1,
        "footfall": 2044,
        "revenue_index": 0.88,
        "value": 0.406
      }
    },
    {
      "type": "Feature",
      "geometry": {
        "type": "Point",
        "coordinates": [
          78.51419,
          17.45351
        ]
      },
      "properties": {
        "name": "Hyderabad CBD Grocery #1243",
        "type": "grocery",
        "category": "grocery",
        "city": "Hyderabad CBD",
        "rating": 3.7,
        "footfall": 2323,
        "revenue_index": 0.48,
        "value": 0.629
      }
    },
    {
      "type": "Feature",
      "geometry": {
        "type": "Point",
        "coordinates": [
          78.48963,
          17.38821
        ]
      },
      "properties": {
        "name": "Hyderabad CBD Ev Charging #1244",
        "type": "ev_charging",
        "category": "ev_charging",
        "city": "Hyderabad CBD",
        "rating": 4.7,
        "footfall": 4755,
        "revenue_index": 0.96,
        "value": 0.459
      }
    },
    {
      "type": "Feature",
      "geometry": {
        "type": "Point",
        "coordinates": [
          78.39218,
          17.31384
        ]
      },
      "properties": {
        "name": "Hyderabad CBD Ev Charging #1245",
        "type": "ev_charging",
        "category": "ev_charging",
        "city": "Hyderabad CBD",
        "rating": 4.5,
        "footfall": 2682,
        "revenue_index": 0.48,
        "value": 0.693
      }
    },
    {
      "type": "Feature",
      "geometry": {
        "type": "Point",
        "coordinates": [
          78.45823,
          17.45804
        ]
      },
      "properties": {
        "name": "Hyderabad CBD Grocery #1246",
        "type": "grocery",
        "category": "grocery",
        "city": "Hyderabad CBD",
        "rating": 4.5,
        "footfall": 2285,
        "revenue_index": 0.48,
        "value": 0.515
      }
    },
    {
      "type": "Feature",
      "geometry": {
        "type": "Point",
        "coordinates": [
          78.53098,
          17.39289
        ]
      },
      "properties": {
        "name": "Hyderabad CBD Gas Station #1247",
        "type": "gas_station",
        "category": "gas_station",
        "city": "Hyderabad CBD",
        "rating": 3.7,
        "footfall": 3820,
        "revenue_index": 0.66,
        "value": 0.686
      }
    },
    {
      "type": "Feature",
      "geometry": {
        "type": "Point",
        "coordinates": [
          78.44614,
          17.35407
        ]
      },
      "properties": {
        "name": "Hyderabad CBD Hotel #1248",
        "type": "hotel",
        "category": "hotel",
        "city": "Hyderabad CBD",
        "rating": 3.7,
        "footfall": 1523,
        "revenue_index": 0.81,
        "value": 0.62
      }
    },
    {
      "type": "Feature",
      "geometry": {
        "type": "Point",
        "coordinates": [
          78.52651,
          17.47017
        ]
      },
      "properties": {
        "name": "Hyderabad CBD Hotel #1249",
        "type": "hotel",
        "category": "hotel",
        "city": "Hyderabad CBD",
        "rating": 4.6,
        "footfall": 2882,
        "revenue_index": 0.86,
        "value": 0.913
      }
    },
    {
      "type": "Feature",
      "geometry": {
        "type": "Point",
        "coordinates": [
          78.47695,
          17.46424
        ]
      },
      "properties": {
        "name": "Hyderabad CBD Hotel #1250",
        "type": "hotel",
        "category": "hotel",
        "city": "Hyderabad CBD",
        "rating": 3.6,
        "footfall": 3246,
        "revenue_index": 0.93,
        "value": 0.489
      }
    },
    {
      "type": "Feature",
      "geometry": {
        "type": "Point",
        "coordinates": [
          78.37518,
          17.49067
        ]
      },
      "properties": {
        "name": "HITEC City & Gachibowli, Hyderabad Retail #1251",
        "type": "retail",
        "category": "retail",
        "city": "HITEC City & Gachibowli, Hyderabad",
        "rating": 3.6,
        "footfall": 3257,
        "revenue_index": 0.81,
        "value": 0.947
      }
    },
    {
      "type": "Feature",
      "geometry": {
        "type": "Point",
        "coordinates": [
          78.34124,
          17.42584
        ]
      },
      "properties": {
        "name": "HITEC City & Gachibowli, Hyderabad Retail #1252",
        "type": "retail",
        "category": "retail",
        "city": "HITEC City & Gachibowli, Hyderabad",
        "rating": 4.7,
        "footfall": 3944,
        "revenue_index": 0.71,
        "value": 0.478
      }
    },
    {
      "type": "Feature",
      "geometry": {
        "type": "Point",
        "coordinates": [
          78.38609,
          17.41854
        ]
      },
      "properties": {
        "name": "HITEC City & Gachibowli, Hyderabad Restaurant #1253",
        "type": "restaurant",
        "category": "restaurant",
        "city": "HITEC City & Gachibowli, Hyderabad",
        "rating": 3.7,
        "footfall": 5188,
        "revenue_index": 0.97,
        "value": 0.821
      }
    },
    {
      "type": "Feature",
      "geometry": {
        "type": "Point",
        "coordinates": [
          78.39568,
          17.45809
        ]
      },
      "properties": {
        "name": "HITEC City & Gachibowli, Hyderabad Restaurant #1254",
        "type": "restaurant",
        "category": "restaurant",
        "city": "HITEC City & Gachibowli, Hyderabad",
        "rating": 4.2,
        "footfall": 3743,
        "revenue_index": 0.84,
        "value": 0.574
      }
    },
    {
      "type": "Feature",
      "geometry": {
        "type": "Point",
        "coordinates": [
          78.38432,
          17.48067
        ]
      },
      "properties": {
        "name": "HITEC City & Gachibowli, Hyderabad Gas Station #1255",
        "type": "gas_station",
        "category": "gas_station",
        "city": "HITEC City & Gachibowli, Hyderabad",
        "rating": 4.7,
        "footfall": 3899,
        "revenue_index": 0.7,
        "value": 0.896
      }
    },
    {
      "type": "Feature",
      "geometry": {
        "type": "Point",
        "coordinates": [
          78.37569,
          17.41828
        ]
      },
      "properties": {
        "name": "HITEC City & Gachibowli, Hyderabad Hotel #1256",
        "type": "hotel",
        "category": "hotel",
        "city": "HITEC City & Gachibowli, Hyderabad",
        "rating": 4.8,
        "footfall": 4748,
        "revenue_index": 0.74,
        "value": 0.954
      }
    },
    {
      "type": "Feature",
      "geometry": {
        "type": "Point",
        "coordinates": [
          78.38614,
          17.43021
        ]
      },
      "properties": {
        "name": "HITEC City & Gachibowli, Hyderabad Grocery #1257",
        "type": "grocery",
        "category": "grocery",
        "city": "HITEC City & Gachibowli, Hyderabad",
        "rating": 4.3,
        "footfall": 3328,
        "revenue_index": 0.46,
        "value": 0.809
      }
    },
    {
      "type": "Feature",
      "geometry": {
        "type": "Point",
        "coordinates": [
          78.40307,
          17.41106
        ]
      },
      "properties": {
        "name": "HITEC City & Gachibowli, Hyderabad Bank #1258",
        "type": "bank",
        "category": "bank",
        "city": "HITEC City & Gachibowli, Hyderabad",
        "rating": 3.8,
        "footfall": 3689,
        "revenue_index": 0.54,
        "value": 0.45
      }
    },
    {
      "type": "Feature",
      "geometry": {
        "type": "Point",
        "coordinates": [
          83.23169,
          17.66208
        ]
      },
      "properties": {
        "name": "Visakhapatnam Grocery #1259",
        "type": "grocery",
        "category": "grocery",
        "city": "Visakhapatnam",
        "rating": 4.7,
        "footfall": 4617,
        "revenue_index": 0.46,
        "value": 0.791
      }
    },
    {
      "type": "Feature",
      "geometry": {
        "type": "Point",
        "coordinates": [
          83.25807,
          17.70045
        ]
      },
      "properties": {
        "name": "Visakhapatnam Retail #1260",
        "type": "retail",
        "category": "retail",
        "city": "Visakhapatnam",
        "rating": 4.8,
        "footfall": 3061,
        "revenue_index": 0.54,
        "value": 0.697
      }
    },
    {
      "type": "Feature",
      "geometry": {
        "type": "Point",
        "coordinates": [
          83.18413,
          17.65999
        ]
      },
      "properties": {
        "name": "Visakhapatnam Bank #1261",
        "type": "bank",
        "category": "bank",
        "city": "Visakhapatnam",
        "rating": 4.3,
        "footfall": 405,
        "revenue_index": 0.7,
        "value": 0.716
      }
    },
    {
      "type": "Feature",
      "geometry": {
        "type": "Point",
        "coordinates": [
          83.24135,
          17.68792
        ]
      },
      "properties": {
        "name": "Visakhapatnam Grocery #1262",
        "type": "grocery",
        "category": "grocery",
        "city": "Visakhapatnam",
        "rating": 3.7,
        "footfall": 3049,
        "revenue_index": 0.63,
        "value": 0.65
      }
    },
    {
      "type": "Feature",
      "geometry": {
        "type": "Point",
        "coordinates": [
          83.22486,
          17.6598
        ]
      },
      "properties": {
        "name": "Visakhapatnam Grocery #1263",
        "type": "grocery",
        "category": "grocery",
        "city": "Visakhapatnam",
        "rating": 4.7,
        "footfall": 3514,
        "revenue_index": 0.61,
        "value": 0.696
      }
    },
    {
      "type": "Feature",
      "geometry": {
        "type": "Point",
        "coordinates": [
          80.67952,
          16.51861
        ]
      },
      "properties": {
        "name": "Vijayawada Bank #1264",
        "type": "bank",
        "category": "bank",
        "city": "Vijayawada",
        "rating": 4.3,
        "footfall": 2997,
        "revenue_index": 0.47,
        "value": 0.396
      }
    },
    {
      "type": "Feature",
      "geometry": {
        "type": "Point",
        "coordinates": [
          80.58419,
          16.49073
        ]
      },
      "properties": {
        "name": "Vijayawada Retail #1265",
        "type": "retail",
        "category": "retail",
        "city": "Vijayawada",
        "rating": 4.6,
        "footfall": 1295,
        "revenue_index": 0.92,
        "value": 0.842
      }
    },
    {
      "type": "Feature",
      "geometry": {
        "type": "Point",
        "coordinates": [
          80.67761,
          16.49067
        ]
      },
      "properties": {
        "name": "Vijayawada Restaurant #1266",
        "type": "restaurant",
        "category": "restaurant",
        "city": "Vijayawada",
        "rating": 4.3,
        "footfall": 1539,
        "revenue_index": 0.76,
        "value": 0.948
      }
    },
    {
      "type": "Feature",
      "geometry": {
        "type": "Point",
        "coordinates": [
          80.66837,
          16.49154
        ]
      },
      "properties": {
        "name": "Vijayawada Hotel #1267",
        "type": "hotel",
        "category": "hotel",
        "city": "Vijayawada",
        "rating": 3.7,
        "footfall": 4765,
        "revenue_index": 0.68,
        "value": 0.758
      }
    },
    {
      "type": "Feature",
      "geometry": {
        "type": "Point",
        "coordinates": [
          80.63018,
          16.51727
        ]
      },
      "properties": {
        "name": "Vijayawada Gas Station #1268",
        "type": "gas_station",
        "category": "gas_station",
        "city": "Vijayawada",
        "rating": 3.7,
        "footfall": 3357,
        "revenue_index": 0.86,
        "value": 0.353
      }
    },
    {
      "type": "Feature",
      "geometry": {
        "type": "Point",
        "coordinates": [
          80.42545,
          16.29276
        ]
      },
      "properties": {
        "name": "Guntur Grocery #1269",
        "type": "grocery",
        "category": "grocery",
        "city": "Guntur",
        "rating": 4.5,
        "footfall": 1882,
        "revenue_index": 0.73,
        "value": 0.632
      }
    },
    {
      "type": "Feature",
      "geometry": {
        "type": "Point",
        "coordinates": [
          80.41189,
          16.32072
        ]
      },
      "properties": {
        "name": "Guntur Bank #1270",
        "type": "bank",
        "category": "bank",
        "city": "Guntur",
        "rating": 4.2,
        "footfall": 807,
        "revenue_index": 0.78,
        "value": 0.755
      }
    },
    {
      "type": "Feature",
      "geometry": {
        "type": "Point",
        "coordinates": [
          80.4031,
          16.31156
        ]
      },
      "properties": {
        "name": "Guntur Retail #1271",
        "type": "retail",
        "category": "retail",
        "city": "Guntur",
        "rating": 3.8,
        "footfall": 1628,
        "revenue_index": 0.63,
        "value": 0.358
      }
    },
    {
      "type": "Feature",
      "geometry": {
        "type": "Point",
        "coordinates": [
          80.41776,
          16.29252
        ]
      },
      "properties": {
        "name": "Guntur Bank #1272",
        "type": "bank",
        "category": "bank",
        "city": "Guntur",
        "rating": 3.6,
        "footfall": 2654,
        "revenue_index": 0.54,
        "value": 0.825
      }
    },
    {
      "type": "Feature",
      "geometry": {
        "type": "Point",
        "coordinates": [
          79.42387,
          13.66004
        ]
      },
      "properties": {
        "name": "Tirupati Grocery #1273",
        "type": "grocery",
        "category": "grocery",
        "city": "Tirupati",
        "rating": 4.0,
        "footfall": 1884,
        "revenue_index": 0.54,
        "value": 0.886
      }
    },
    {
      "type": "Feature",
      "geometry": {
        "type": "Point",
        "coordinates": [
          79.42721,
          13.61685
        ]
      },
      "properties": {
        "name": "Tirupati Retail #1274",
        "type": "retail",
        "category": "retail",
        "city": "Tirupati",
        "rating": 4.4,
        "footfall": 528,
        "revenue_index": 0.65,
        "value": 0.908
      }
    },
    {
      "type": "Feature",
      "geometry": {
        "type": "Point",
        "coordinates": [
          79.42379,
          13.68068
        ]
      },
      "properties": {
        "name": "Tirupati Bank #1275",
        "type": "bank",
        "category": "bank",
        "city": "Tirupati",
        "rating": 3.9,
        "footfall": 1514,
        "revenue_index": 0.88,
        "value": 0.845
      }
    },
    {
      "type": "Feature",
      "geometry": {
        "type": "Point",
        "coordinates": [
          79.40118,
          13.65447
        ]
      },
      "properties": {
        "name": "Tirupati Gas Station #1276",
        "type": "gas_station",
        "category": "gas_station",
        "city": "Tirupati",
        "rating": 3.8,
        "footfall": 5103,
        "revenue_index": 0.69,
        "value": 0.501
      }
    },
    {
      "type": "Feature",
      "geometry": {
        "type": "Point",
        "coordinates": [
          80.24568,
          13.15064
        ]
      },
      "properties": {
        "name": "Chennai CBD (Anna Salai) Ev Charging #1277",
        "type": "ev_charging",
        "category": "ev_charging",
        "city": "Chennai CBD (Anna Salai)",
        "rating": 4.9,
        "footfall": 3075,
        "revenue_index": 0.71,
        "value": 0.843
      }
    },
    {
      "type": "Feature",
      "geometry": {
        "type": "Point",
        "coordinates": [
          80.30499,
          13.13388
        ]
      },
      "properties": {
        "name": "Chennai CBD (Anna Salai) Ev Charging #1278",
        "type": "ev_charging",
        "category": "ev_charging",
        "city": "Chennai CBD (Anna Salai)",
        "rating": 4.0,
        "footfall": 3410,
        "revenue_index": 0.93,
        "value": 0.777
      }
    },
    {
      "type": "Feature",
      "geometry": {
        "type": "Point",
        "coordinates": [
          80.25615,
          13.10451
        ]
      },
      "properties": {
        "name": "Chennai CBD (Anna Salai) Bank #1279",
        "type": "bank",
        "category": "bank",
        "city": "Chennai CBD (Anna Salai)",
        "rating": 4.1,
        "footfall": 4438,
        "revenue_index": 0.87,
        "value": 0.578
      }
    },
    {
      "type": "Feature",
      "geometry": {
        "type": "Point",
        "coordinates": [
          80.37523,
          13.04682
        ]
      },
      "properties": {
        "name": "Chennai CBD (Anna Salai) Restaurant #1280",
        "type": "restaurant",
        "category": "restaurant",
        "city": "Chennai CBD (Anna Salai)",
        "rating": 3.9,
        "footfall": 937,
        "revenue_index": 0.6,
        "value": 0.763
      }
    },
    {
      "type": "Feature",
      "geometry": {
        "type": "Point",
        "coordinates": [
          80.19624,
          13.17783
        ]
      },
      "properties": {
        "name": "Chennai CBD (Anna Salai) Bank #1281",
        "type": "bank",
        "category": "bank",
        "city": "Chennai CBD (Anna Salai)",
        "rating": 4.7,
        "footfall": 3299,
        "revenue_index": 0.94,
        "value": 0.674
      }
    },
    {
      "type": "Feature",
      "geometry": {
        "type": "Point",
        "coordinates": [
          80.188,
          13.03592
        ]
      },
      "properties": {
        "name": "Chennai CBD (Anna Salai) Grocery #1282",
        "type": "grocery",
        "category": "grocery",
        "city": "Chennai CBD (Anna Salai)",
        "rating": 3.9,
        "footfall": 2830,
        "revenue_index": 0.75,
        "value": 0.889
      }
    },
    {
      "type": "Feature",
      "geometry": {
        "type": "Point",
        "coordinates": [
          80.17952,
          13.02739
        ]
      },
      "properties": {
        "name": "Chennai CBD (Anna Salai) Bank #1283",
        "type": "bank",
        "category": "bank",
        "city": "Chennai CBD (Anna Salai)",
        "rating": 4.3,
        "footfall": 3914,
        "revenue_index": 0.78,
        "value": 0.888
      }
    },
    {
      "type": "Feature",
      "geometry": {
        "type": "Point",
        "coordinates": [
          80.25018,
          13.09404
        ]
      },
      "properties": {
        "name": "Chennai CBD (Anna Salai) Gas Station #1284",
        "type": "gas_station",
        "category": "gas_station",
        "city": "Chennai CBD (Anna Salai)",
        "rating": 4.7,
        "footfall": 4640,
        "revenue_index": 0.62,
        "value": 0.447
      }
    },
    {
      "type": "Feature",
      "geometry": {
        "type": "Point",
        "coordinates": [
          80.19707,
          12.95046
        ]
      },
      "properties": {
        "name": "OMR IT Corridor, Chennai Gas Station #1285",
        "type": "gas_station",
        "category": "gas_station",
        "city": "OMR IT Corridor, Chennai",
        "rating": 4.1,
        "footfall": 4258,
        "revenue_index": 0.45,
        "value": 0.67
      }
    },
    {
      "type": "Feature",
      "geometry": {
        "type": "Point",
        "coordinates": [
          80.21856,
          12.91303
        ]
      },
      "properties": {
        "name": "OMR IT Corridor, Chennai Hotel #1286",
        "type": "hotel",
        "category": "hotel",
        "city": "OMR IT Corridor, Chennai",
        "rating": 4.7,
        "footfall": 3746,
        "revenue_index": 0.86,
        "value": 0.734
      }
    },
    {
      "type": "Feature",
      "geometry": {
        "type": "Point",
        "coordinates": [
          80.26982,
          12.93299
        ]
      },
      "properties": {
        "name": "OMR IT Corridor, Chennai Ev Charging #1287",
        "type": "ev_charging",
        "category": "ev_charging",
        "city": "OMR IT Corridor, Chennai",
        "rating": 4.0,
        "footfall": 3927,
        "revenue_index": 0.98,
        "value": 0.785
      }
    },
    {
      "type": "Feature",
      "geometry": {
        "type": "Point",
        "coordinates": [
          80.22345,
          12.92933
        ]
      },
      "properties": {
        "name": "OMR IT Corridor, Chennai Retail #1288",
        "type": "retail",
        "category": "retail",
        "city": "OMR IT Corridor, Chennai",
        "rating": 4.6,
        "footfall": 2903,
        "revenue_index": 0.62,
        "value": 0.388
      }
    },
    {
      "type": "Feature",
      "geometry": {
        "type": "Point",
        "coordinates": [
          80.22827,
          12.93153
        ]
      },
      "properties": {
        "name": "OMR IT Corridor, Chennai Restaurant #1289",
        "type": "restaurant",
        "category": "restaurant",
        "city": "OMR IT Corridor, Chennai",
        "rating": 4.3,
        "footfall": 3684,
        "revenue_index": 0.7,
        "value": 0.812
      }
    },
    {
      "type": "Feature",
      "geometry": {
        "type": "Point",
        "coordinates": [
          80.22971,
          12.94772
        ]
      },
      "properties": {
        "name": "OMR IT Corridor, Chennai Ev Charging #1290",
        "type": "ev_charging",
        "category": "ev_charging",
        "city": "OMR IT Corridor, Chennai",
        "rating": 3.8,
        "footfall": 2006,
        "revenue_index": 0.75,
        "value": 0.789
      }
    },
    {
      "type": "Feature",
      "geometry": {
        "type": "Point",
        "coordinates": [
          80.24462,
          12.87962
        ]
      },
      "properties": {
        "name": "OMR IT Corridor, Chennai Gas Station #1291",
        "type": "gas_station",
        "category": "gas_station",
        "city": "OMR IT Corridor, Chennai",
        "rating": 4.8,
        "footfall": 2978,
        "revenue_index": 0.59,
        "value": 0.847
      }
    },
    {
      "type": "Feature",
      "geometry": {
        "type": "Point",
        "coordinates": [
          80.25394,
          12.90797
        ]
      },
      "properties": {
        "name": "OMR IT Corridor, Chennai Bank #1292",
        "type": "bank",
        "category": "bank",
        "city": "OMR IT Corridor, Chennai",
        "rating": 3.6,
        "footfall": 5005,
        "revenue_index": 0.94,
        "value": 0.39
      }
    },
    {
      "type": "Feature",
      "geometry": {
        "type": "Point",
        "coordinates": [
          76.98274,
          11.03933
        ]
      },
      "properties": {
        "name": "Coimbatore Ev Charging #1293",
        "type": "ev_charging",
        "category": "ev_charging",
        "city": "Coimbatore",
        "rating": 3.7,
        "footfall": 714,
        "revenue_index": 0.81,
        "value": 0.784
      }
    },
    {
      "type": "Feature",
      "geometry": {
        "type": "Point",
        "coordinates": [
          76.93972,
          11.00306
        ]
      },
      "properties": {
        "name": "Coimbatore Ev Charging #1294",
        "type": "ev_charging",
        "category": "ev_charging",
        "city": "Coimbatore",
        "rating": 3.6,
        "footfall": 1915,
        "revenue_index": 0.96,
        "value": 0.409
      }
    },
    {
      "type": "Feature",
      "geometry": {
        "type": "Point",
        "coordinates": [
          76.97309,
          11.02119
        ]
      },
      "properties": {
        "name": "Coimbatore Retail #1295",
        "type": "retail",
        "category": "retail",
        "city": "Coimbatore",
        "rating": 3.8,
        "footfall": 4201,
        "revenue_index": 0.77,
        "value": 0.836
      }
    },
    {
      "type": "Feature",
      "geometry": {
        "type": "Point",
        "coordinates": [
          76.91549,
          11.00017
        ]
      },
      "properties": {
        "name": "Coimbatore Hotel #1296",
        "type": "hotel",
        "category": "hotel",
        "city": "Coimbatore",
        "rating": 3.9,
        "footfall": 4426,
        "revenue_index": 0.78,
        "value": 0.874
      }
    },
    {
      "type": "Feature",
      "geometry": {
        "type": "Point",
        "coordinates": [
          76.96534,
          11.01161
        ]
      },
      "properties": {
        "name": "Coimbatore Bank #1297",
        "type": "bank",
        "category": "bank",
        "city": "Coimbatore",
        "rating": 4.5,
        "footfall": 1223,
        "revenue_index": 0.51,
        "value": 0.501
      }
    },
    {
      "type": "Feature",
      "geometry": {
        "type": "Point",
        "coordinates": [
          78.12535,
          9.92109
        ]
      },
      "properties": {
        "name": "Madurai Hotel #1298",
        "type": "hotel",
        "category": "hotel",
        "city": "Madurai",
        "rating": 3.8,
        "footfall": 3332,
        "revenue_index": 0.55,
        "value": 0.64
      }
    },
    {
      "type": "Feature",
      "geometry": {
        "type": "Point",
        "coordinates": [
          78.15057,
          9.92249
        ]
      },
      "properties": {
        "name": "Madurai Hotel #1299",
        "type": "hotel",
        "category": "hotel",
        "city": "Madurai",
        "rating": 4.5,
        "footfall": 1900,
        "revenue_index": 0.88,
        "value": 0.567
      }
    },
    {
      "type": "Feature",
      "geometry": {
        "type": "Point",
        "coordinates": [
          78.09226,
          9.91483
        ]
      },
      "properties": {
        "name": "Madurai Gas Station #1300",
        "type": "gas_station",
        "category": "gas_station",
        "city": "Madurai",
        "rating": 3.9,
        "footfall": 1976,
        "revenue_index": 0.74,
        "value": 0.776
      }
    },
    {
      "type": "Feature",
      "geometry": {
        "type": "Point",
        "coordinates": [
          78.13699,
          9.91313
        ]
      },
      "properties": {
        "name": "Madurai Retail #1301",
        "type": "retail",
        "category": "retail",
        "city": "Madurai",
        "rating": 3.9,
        "footfall": 3933,
        "revenue_index": 0.97,
        "value": 0.853
      }
    },
    {
      "type": "Feature",
      "geometry": {
        "type": "Point",
        "coordinates": [
          78.67338,
          10.80588
        ]
      },
      "properties": {
        "name": "Tiruchirappalli Grocery #1302",
        "type": "grocery",
        "category": "grocery",
        "city": "Tiruchirappalli",
        "rating": 3.9,
        "footfall": 1168,
        "revenue_index": 0.49,
        "value": 0.769
      }
    },
    {
      "type": "Feature",
      "geometry": {
        "type": "Point",
        "coordinates": [
          78.69483,
          10.80899
        ]
      },
      "properties": {
        "name": "Tiruchirappalli Ev Charging #1303",
        "type": "ev_charging",
        "category": "ev_charging",
        "city": "Tiruchirappalli",
        "rating": 4.0,
        "footfall": 2201,
        "revenue_index": 0.81,
        "value": 0.79
      }
    },
    {
      "type": "Feature",
      "geometry": {
        "type": "Point",
        "coordinates": [
          78.69341,
          10.81187
        ]
      },
      "properties": {
        "name": "Tiruchirappalli Gas Station #1304",
        "type": "gas_station",
        "category": "gas_station",
        "city": "Tiruchirappalli",
        "rating": 3.8,
        "footfall": 1281,
        "revenue_index": 0.67,
        "value": 0.476
      }
    },
    {
      "type": "Feature",
      "geometry": {
        "type": "Point",
        "coordinates": [
          78.71288,
          10.76933
        ]
      },
      "properties": {
        "name": "Tiruchirappalli Hotel #1305",
        "type": "hotel",
        "category": "hotel",
        "city": "Tiruchirappalli",
        "rating": 3.8,
        "footfall": 1111,
        "revenue_index": 0.8,
        "value": 0.873
      }
    },
    {
      "type": "Feature",
      "geometry": {
        "type": "Point",
        "coordinates": [
          78.16361,
          11.64715
        ]
      },
      "properties": {
        "name": "Salem Bank #1306",
        "type": "bank",
        "category": "bank",
        "city": "Salem",
        "rating": 4.6,
        "footfall": 1766,
        "revenue_index": 0.85,
        "value": 0.512
      }
    },
    {
      "type": "Feature",
      "geometry": {
        "type": "Point",
        "coordinates": [
          78.17168,
          11.69824
        ]
      },
      "properties": {
        "name": "Salem Retail #1307",
        "type": "retail",
        "category": "retail",
        "city": "Salem",
        "rating": 4.3,
        "footfall": 4706,
        "revenue_index": 0.51,
        "value": 0.965
      }
    },
    {
      "type": "Feature",
      "geometry": {
        "type": "Point",
        "coordinates": [
          78.12662,
          11.6514
        ]
      },
      "properties": {
        "name": "Salem Retail #1308",
        "type": "retail",
        "category": "retail",
        "city": "Salem",
        "rating": 4.4,
        "footfall": 885,
        "revenue_index": 0.67,
        "value": 0.497
      }
    },
    {
      "type": "Feature",
      "geometry": {
        "type": "Point",
        "coordinates": [
          78.13074,
          11.64465
        ]
      },
      "properties": {
        "name": "Salem Retail #1309",
        "type": "retail",
        "category": "retail",
        "city": "Salem",
        "rating": 4.6,
        "footfall": 2324,
        "revenue_index": 0.94,
        "value": 0.727
      }
    },
    {
      "type": "Feature",
      "geometry": {
        "type": "Point",
        "coordinates": [
          88.34921,
          22.61418
        ]
      },
      "properties": {
        "name": "Kolkata Central (Park Street) Gas Station #1310",
        "type": "gas_station",
        "category": "gas_station",
        "city": "Kolkata Central (Park Street)",
        "rating": 4.8,
        "footfall": 2945,
        "revenue_index": 0.63,
        "value": 0.799
      }
    },
    {
      "type": "Feature",
      "geometry": {
        "type": "Point",
        "coordinates": [
          88.26674,
          22.55613
        ]
      },
      "properties": {
        "name": "Kolkata Central (Park Street) Grocery #1311",
        "type": "grocery",
        "category": "grocery",
        "city": "Kolkata Central (Park Street)",
        "rating": 3.8,
        "footfall": 1424,
        "revenue_index": 0.93,
        "value": 0.793
      }
    },
    {
      "type": "Feature",
      "geometry": {
        "type": "Point",
        "coordinates": [
          88.37727,
          22.55055
        ]
      },
      "properties": {
        "name": "Kolkata Central (Park Street) Hotel #1312",
        "type": "hotel",
        "category": "hotel",
        "city": "Kolkata Central (Park Street)",
        "rating": 3.7,
        "footfall": 1819,
        "revenue_index": 0.95,
        "value": 0.486
      }
    },
    {
      "type": "Feature",
      "geometry": {
        "type": "Point",
        "coordinates": [
          88.26592,
          22.59083
        ]
      },
      "properties": {
        "name": "Kolkata Central (Park Street) Grocery #1313",
        "type": "grocery",
        "category": "grocery",
        "city": "Kolkata Central (Park Street)",
        "rating": 4.8,
        "footfall": 4746,
        "revenue_index": 0.96,
        "value": 0.544
      }
    },
    {
      "type": "Feature",
      "geometry": {
        "type": "Point",
        "coordinates": [
          88.46784,
          22.50811
        ]
      },
      "properties": {
        "name": "Kolkata Central (Park Street) Bank #1314",
        "type": "bank",
        "category": "bank",
        "city": "Kolkata Central (Park Street)",
        "rating": 4.0,
        "footfall": 1647,
        "revenue_index": 0.48,
        "value": 0.583
      }
    },
    {
      "type": "Feature",
      "geometry": {
        "type": "Point",
        "coordinates": [
          88.32384,
          22.58886
        ]
      },
      "properties": {
        "name": "Kolkata Central (Park Street) Ev Charging #1315",
        "type": "ev_charging",
        "category": "ev_charging",
        "city": "Kolkata Central (Park Street)",
        "rating": 3.7,
        "footfall": 1585,
        "revenue_index": 0.74,
        "value": 0.845
      }
    },
    {
      "type": "Feature",
      "geometry": {
        "type": "Point",
        "coordinates": [
          88.39286,
          22.5747
        ]
      },
      "properties": {
        "name": "Kolkata Central (Park Street) Restaurant #1316",
        "type": "restaurant",
        "category": "restaurant",
        "city": "Kolkata Central (Park Street)",
        "rating": 4.2,
        "footfall": 3439,
        "revenue_index": 0.68,
        "value": 0.644
      }
    },
    {
      "type": "Feature",
      "geometry": {
        "type": "Point",
        "coordinates": [
          88.35557,
          22.56286
        ]
      },
      "properties": {
        "name": "Kolkata Central (Park Street) Bank #1317",
        "type": "bank",
        "category": "bank",
        "city": "Kolkata Central (Park Street)",
        "rating": 4.0,
        "footfall": 598,
        "revenue_index": 0.85,
        "value": 0.746
      }
    },
    {
      "type": "Feature",
      "geometry": {
        "type": "Point",
        "coordinates": [
          88.44307,
          22.57307
        ]
      },
      "properties": {
        "name": "Salt Lake Sector V, Kolkata Hotel #1318",
        "type": "hotel",
        "category": "hotel",
        "city": "Salt Lake Sector V, Kolkata",
        "rating": 4.5,
        "footfall": 2850,
        "revenue_index": 0.58,
        "value": 0.906
      }
    },
    {
      "type": "Feature",
      "geometry": {
        "type": "Point",
        "coordinates": [
          88.46488,
          22.54236
        ]
      },
      "properties": {
        "name": "Salt Lake Sector V, Kolkata Retail #1319",
        "type": "retail",
        "category": "retail",
        "city": "Salt Lake Sector V, Kolkata",
        "rating": 4.8,
        "footfall": 1684,
        "revenue_index": 0.8,
        "value": 0.719
      }
    },
    {
      "type": "Feature",
      "geometry": {
        "type": "Point",
        "coordinates": [
          88.43704,
          22.54278
        ]
      },
      "properties": {
        "name": "Salt Lake Sector V, Kolkata Retail #1320",
        "type": "retail",
        "category": "retail",
        "city": "Salt Lake Sector V, Kolkata",
        "rating": 4.0,
        "footfall": 3742,
        "revenue_index": 0.53,
        "value": 0.718
      }
    },
    {
      "type": "Feature",
      "geometry": {
        "type": "Point",
        "coordinates": [
          88.4198,
          22.60928
        ]
      },
      "properties": {
        "name": "Salt Lake Sector V, Kolkata Grocery #1321",
        "type": "grocery",
        "category": "grocery",
        "city": "Salt Lake Sector V, Kolkata",
        "rating": 3.8,
        "footfall": 3183,
        "revenue_index": 0.88,
        "value": 0.923
      }
    },
    {
      "type": "Feature",
      "geometry": {
        "type": "Point",
        "coordinates": [
          88.44626,
          22.57263
        ]
      },
      "properties": {
        "name": "Salt Lake Sector V, Kolkata Retail #1322",
        "type": "retail",
        "category": "retail",
        "city": "Salt Lake Sector V, Kolkata",
        "rating": 4.7,
        "footfall": 1557,
        "revenue_index": 0.81,
        "value": 0.403
      }
    },
    {
      "type": "Feature",
      "geometry": {
        "type": "Point",
        "coordinates": [
          88.44159,
          22.59004
        ]
      },
      "properties": {
        "name": "Salt Lake Sector V, Kolkata Restaurant #1323",
        "type": "restaurant",
        "category": "restaurant",
        "city": "Salt Lake Sector V, Kolkata",
        "rating": 4.7,
        "footfall": 1674,
        "revenue_index": 0.53,
        "value": 0.724
      }
    },
    {
      "type": "Feature",
      "geometry": {
        "type": "Point",
        "coordinates": [
          88.45925,
          22.57056
        ]
      },
      "properties": {
        "name": "Salt Lake Sector V, Kolkata Retail #1324",
        "type": "retail",
        "category": "retail",
        "city": "Salt Lake Sector V, Kolkata",
        "rating": 4.6,
        "footfall": 4026,
        "revenue_index": 0.57,
        "value": 0.64
      }
    },
    {
      "type": "Feature",
      "geometry": {
        "type": "Point",
        "coordinates": [
          88.42329,
          22.57176
        ]
      },
      "properties": {
        "name": "Salt Lake Sector V, Kolkata Retail #1325",
        "type": "retail",
        "category": "retail",
        "city": "Salt Lake Sector V, Kolkata",
        "rating": 4.1,
        "footfall": 5027,
        "revenue_index": 0.72,
        "value": 0.634
      }
    },
    {
      "type": "Feature",
      "geometry": {
        "type": "Point",
        "coordinates": [
          75.78763,
          26.95954
        ]
      },
      "properties": {
        "name": "Jaipur Central Ev Charging #1326",
        "type": "ev_charging",
        "category": "ev_charging",
        "city": "Jaipur Central",
        "rating": 4.7,
        "footfall": 1063,
        "revenue_index": 0.65,
        "value": 0.474
      }
    },
    {
      "type": "Feature",
      "geometry": {
        "type": "Point",
        "coordinates": [
          75.81512,
          26.91173
        ]
      },
      "properties": {
        "name": "Jaipur Central Retail #1327",
        "type": "retail",
        "category": "retail",
        "city": "Jaipur Central",
        "rating": 4.7,
        "footfall": 1854,
        "revenue_index": 0.45,
        "value": 0.839
      }
    },
    {
      "type": "Feature",
      "geometry": {
        "type": "Point",
        "coordinates": [
          75.83617,
          26.86755
        ]
      },
      "properties": {
        "name": "Jaipur Central Restaurant #1328",
        "type": "restaurant",
        "category": "restaurant",
        "city": "Jaipur Central",
        "rating": 4.3,
        "footfall": 4946,
        "revenue_index": 0.77,
        "value": 0.909
      }
    },
    {
      "type": "Feature",
      "geometry": {
        "type": "Point",
        "coordinates": [
          75.76002,
          26.9116
        ]
      },
      "properties": {
        "name": "Jaipur Central Ev Charging #1329",
        "type": "ev_charging",
        "category": "ev_charging",
        "city": "Jaipur Central",
        "rating": 4.7,
        "footfall": 1793,
        "revenue_index": 0.77,
        "value": 0.667
      }
    },
    {
      "type": "Feature",
      "geometry": {
        "type": "Point",
        "coordinates": [
          75.79705,
          26.88409
        ]
      },
      "properties": {
        "name": "Jaipur Central Restaurant #1330",
        "type": "restaurant",
        "category": "restaurant",
        "city": "Jaipur Central",
        "rating": 4.4,
        "footfall": 789,
        "revenue_index": 0.59,
        "value": 0.731
      }
    },
    {
      "type": "Feature",
      "geometry": {
        "type": "Point",
        "coordinates": [
          73.00754,
          26.23592
        ]
      },
      "properties": {
        "name": "Jodhpur Gas Station #1331",
        "type": "gas_station",
        "category": "gas_station",
        "city": "Jodhpur",
        "rating": 4.5,
        "footfall": 4162,
        "revenue_index": 0.81,
        "value": 0.537
      }
    },
    {
      "type": "Feature",
      "geometry": {
        "type": "Point",
        "coordinates": [
          73.04273,
          26.27472
        ]
      },
      "properties": {
        "name": "Jodhpur Restaurant #1332",
        "type": "restaurant",
        "category": "restaurant",
        "city": "Jodhpur",
        "rating": 3.9,
        "footfall": 3873,
        "revenue_index": 0.74,
        "value": 0.411
      }
    },
    {
      "type": "Feature",
      "geometry": {
        "type": "Point",
        "coordinates": [
          73.03286,
          26.25384
        ]
      },
      "properties": {
        "name": "Jodhpur Grocery #1333",
        "type": "grocery",
        "category": "grocery",
        "city": "Jodhpur",
        "rating": 4.5,
        "footfall": 4056,
        "revenue_index": 0.54,
        "value": 0.381
      }
    },
    {
      "type": "Feature",
      "geometry": {
        "type": "Point",
        "coordinates": [
          73.01188,
          26.23892
        ]
      },
      "properties": {
        "name": "Jodhpur Restaurant #1334",
        "type": "restaurant",
        "category": "restaurant",
        "city": "Jodhpur",
        "rating": 4.0,
        "footfall": 892,
        "revenue_index": 0.5,
        "value": 0.546
      }
    },
    {
      "type": "Feature",
      "geometry": {
        "type": "Point",
        "coordinates": [
          75.87464,
          25.22036
        ]
      },
      "properties": {
        "name": "Kota Industrial Hub Grocery #1335",
        "type": "grocery",
        "category": "grocery",
        "city": "Kota Industrial Hub",
        "rating": 4.5,
        "footfall": 1784,
        "revenue_index": 0.64,
        "value": 0.499
      }
    },
    {
      "type": "Feature",
      "geometry": {
        "type": "Point",
        "coordinates": [
          75.87141,
          25.24358
        ]
      },
      "properties": {
        "name": "Kota Industrial Hub Restaurant #1336",
        "type": "restaurant",
        "category": "restaurant",
        "city": "Kota Industrial Hub",
        "rating": 4.5,
        "footfall": 1029,
        "revenue_index": 0.92,
        "value": 0.773
      }
    },
    {
      "type": "Feature",
      "geometry": {
        "type": "Point",
        "coordinates": [
          75.8584,
          25.17395
        ]
      },
      "properties": {
        "name": "Kota Industrial Hub Bank #1337",
        "type": "bank",
        "category": "bank",
        "city": "Kota Industrial Hub",
        "rating": 4.1,
        "footfall": 3802,
        "revenue_index": 0.9,
        "value": 0.5
      }
    },
    {
      "type": "Feature",
      "geometry": {
        "type": "Point",
        "coordinates": [
          75.84857,
          25.18006
        ]
      },
      "properties": {
        "name": "Kota Industrial Hub Retail #1338",
        "type": "retail",
        "category": "retail",
        "city": "Kota Industrial Hub",
        "rating": 4.4,
        "footfall": 4323,
        "revenue_index": 0.97,
        "value": 0.815
      }
    },
    {
      "type": "Feature",
      "geometry": {
        "type": "Point",
        "coordinates": [
          73.6965,
          24.56543
        ]
      },
      "properties": {
        "name": "Udaipur Grocery #1339",
        "type": "grocery",
        "category": "grocery",
        "city": "Udaipur",
        "rating": 4.4,
        "footfall": 2908,
        "revenue_index": 0.79,
        "value": 0.62
      }
    },
    {
      "type": "Feature",
      "geometry": {
        "type": "Point",
        "coordinates": [
          73.72021,
          24.58848
        ]
      },
      "properties": {
        "name": "Udaipur Ev Charging #1340",
        "type": "ev_charging",
        "category": "ev_charging",
        "city": "Udaipur",
        "rating": 3.8,
        "footfall": 2505,
        "revenue_index": 0.82,
        "value": 0.413
      }
    },
    {
      "type": "Feature",
      "geometry": {
        "type": "Point",
        "coordinates": [
          73.72107,
          24.60921
        ]
      },
      "properties": {
        "name": "Udaipur Retail #1341",
        "type": "retail",
        "category": "retail",
        "city": "Udaipur",
        "rating": 4.2,
        "footfall": 3952,
        "revenue_index": 0.58,
        "value": 0.703
      }
    },
    {
      "type": "Feature",
      "geometry": {
        "type": "Point",
        "coordinates": [
          73.70733,
          24.58989
        ]
      },
      "properties": {
        "name": "Udaipur Bank #1342",
        "type": "bank",
        "category": "bank",
        "city": "Udaipur",
        "rating": 4.5,
        "footfall": 3026,
        "revenue_index": 0.51,
        "value": 0.487
      }
    },
    {
      "type": "Feature",
      "geometry": {
        "type": "Point",
        "coordinates": [
          80.94747,
          26.87472
        ]
      },
      "properties": {
        "name": "Lucknow Central Hotel #1343",
        "type": "hotel",
        "category": "hotel",
        "city": "Lucknow Central",
        "rating": 3.7,
        "footfall": 5185,
        "revenue_index": 0.85,
        "value": 0.742
      }
    },
    {
      "type": "Feature",
      "geometry": {
        "type": "Point",
        "coordinates": [
          80.92054,
          26.85391
        ]
      },
      "properties": {
        "name": "Lucknow Central Ev Charging #1344",
        "type": "ev_charging",
        "category": "ev_charging",
        "city": "Lucknow Central",
        "rating": 4.8,
        "footfall": 3843,
        "revenue_index": 0.77,
        "value": 0.439
      }
    },
    {
      "type": "Feature",
      "geometry": {
        "type": "Point",
        "coordinates": [
          80.96403,
          26.82608
        ]
      },
      "properties": {
        "name": "Lucknow Central Hotel #1345",
        "type": "hotel",
        "category": "hotel",
        "city": "Lucknow Central",
        "rating": 3.7,
        "footfall": 1924,
        "revenue_index": 0.69,
        "value": 0.664
      }
    },
    {
      "type": "Feature",
      "geometry": {
        "type": "Point",
        "coordinates": [
          80.98282,
          26.84951
        ]
      },
      "properties": {
        "name": "Lucknow Central Bank #1346",
        "type": "bank",
        "category": "bank",
        "city": "Lucknow Central",
        "rating": 4.7,
        "footfall": 4504,
        "revenue_index": 0.72,
        "value": 0.823
      }
    },
    {
      "type": "Feature",
      "geometry": {
        "type": "Point",
        "coordinates": [
          80.92743,
          26.85831
        ]
      },
      "properties": {
        "name": "Lucknow Central Ev Charging #1347",
        "type": "ev_charging",
        "category": "ev_charging",
        "city": "Lucknow Central",
        "rating": 4.1,
        "footfall": 1501,
        "revenue_index": 0.84,
        "value": 0.832
      }
    },
    {
      "type": "Feature",
      "geometry": {
        "type": "Point",
        "coordinates": [
          80.3767,
          26.40627
        ]
      },
      "properties": {
        "name": "Kanpur Industrial Metro Grocery #1348",
        "type": "grocery",
        "category": "grocery",
        "city": "Kanpur Industrial Metro",
        "rating": 3.9,
        "footfall": 606,
        "revenue_index": 0.65,
        "value": 0.661
      }
    },
    {
      "type": "Feature",
      "geometry": {
        "type": "Point",
        "coordinates": [
          80.33702,
          26.4326
        ]
      },
      "properties": {
        "name": "Kanpur Industrial Metro Hotel #1349",
        "type": "hotel",
        "category": "hotel",
        "city": "Kanpur Industrial Metro",
        "rating": 4.7,
        "footfall": 4314,
        "revenue_index": 0.85,
        "value": 0.869
      }
    },
    {
      "type": "Feature",
      "geometry": {
        "type": "Point",
        "coordinates": [
          80.3495,
          26.50223
        ]
      },
      "properties": {
        "name": "Kanpur Industrial Metro Restaurant #1350",
        "type": "restaurant",
        "category": "restaurant",
        "city": "Kanpur Industrial Metro",
        "rating": 4.5,
        "footfall": 2764,
        "revenue_index": 0.8,
        "value": 0.956
      }
    },
    {
      "type": "Feature",
      "geometry": {
        "type": "Point",
        "coordinates": [
          80.39583,
          26.43053
        ]
      },
      "properties": {
        "name": "Kanpur Industrial Metro Gas Station #1351",
        "type": "gas_station",
        "category": "gas_station",
        "city": "Kanpur Industrial Metro",
        "rating": 3.8,
        "footfall": 3875,
        "revenue_index": 0.56,
        "value": 0.488
      }
    },
    {
      "type": "Feature",
      "geometry": {
        "type": "Point",
        "coordinates": [
          80.38557,
          26.43533
        ]
      },
      "properties": {
        "name": "Kanpur Industrial Metro Retail #1352",
        "type": "retail",
        "category": "retail",
        "city": "Kanpur Industrial Metro",
        "rating": 4.6,
        "footfall": 3808,
        "revenue_index": 0.86,
        "value": 0.781
      }
    },
    {
      "type": "Feature",
      "geometry": {
        "type": "Point",
        "coordinates": [
          83.0127,
          25.33572
        ]
      },
      "properties": {
        "name": "Varanasi Ev Charging #1353",
        "type": "ev_charging",
        "category": "ev_charging",
        "city": "Varanasi",
        "rating": 3.8,
        "footfall": 4589,
        "revenue_index": 0.57,
        "value": 0.729
      }
    },
    {
      "type": "Feature",
      "geometry": {
        "type": "Point",
        "coordinates": [
          82.97095,
          25.36151
        ]
      },
      "properties": {
        "name": "Varanasi Restaurant #1354",
        "type": "restaurant",
        "category": "restaurant",
        "city": "Varanasi",
        "rating": 4.8,
        "footfall": 3805,
        "revenue_index": 0.59,
        "value": 0.367
      }
    },
    {
      "type": "Feature",
      "geometry": {
        "type": "Point",
        "coordinates": [
          82.99666,
          25.31757
        ]
      },
      "properties": {
        "name": "Varanasi Grocery #1355",
        "type": "grocery",
        "category": "grocery",
        "city": "Varanasi",
        "rating": 4.9,
        "footfall": 3574,
        "revenue_index": 0.76,
        "value": 0.919
      }
    },
    {
      "type": "Feature",
      "geometry": {
        "type": "Point",
        "coordinates": [
          82.96587,
          25.3323
        ]
      },
      "properties": {
        "name": "Varanasi Grocery #1356",
        "type": "grocery",
        "category": "grocery",
        "city": "Varanasi",
        "rating": 4.3,
        "footfall": 2295,
        "revenue_index": 0.45,
        "value": 0.525
      }
    },
    {
      "type": "Feature",
      "geometry": {
        "type": "Point",
        "coordinates": [
          78.05255,
          27.18427
        ]
      },
      "properties": {
        "name": "Agra Bank #1357",
        "type": "bank",
        "category": "bank",
        "city": "Agra",
        "rating": 3.9,
        "footfall": 2259,
        "revenue_index": 0.82,
        "value": 0.4
      }
    },
    {
      "type": "Feature",
      "geometry": {
        "type": "Point",
        "coordinates": [
          78.07368,
          27.13731
        ]
      },
      "properties": {
        "name": "Agra Bank #1358",
        "type": "bank",
        "category": "bank",
        "city": "Agra",
        "rating": 4.8,
        "footfall": 1330,
        "revenue_index": 0.8,
        "value": 0.456
      }
    },
    {
      "type": "Feature",
      "geometry": {
        "type": "Point",
        "coordinates": [
          77.99748,
          27.19854
        ]
      },
      "properties": {
        "name": "Agra Grocery #1359",
        "type": "grocery",
        "category": "grocery",
        "city": "Agra",
        "rating": 3.9,
        "footfall": 927,
        "revenue_index": 0.47,
        "value": 0.516
      }
    },
    {
      "type": "Feature",
      "geometry": {
        "type": "Point",
        "coordinates": [
          78.05776,
          27.13132
        ]
      },
      "properties": {
        "name": "Agra Restaurant #1360",
        "type": "restaurant",
        "category": "restaurant",
        "city": "Agra",
        "rating": 4.4,
        "footfall": 1071,
        "revenue_index": 0.74,
        "value": 0.457
      }
    },
    {
      "type": "Feature",
      "geometry": {
        "type": "Point",
        "coordinates": [
          81.8445,
          25.41672
        ]
      },
      "properties": {
        "name": "Prayagraj (Allahabad) Retail #1361",
        "type": "retail",
        "category": "retail",
        "city": "Prayagraj (Allahabad)",
        "rating": 4.3,
        "footfall": 567,
        "revenue_index": 0.5,
        "value": 0.422
      }
    },
    {
      "type": "Feature",
      "geometry": {
        "type": "Point",
        "coordinates": [
          81.79753,
          25.42042
        ]
      },
      "properties": {
        "name": "Prayagraj (Allahabad) Gas Station #1362",
        "type": "gas_station",
        "category": "gas_station",
        "city": "Prayagraj (Allahabad)",
        "rating": 4.4,
        "footfall": 4335,
        "revenue_index": 0.63,
        "value": 0.632
      }
    },
    {
      "type": "Feature",
      "geometry": {
        "type": "Point",
        "coordinates": [
          81.81167,
          25.39934
        ]
      },
      "properties": {
        "name": "Prayagraj (Allahabad) Bank #1363",
        "type": "bank",
        "category": "bank",
        "city": "Prayagraj (Allahabad)",
        "rating": 4.3,
        "footfall": 2464,
        "revenue_index": 0.89,
        "value": 0.651
      }
    },
    {
      "type": "Feature",
      "geometry": {
        "type": "Point",
        "coordinates": [
          81.88518,
          25.42799
        ]
      },
      "properties": {
        "name": "Prayagraj (Allahabad) Grocery #1364",
        "type": "grocery",
        "category": "grocery",
        "city": "Prayagraj (Allahabad)",
        "rating": 4.4,
        "footfall": 2986,
        "revenue_index": 0.54,
        "value": 0.897
      }
    },
    {
      "type": "Feature",
      "geometry": {
        "type": "Point",
        "coordinates": [
          77.71561,
          28.99469
        ]
      },
      "properties": {
        "name": "Meerut Ev Charging #1365",
        "type": "ev_charging",
        "category": "ev_charging",
        "city": "Meerut",
        "rating": 4.3,
        "footfall": 3752,
        "revenue_index": 0.87,
        "value": 0.972
      }
    },
    {
      "type": "Feature",
      "geometry": {
        "type": "Point",
        "coordinates": [
          77.74856,
          28.95554
        ]
      },
      "properties": {
        "name": "Meerut Grocery #1366",
        "type": "grocery",
        "category": "grocery",
        "city": "Meerut",
        "rating": 4.4,
        "footfall": 1235,
        "revenue_index": 0.98,
        "value": 0.912
      }
    },
    {
      "type": "Feature",
      "geometry": {
        "type": "Point",
        "coordinates": [
          77.70712,
          28.99509
        ]
      },
      "properties": {
        "name": "Meerut Restaurant #1367",
        "type": "restaurant",
        "category": "restaurant",
        "city": "Meerut",
        "rating": 4.4,
        "footfall": 2967,
        "revenue_index": 0.67,
        "value": 0.503
      }
    },
    {
      "type": "Feature",
      "geometry": {
        "type": "Point",
        "coordinates": [
          77.7056,
          29.0008
        ]
      },
      "properties": {
        "name": "Meerut Retail #1368",
        "type": "retail",
        "category": "retail",
        "city": "Meerut",
        "rating": 3.8,
        "footfall": 4176,
        "revenue_index": 0.97,
        "value": 0.581
      }
    },
    {
      "type": "Feature",
      "geometry": {
        "type": "Point",
        "coordinates": [
          77.75553,
          28.95227
        ]
      },
      "properties": {
        "name": "Meerut Bank #1369",
        "type": "bank",
        "category": "bank",
        "city": "Meerut",
        "rating": 4.7,
        "footfall": 3794,
        "revenue_index": 0.5,
        "value": 0.726
      }
    },
    {
      "type": "Feature",
      "geometry": {
        "type": "Point",
        "coordinates": [
          79.41906,
          28.35475
        ]
      },
      "properties": {
        "name": "Bareilly Grocery #1370",
        "type": "grocery",
        "category": "grocery",
        "city": "Bareilly",
        "rating": 4.3,
        "footfall": 1126,
        "revenue_index": 0.75,
        "value": 0.912
      }
    },
    {
      "type": "Feature",
      "geometry": {
        "type": "Point",
        "coordinates": [
          79.42347,
          28.32936
        ]
      },
      "properties": {
        "name": "Bareilly Grocery #1371",
        "type": "grocery",
        "category": "grocery",
        "city": "Bareilly",
        "rating": 4.4,
        "footfall": 5194,
        "revenue_index": 0.48,
        "value": 0.684
      }
    },
    {
      "type": "Feature",
      "geometry": {
        "type": "Point",
        "coordinates": [
          79.41625,
          28.40356
        ]
      },
      "properties": {
        "name": "Bareilly Retail #1372",
        "type": "retail",
        "category": "retail",
        "city": "Bareilly",
        "rating": 4.6,
        "footfall": 506,
        "revenue_index": 0.71,
        "value": 0.618
      }
    },
    {
      "type": "Feature",
      "geometry": {
        "type": "Point",
        "coordinates": [
          79.43105,
          28.35234
        ]
      },
      "properties": {
        "name": "Bareilly Bank #1373",
        "type": "bank",
        "category": "bank",
        "city": "Bareilly",
        "rating": 4.5,
        "footfall": 1341,
        "revenue_index": 0.66,
        "value": 0.856
      }
    },
    {
      "type": "Feature",
      "geometry": {
        "type": "Point",
        "coordinates": [
          78.06243,
          27.88862
        ]
      },
      "properties": {
        "name": "Aligarh Retail #1374",
        "type": "retail",
        "category": "retail",
        "city": "Aligarh",
        "rating": 4.6,
        "footfall": 2383,
        "revenue_index": 0.49,
        "value": 0.737
      }
    },
    {
      "type": "Feature",
      "geometry": {
        "type": "Point",
        "coordinates": [
          78.08462,
          27.8799
        ]
      },
      "properties": {
        "name": "Aligarh Retail #1375",
        "type": "retail",
        "category": "retail",
        "city": "Aligarh",
        "rating": 4.6,
        "footfall": 771,
        "revenue_index": 0.61,
        "value": 0.729
      }
    },
    {
      "type": "Feature",
      "geometry": {
        "type": "Point",
        "coordinates": [
          78.09848,
          27.9225
        ]
      },
      "properties": {
        "name": "Aligarh Restaurant #1376",
        "type": "restaurant",
        "category": "restaurant",
        "city": "Aligarh",
        "rating": 4.4,
        "footfall": 2823,
        "revenue_index": 0.65,
        "value": 0.839
      }
    },
    {
      "type": "Feature",
      "geometry": {
        "type": "Point",
        "coordinates": [
          78.08748,
          27.87663
        ]
      },
      "properties": {
        "name": "Aligarh Gas Station #1377",
        "type": "gas_station",
        "category": "gas_station",
        "city": "Aligarh",
        "rating": 4.8,
        "footfall": 2320,
        "revenue_index": 0.81,
        "value": 0.928
      }
    },
    {
      "type": "Feature",
      "geometry": {
        "type": "Point",
        "coordinates": [
          83.35716,
          26.71471
        ]
      },
      "properties": {
        "name": "Gorakhpur Restaurant #1378",
        "type": "restaurant",
        "category": "restaurant",
        "city": "Gorakhpur",
        "rating": 4.2,
        "footfall": 2681,
        "revenue_index": 0.98,
        "value": 0.487
      }
    },
    {
      "type": "Feature",
      "geometry": {
        "type": "Point",
        "coordinates": [
          83.36241,
          26.75179
        ]
      },
      "properties": {
        "name": "Gorakhpur Ev Charging #1379",
        "type": "ev_charging",
        "category": "ev_charging",
        "city": "Gorakhpur",
        "rating": 4.6,
        "footfall": 3201,
        "revenue_index": 0.51,
        "value": 0.859
      }
    },
    {
      "type": "Feature",
      "geometry": {
        "type": "Point",
        "coordinates": [
          83.38888,
          26.79048
        ]
      },
      "properties": {
        "name": "Gorakhpur Bank #1380",
        "type": "bank",
        "category": "bank",
        "city": "Gorakhpur",
        "rating": 3.8,
        "footfall": 4968,
        "revenue_index": 0.92,
        "value": 0.392
      }
    },
    {
      "type": "Feature",
      "geometry": {
        "type": "Point",
        "coordinates": [
          83.29852,
          26.75601
        ]
      },
      "properties": {
        "name": "Gorakhpur Hotel #1381",
        "type": "hotel",
        "category": "hotel",
        "city": "Gorakhpur",
        "rating": 3.9,
        "footfall": 4443,
        "revenue_index": 0.91,
        "value": 0.916
      }
    },
    {
      "type": "Feature",
      "geometry": {
        "type": "Point",
        "coordinates": [
          75.85006,
          22.72992
        ]
      },
      "properties": {
        "name": "Indore Commercial Hub Bank #1382",
        "type": "bank",
        "category": "bank",
        "city": "Indore Commercial Hub",
        "rating": 4.9,
        "footfall": 1939,
        "revenue_index": 0.67,
        "value": 0.374
      }
    },
    {
      "type": "Feature",
      "geometry": {
        "type": "Point",
        "coordinates": [
          75.83015,
          22.71067
        ]
      },
      "properties": {
        "name": "Indore Commercial Hub Grocery #1383",
        "type": "grocery",
        "category": "grocery",
        "city": "Indore Commercial Hub",
        "rating": 4.4,
        "footfall": 3332,
        "revenue_index": 0.59,
        "value": 0.87
      }
    },
    {
      "type": "Feature",
      "geometry": {
        "type": "Point",
        "coordinates": [
          75.81876,
          22.71352
        ]
      },
      "properties": {
        "name": "Indore Commercial Hub Ev Charging #1384",
        "type": "ev_charging",
        "category": "ev_charging",
        "city": "Indore Commercial Hub",
        "rating": 3.9,
        "footfall": 2971,
        "revenue_index": 0.66,
        "value": 0.839
      }
    },
    {
      "type": "Feature",
      "geometry": {
        "type": "Point",
        "coordinates": [
          75.85452,
          22.71573
        ]
      },
      "properties": {
        "name": "Indore Commercial Hub Hotel #1385",
        "type": "hotel",
        "category": "hotel",
        "city": "Indore Commercial Hub",
        "rating": 4.6,
        "footfall": 3676,
        "revenue_index": 0.73,
        "value": 0.814
      }
    },
    {
      "type": "Feature",
      "geometry": {
        "type": "Point",
        "coordinates": [
          75.81391,
          22.72604
        ]
      },
      "properties": {
        "name": "Indore Commercial Hub Bank #1386",
        "type": "bank",
        "category": "bank",
        "city": "Indore Commercial Hub",
        "rating": 4.4,
        "footfall": 2905,
        "revenue_index": 0.64,
        "value": 0.847
      }
    },
    {
      "type": "Feature",
      "geometry": {
        "type": "Point",
        "coordinates": [
          77.40909,
          23.2468
        ]
      },
      "properties": {
        "name": "Bhopal Ev Charging #1387",
        "type": "ev_charging",
        "category": "ev_charging",
        "city": "Bhopal",
        "rating": 4.8,
        "footfall": 663,
        "revenue_index": 0.75,
        "value": 0.822
      }
    },
    {
      "type": "Feature",
      "geometry": {
        "type": "Point",
        "coordinates": [
          77.4024,
          23.24788
        ]
      },
      "properties": {
        "name": "Bhopal Retail #1388",
        "type": "retail",
        "category": "retail",
        "city": "Bhopal",
        "rating": 4.2,
        "footfall": 1941,
        "revenue_index": 0.62,
        "value": 0.946
      }
    },
    {
      "type": "Feature",
      "geometry": {
        "type": "Point",
        "coordinates": [
          77.39945,
          23.28389
        ]
      },
      "properties": {
        "name": "Bhopal Grocery #1389",
        "type": "grocery",
        "category": "grocery",
        "city": "Bhopal",
        "rating": 3.7,
        "footfall": 2089,
        "revenue_index": 0.56,
        "value": 0.742
      }
    },
    {
      "type": "Feature",
      "geometry": {
        "type": "Point",
        "coordinates": [
          77.44047,
          23.26965
        ]
      },
      "properties": {
        "name": "Bhopal Retail #1390",
        "type": "retail",
        "category": "retail",
        "city": "Bhopal",
        "rating": 4.2,
        "footfall": 1514,
        "revenue_index": 0.51,
        "value": 0.764
      }
    },
    {
      "type": "Feature",
      "geometry": {
        "type": "Point",
        "coordinates": [
          77.33388,
          23.23968
        ]
      },
      "properties": {
        "name": "Bhopal Bank #1391",
        "type": "bank",
        "category": "bank",
        "city": "Bhopal",
        "rating": 4.8,
        "footfall": 2903,
        "revenue_index": 0.52,
        "value": 0.458
      }
    },
    {
      "type": "Feature",
      "geometry": {
        "type": "Point",
        "coordinates": [
          78.23156,
          26.24209
        ]
      },
      "properties": {
        "name": "Gwalior Ev Charging #1392",
        "type": "ev_charging",
        "category": "ev_charging",
        "city": "Gwalior",
        "rating": 3.7,
        "footfall": 4702,
        "revenue_index": 0.92,
        "value": 0.879
      }
    },
    {
      "type": "Feature",
      "geometry": {
        "type": "Point",
        "coordinates": [
          78.23403,
          26.22424
        ]
      },
      "properties": {
        "name": "Gwalior Gas Station #1393",
        "type": "gas_station",
        "category": "gas_station",
        "city": "Gwalior",
        "rating": 4.5,
        "footfall": 2412,
        "revenue_index": 0.55,
        "value": 0.498
      }
    },
    {
      "type": "Feature",
      "geometry": {
        "type": "Point",
        "coordinates": [
          78.23916,
          26.19729
        ]
      },
      "properties": {
        "name": "Gwalior Retail #1394",
        "type": "retail",
        "category": "retail",
        "city": "Gwalior",
        "rating": 4.8,
        "footfall": 1218,
        "revenue_index": 0.79,
        "value": 0.545
      }
    },
    {
      "type": "Feature",
      "geometry": {
        "type": "Point",
        "coordinates": [
          78.20374,
          26.21611
        ]
      },
      "properties": {
        "name": "Gwalior Grocery #1395",
        "type": "grocery",
        "category": "grocery",
        "city": "Gwalior",
        "rating": 4.7,
        "footfall": 2617,
        "revenue_index": 0.53,
        "value": 0.971
      }
    },
    {
      "type": "Feature",
      "geometry": {
        "type": "Point",
        "coordinates": [
          79.99442,
          23.21912
        ]
      },
      "properties": {
        "name": "Jabalpur Restaurant #1396",
        "type": "restaurant",
        "category": "restaurant",
        "city": "Jabalpur",
        "rating": 4.7,
        "footfall": 3413,
        "revenue_index": 0.45,
        "value": 0.729
      }
    },
    {
      "type": "Feature",
      "geometry": {
        "type": "Point",
        "coordinates": [
          79.99498,
          23.16185
        ]
      },
      "properties": {
        "name": "Jabalpur Retail #1397",
        "type": "retail",
        "category": "retail",
        "city": "Jabalpur",
        "rating": 3.8,
        "footfall": 4616,
        "revenue_index": 0.68,
        "value": 0.391
      }
    },
    {
      "type": "Feature",
      "geometry": {
        "type": "Point",
        "coordinates": [
          80.05086,
          23.14577
        ]
      },
      "properties": {
        "name": "Jabalpur Retail #1398",
        "type": "retail",
        "category": "retail",
        "city": "Jabalpur",
        "rating": 4.4,
        "footfall": 5118,
        "revenue_index": 0.6,
        "value": 0.545
      }
    },
    {
      "type": "Feature",
      "geometry": {
        "type": "Point",
        "coordinates": [
          80.01622,
          23.16117
        ]
      },
      "properties": {
        "name": "Jabalpur Grocery #1399",
        "type": "grocery",
        "category": "grocery",
        "city": "Jabalpur",
        "rating": 4.5,
        "footfall": 1977,
        "revenue_index": 0.7,
        "value": 0.552
      }
    },
    {
      "type": "Feature",
      "geometry": {
        "type": "Point",
        "coordinates": [
          75.77693,
          23.18242
        ]
      },
      "properties": {
        "name": "Ujjain Hotel #1400",
        "type": "hotel",
        "category": "hotel",
        "city": "Ujjain",
        "rating": 4.0,
        "footfall": 1164,
        "revenue_index": 0.81,
        "value": 0.743
      }
    },
    {
      "type": "Feature",
      "geometry": {
        "type": "Point",
        "coordinates": [
          75.78591,
          23.1324
        ]
      },
      "properties": {
        "name": "Ujjain Gas Station #1401",
        "type": "gas_station",
        "category": "gas_station",
        "city": "Ujjain",
        "rating": 4.7,
        "footfall": 978,
        "revenue_index": 0.46,
        "value": 0.476
      }
    },
    {
      "type": "Feature",
      "geometry": {
        "type": "Point",
        "coordinates": [
          75.81155,
          23.15297
        ]
      },
      "properties": {
        "name": "Ujjain Restaurant #1402",
        "type": "restaurant",
        "category": "restaurant",
        "city": "Ujjain",
        "rating": 4.6,
        "footfall": 1837,
        "revenue_index": 0.47,
        "value": 0.953
      }
    },
    {
      "type": "Feature",
      "geometry": {
        "type": "Point",
        "coordinates": [
          75.81161,
          23.17759
        ]
      },
      "properties": {
        "name": "Ujjain Gas Station #1403",
        "type": "gas_station",
        "category": "gas_station",
        "city": "Ujjain",
        "rating": 4.2,
        "footfall": 3868,
        "revenue_index": 0.77,
        "value": 0.838
      }
    },
    {
      "type": "Feature",
      "geometry": {
        "type": "Point",
        "coordinates": [
          76.77094,
          30.7178
        ]
      },
      "properties": {
        "name": "Chandigarh Capital Precinct Grocery #1404",
        "type": "grocery",
        "category": "grocery",
        "city": "Chandigarh Capital Precinct",
        "rating": 4.1,
        "footfall": 5058,
        "revenue_index": 0.58,
        "value": 0.876
      }
    },
    {
      "type": "Feature",
      "geometry": {
        "type": "Point",
        "coordinates": [
          76.7532,
          30.71081
        ]
      },
      "properties": {
        "name": "Chandigarh Capital Precinct Hotel #1405",
        "type": "hotel",
        "category": "hotel",
        "city": "Chandigarh Capital Precinct",
        "rating": 3.8,
        "footfall": 533,
        "revenue_index": 0.89,
        "value": 0.85
      }
    },
    {
      "type": "Feature",
      "geometry": {
        "type": "Point",
        "coordinates": [
          76.75637,
          30.73752
        ]
      },
      "properties": {
        "name": "Chandigarh Capital Precinct Ev Charging #1406",
        "type": "ev_charging",
        "category": "ev_charging",
        "city": "Chandigarh Capital Precinct",
        "rating": 4.4,
        "footfall": 1618,
        "revenue_index": 0.61,
        "value": 0.588
      }
    },
    {
      "type": "Feature",
      "geometry": {
        "type": "Point",
        "coordinates": [
          76.74822,
          30.71929
        ]
      },
      "properties": {
        "name": "Chandigarh Capital Precinct Restaurant #1407",
        "type": "restaurant",
        "category": "restaurant",
        "city": "Chandigarh Capital Precinct",
        "rating": 4.0,
        "footfall": 1967,
        "revenue_index": 0.56,
        "value": 0.539
      }
    },
    {
      "type": "Feature",
      "geometry": {
        "type": "Point",
        "coordinates": [
          76.77491,
          30.69812
        ]
      },
      "properties": {
        "name": "Chandigarh Capital Precinct Restaurant #1408",
        "type": "restaurant",
        "category": "restaurant",
        "city": "Chandigarh Capital Precinct",
        "rating": 3.9,
        "footfall": 4271,
        "revenue_index": 0.65,
        "value": 0.942
      }
    },
    {
      "type": "Feature",
      "geometry": {
        "type": "Point",
        "coordinates": [
          75.82833,
          30.89906
        ]
      },
      "properties": {
        "name": "Ludhiana Industrial Hub Grocery #1409",
        "type": "grocery",
        "category": "grocery",
        "city": "Ludhiana Industrial Hub",
        "rating": 3.9,
        "footfall": 705,
        "revenue_index": 0.72,
        "value": 0.839
      }
    },
    {
      "type": "Feature",
      "geometry": {
        "type": "Point",
        "coordinates": [
          75.87539,
          30.88783
        ]
      },
      "properties": {
        "name": "Ludhiana Industrial Hub Ev Charging #1410",
        "type": "ev_charging",
        "category": "ev_charging",
        "city": "Ludhiana Industrial Hub",
        "rating": 3.9,
        "footfall": 5004,
        "revenue_index": 0.54,
        "value": 0.945
      }
    },
    {
      "type": "Feature",
      "geometry": {
        "type": "Point",
        "coordinates": [
          75.84363,
          30.9334
        ]
      },
      "properties": {
        "name": "Ludhiana Industrial Hub Ev Charging #1411",
        "type": "ev_charging",
        "category": "ev_charging",
        "city": "Ludhiana Industrial Hub",
        "rating": 3.6,
        "footfall": 2603,
        "revenue_index": 0.56,
        "value": 0.867
      }
    },
    {
      "type": "Feature",
      "geometry": {
        "type": "Point",
        "coordinates": [
          75.86651,
          30.95859
        ]
      },
      "properties": {
        "name": "Ludhiana Industrial Hub Restaurant #1412",
        "type": "restaurant",
        "category": "restaurant",
        "city": "Ludhiana Industrial Hub",
        "rating": 4.9,
        "footfall": 4982,
        "revenue_index": 0.79,
        "value": 0.94
      }
    },
    {
      "type": "Feature",
      "geometry": {
        "type": "Point",
        "coordinates": [
          75.7707,
          30.92879
        ]
      },
      "properties": {
        "name": "Ludhiana Industrial Hub Grocery #1413",
        "type": "grocery",
        "category": "grocery",
        "city": "Ludhiana Industrial Hub",
        "rating": 4.0,
        "footfall": 4328,
        "revenue_index": 0.9,
        "value": 0.895
      }
    },
    {
      "type": "Feature",
      "geometry": {
        "type": "Point",
        "coordinates": [
          74.90106,
          31.63419
        ]
      },
      "properties": {
        "name": "Amritsar Grocery #1414",
        "type": "grocery",
        "category": "grocery",
        "city": "Amritsar",
        "rating": 4.7,
        "footfall": 3856,
        "revenue_index": 0.6,
        "value": 0.482
      }
    },
    {
      "type": "Feature",
      "geometry": {
        "type": "Point",
        "coordinates": [
          74.83834,
          31.59469
        ]
      },
      "properties": {
        "name": "Amritsar Gas Station #1415",
        "type": "gas_station",
        "category": "gas_station",
        "city": "Amritsar",
        "rating": 4.1,
        "footfall": 767,
        "revenue_index": 0.59,
        "value": 0.428
      }
    },
    {
      "type": "Feature",
      "geometry": {
        "type": "Point",
        "coordinates": [
          74.86686,
          31.61956
        ]
      },
      "properties": {
        "name": "Amritsar Retail #1416",
        "type": "retail",
        "category": "retail",
        "city": "Amritsar",
        "rating": 4.6,
        "footfall": 3187,
        "revenue_index": 0.6,
        "value": 0.697
      }
    },
    {
      "type": "Feature",
      "geometry": {
        "type": "Point",
        "coordinates": [
          74.8666,
          31.6488
        ]
      },
      "properties": {
        "name": "Amritsar Ev Charging #1417",
        "type": "ev_charging",
        "category": "ev_charging",
        "city": "Amritsar",
        "rating": 4.9,
        "footfall": 3692,
        "revenue_index": 0.8,
        "value": 0.675
      }
    },
    {
      "type": "Feature",
      "geometry": {
        "type": "Point",
        "coordinates": [
          75.58831,
          31.30265
        ]
      },
      "properties": {
        "name": "Jalandhar Grocery #1418",
        "type": "grocery",
        "category": "grocery",
        "city": "Jalandhar",
        "rating": 4.4,
        "footfall": 2515,
        "revenue_index": 0.69,
        "value": 0.607
      }
    },
    {
      "type": "Feature",
      "geometry": {
        "type": "Point",
        "coordinates": [
          75.60436,
          31.35642
        ]
      },
      "properties": {
        "name": "Jalandhar Hotel #1419",
        "type": "hotel",
        "category": "hotel",
        "city": "Jalandhar",
        "rating": 4.4,
        "footfall": 3949,
        "revenue_index": 0.76,
        "value": 0.404
      }
    },
    {
      "type": "Feature",
      "geometry": {
        "type": "Point",
        "coordinates": [
          75.6055,
          31.32429
        ]
      },
      "properties": {
        "name": "Jalandhar Retail #1420",
        "type": "retail",
        "category": "retail",
        "city": "Jalandhar",
        "rating": 3.7,
        "footfall": 2160,
        "revenue_index": 0.87,
        "value": 0.514
      }
    },
    {
      "type": "Feature",
      "geometry": {
        "type": "Point",
        "coordinates": [
          75.56221,
          31.36392
        ]
      },
      "properties": {
        "name": "Jalandhar Gas Station #1421",
        "type": "gas_station",
        "category": "gas_station",
        "city": "Jalandhar",
        "rating": 3.7,
        "footfall": 3612,
        "revenue_index": 0.7,
        "value": 0.576
      }
    },
    {
      "type": "Feature",
      "geometry": {
        "type": "Point",
        "coordinates": [
          85.14777,
          25.57391
        ]
      },
      "properties": {
        "name": "Patna Bank #1422",
        "type": "bank",
        "category": "bank",
        "city": "Patna",
        "rating": 4.0,
        "footfall": 4846,
        "revenue_index": 0.84,
        "value": 0.616
      }
    },
    {
      "type": "Feature",
      "geometry": {
        "type": "Point",
        "coordinates": [
          85.13922,
          25.60564
        ]
      },
      "properties": {
        "name": "Patna Gas Station #1423",
        "type": "gas_station",
        "category": "gas_station",
        "city": "Patna",
        "rating": 4.5,
        "footfall": 2536,
        "revenue_index": 0.75,
        "value": 0.806
      }
    },
    {
      "type": "Feature",
      "geometry": {
        "type": "Point",
        "coordinates": [
          85.15789,
          25.60261
        ]
      },
      "properties": {
        "name": "Patna Restaurant #1424",
        "type": "restaurant",
        "category": "restaurant",
        "city": "Patna",
        "rating": 4.9,
        "footfall": 3414,
        "revenue_index": 0.77,
        "value": 0.753
      }
    },
    {
      "type": "Feature",
      "geometry": {
        "type": "Point",
        "coordinates": [
          85.15182,
          25.56449
        ]
      },
      "properties": {
        "name": "Patna Retail #1425",
        "type": "retail",
        "category": "retail",
        "city": "Patna",
        "rating": 4.7,
        "footfall": 2679,
        "revenue_index": 0.62,
        "value": 0.923
      }
    },
    {
      "type": "Feature",
      "geometry": {
        "type": "Point",
        "coordinates": [
          85.09324,
          25.56335
        ]
      },
      "properties": {
        "name": "Patna Gas Station #1426",
        "type": "gas_station",
        "category": "gas_station",
        "city": "Patna",
        "rating": 4.7,
        "footfall": 5123,
        "revenue_index": 0.87,
        "value": 0.494
      }
    },
    {
      "type": "Feature",
      "geometry": {
        "type": "Point",
        "coordinates": [
          85.00716,
          24.79131
        ]
      },
      "properties": {
        "name": "Gaya Hotel #1427",
        "type": "hotel",
        "category": "hotel",
        "city": "Gaya",
        "rating": 4.5,
        "footfall": 2565,
        "revenue_index": 0.93,
        "value": 0.851
      }
    },
    {
      "type": "Feature",
      "geometry": {
        "type": "Point",
        "coordinates": [
          85.01048,
          24.77407
        ]
      },
      "properties": {
        "name": "Gaya Bank #1428",
        "type": "bank",
        "category": "bank",
        "city": "Gaya",
        "rating": 4.3,
        "footfall": 1774,
        "revenue_index": 0.93,
        "value": 0.855
      }
    },
    {
      "type": "Feature",
      "geometry": {
        "type": "Point",
        "coordinates": [
          85.0413,
          24.83311
        ]
      },
      "properties": {
        "name": "Gaya Hotel #1429",
        "type": "hotel",
        "category": "hotel",
        "city": "Gaya",
        "rating": 3.8,
        "footfall": 856,
        "revenue_index": 0.97,
        "value": 0.78
      }
    },
    {
      "type": "Feature",
      "geometry": {
        "type": "Point",
        "coordinates": [
          85.01998,
          24.79655
        ]
      },
      "properties": {
        "name": "Gaya Bank #1430",
        "type": "bank",
        "category": "bank",
        "city": "Gaya",
        "rating": 4.9,
        "footfall": 3904,
        "revenue_index": 0.84,
        "value": 0.826
      }
    },
    {
      "type": "Feature",
      "geometry": {
        "type": "Point",
        "coordinates": [
          85.80936,
          20.31022
        ]
      },
      "properties": {
        "name": "Bhubaneswar Smart City Hotel #1431",
        "type": "hotel",
        "category": "hotel",
        "city": "Bhubaneswar Smart City",
        "rating": 3.7,
        "footfall": 3769,
        "revenue_index": 0.85,
        "value": 0.507
      }
    },
    {
      "type": "Feature",
      "geometry": {
        "type": "Point",
        "coordinates": [
          85.79597,
          20.27583
        ]
      },
      "properties": {
        "name": "Bhubaneswar Smart City Hotel #1432",
        "type": "hotel",
        "category": "hotel",
        "city": "Bhubaneswar Smart City",
        "rating": 4.6,
        "footfall": 4981,
        "revenue_index": 0.91,
        "value": 0.773
      }
    },
    {
      "type": "Feature",
      "geometry": {
        "type": "Point",
        "coordinates": [
          85.85488,
          20.30619
        ]
      },
      "properties": {
        "name": "Bhubaneswar Smart City Restaurant #1433",
        "type": "restaurant",
        "category": "restaurant",
        "city": "Bhubaneswar Smart City",
        "rating": 3.6,
        "footfall": 1092,
        "revenue_index": 0.46,
        "value": 0.4
      }
    },
    {
      "type": "Feature",
      "geometry": {
        "type": "Point",
        "coordinates": [
          85.79636,
          20.29845
        ]
      },
      "properties": {
        "name": "Bhubaneswar Smart City Grocery #1434",
        "type": "grocery",
        "category": "grocery",
        "city": "Bhubaneswar Smart City",
        "rating": 4.1,
        "footfall": 3131,
        "revenue_index": 0.49,
        "value": 0.858
      }
    },
    {
      "type": "Feature",
      "geometry": {
        "type": "Point",
        "coordinates": [
          85.82193,
          20.29431
        ]
      },
      "properties": {
        "name": "Bhubaneswar Smart City Ev Charging #1435",
        "type": "ev_charging",
        "category": "ev_charging",
        "city": "Bhubaneswar Smart City",
        "rating": 4.4,
        "footfall": 4526,
        "revenue_index": 0.91,
        "value": 0.443
      }
    },
    {
      "type": "Feature",
      "geometry": {
        "type": "Point",
        "coordinates": [
          85.85403,
          20.48725
        ]
      },
      "properties": {
        "name": "Cuttack Gas Station #1436",
        "type": "gas_station",
        "category": "gas_station",
        "city": "Cuttack",
        "rating": 4.1,
        "footfall": 3480,
        "revenue_index": 0.85,
        "value": 0.381
      }
    },
    {
      "type": "Feature",
      "geometry": {
        "type": "Point",
        "coordinates": [
          85.90278,
          20.46653
        ]
      },
      "properties": {
        "name": "Cuttack Restaurant #1437",
        "type": "restaurant",
        "category": "restaurant",
        "city": "Cuttack",
        "rating": 3.7,
        "footfall": 1991,
        "revenue_index": 0.85,
        "value": 0.486
      }
    },
    {
      "type": "Feature",
      "geometry": {
        "type": "Point",
        "coordinates": [
          85.90033,
          20.4567
        ]
      },
      "properties": {
        "name": "Cuttack Bank #1438",
        "type": "bank",
        "category": "bank",
        "city": "Cuttack",
        "rating": 4.4,
        "footfall": 3701,
        "revenue_index": 0.72,
        "value": 0.727
      }
    },
    {
      "type": "Feature",
      "geometry": {
        "type": "Point",
        "coordinates": [
          85.84309,
          20.46185
        ]
      },
      "properties": {
        "name": "Cuttack Restaurant #1439",
        "type": "restaurant",
        "category": "restaurant",
        "city": "Cuttack",
        "rating": 3.7,
        "footfall": 989,
        "revenue_index": 0.81,
        "value": 0.445
      }
    },
    {
      "type": "Feature",
      "geometry": {
        "type": "Point",
        "coordinates": [
          84.87718,
          22.26423
        ]
      },
      "properties": {
        "name": "Rourkela Steel City Gas Station #1440",
        "type": "gas_station",
        "category": "gas_station",
        "city": "Rourkela Steel City",
        "rating": 3.7,
        "footfall": 791,
        "revenue_index": 0.69,
        "value": 0.488
      }
    },
    {
      "type": "Feature",
      "geometry": {
        "type": "Point",
        "coordinates": [
          84.87062,
          22.27635
        ]
      },
      "properties": {
        "name": "Rourkela Steel City Ev Charging #1441",
        "type": "ev_charging",
        "category": "ev_charging",
        "city": "Rourkela Steel City",
        "rating": 4.7,
        "footfall": 4176,
        "revenue_index": 0.69,
        "value": 0.62
      }
    },
    {
      "type": "Feature",
      "geometry": {
        "type": "Point",
        "coordinates": [
          84.80957,
          22.2397
        ]
      },
      "properties": {
        "name": "Rourkela Steel City Gas Station #1442",
        "type": "gas_station",
        "category": "gas_station",
        "city": "Rourkela Steel City",
        "rating": 3.9,
        "footfall": 3614,
        "revenue_index": 0.69,
        "value": 0.547
      }
    },
    {
      "type": "Feature",
      "geometry": {
        "type": "Point",
        "coordinates": [
          84.86171,
          22.28878
        ]
      },
      "properties": {
        "name": "Rourkela Steel City Grocery #1443",
        "type": "grocery",
        "category": "grocery",
        "city": "Rourkela Steel City",
        "rating": 4.8,
        "footfall": 4400,
        "revenue_index": 0.88,
        "value": 0.517
      }
    },
    {
      "type": "Feature",
      "geometry": {
        "type": "Point",
        "coordinates": [
          84.85467,
          22.22287
        ]
      },
      "properties": {
        "name": "Rourkela Steel City Ev Charging #1444",
        "type": "ev_charging",
        "category": "ev_charging",
        "city": "Rourkela Steel City",
        "rating": 4.4,
        "footfall": 2749,
        "revenue_index": 0.79,
        "value": 0.943
      }
    },
    {
      "type": "Feature",
      "geometry": {
        "type": "Point",
        "coordinates": [
          84.82235,
          22.27858
        ]
      },
      "properties": {
        "name": "Rourkela Steel City Restaurant #1445",
        "type": "restaurant",
        "category": "restaurant",
        "city": "Rourkela Steel City",
        "rating": 4.4,
        "footfall": 1958,
        "revenue_index": 0.69,
        "value": 0.64
      }
    },
    {
      "type": "Feature",
      "geometry": {
        "type": "Point",
        "coordinates": [
          76.32258,
          9.92992
        ]
      },
      "properties": {
        "name": "Kochi Marine & IT Hub Retail #1446",
        "type": "retail",
        "category": "retail",
        "city": "Kochi Marine & IT Hub",
        "rating": 4.9,
        "footfall": 2366,
        "revenue_index": 0.7,
        "value": 0.643
      }
    },
    {
      "type": "Feature",
      "geometry": {
        "type": "Point",
        "coordinates": [
          76.2601,
          9.91245
        ]
      },
      "properties": {
        "name": "Kochi Marine & IT Hub Ev Charging #1447",
        "type": "ev_charging",
        "category": "ev_charging",
        "city": "Kochi Marine & IT Hub",
        "rating": 4.7,
        "footfall": 584,
        "revenue_index": 0.96,
        "value": 0.652
      }
    },
    {
      "type": "Feature",
      "geometry": {
        "type": "Point",
        "coordinates": [
          76.26954,
          9.92062
        ]
      },
      "properties": {
        "name": "Kochi Marine & IT Hub Grocery #1448",
        "type": "grocery",
        "category": "grocery",
        "city": "Kochi Marine & IT Hub",
        "rating": 4.2,
        "footfall": 2036,
        "revenue_index": 0.61,
        "value": 0.398
      }
    },
    {
      "type": "Feature",
      "geometry": {
        "type": "Point",
        "coordinates": [
          76.21737,
          9.93255
        ]
      },
      "properties": {
        "name": "Kochi Marine & IT Hub Bank #1449",
        "type": "bank",
        "category": "bank",
        "city": "Kochi Marine & IT Hub",
        "rating": 4.6,
        "footfall": 886,
        "revenue_index": 0.78,
        "value": 0.387
      }
    },
    {
      "type": "Feature",
      "geometry": {
        "type": "Point",
        "coordinates": [
          76.27658,
          9.97561
        ]
      },
      "properties": {
        "name": "Kochi Marine & IT Hub Grocery #1450",
        "type": "grocery",
        "category": "grocery",
        "city": "Kochi Marine & IT Hub",
        "rating": 4.7,
        "footfall": 674,
        "revenue_index": 0.87,
        "value": 0.585
      }
    },
    {
      "type": "Feature",
      "geometry": {
        "type": "Point",
        "coordinates": [
          76.96026,
          8.50546
        ]
      },
      "properties": {
        "name": "Thiruvananthapuram Restaurant #1451",
        "type": "restaurant",
        "category": "restaurant",
        "city": "Thiruvananthapuram",
        "rating": 4.6,
        "footfall": 2557,
        "revenue_index": 0.63,
        "value": 0.681
      }
    },
    {
      "type": "Feature",
      "geometry": {
        "type": "Point",
        "coordinates": [
          76.93101,
          8.54487
        ]
      },
      "properties": {
        "name": "Thiruvananthapuram Bank #1452",
        "type": "bank",
        "category": "bank",
        "city": "Thiruvananthapuram",
        "rating": 4.1,
        "footfall": 2415,
        "revenue_index": 0.63,
        "value": 0.464
      }
    },
    {
      "type": "Feature",
      "geometry": {
        "type": "Point",
        "coordinates": [
          76.97496,
          8.53635
        ]
      },
      "properties": {
        "name": "Thiruvananthapuram Gas Station #1453",
        "type": "gas_station",
        "category": "gas_station",
        "city": "Thiruvananthapuram",
        "rating": 4.2,
        "footfall": 661,
        "revenue_index": 0.78,
        "value": 0.927
      }
    },
    {
      "type": "Feature",
      "geometry": {
        "type": "Point",
        "coordinates": [
          76.93183,
          8.52155
        ]
      },
      "properties": {
        "name": "Thiruvananthapuram Retail #1454",
        "type": "retail",
        "category": "retail",
        "city": "Thiruvananthapuram",
        "rating": 3.9,
        "footfall": 636,
        "revenue_index": 0.9,
        "value": 0.709
      }
    },
    {
      "type": "Feature",
      "geometry": {
        "type": "Point",
        "coordinates": [
          76.94106,
          8.53229
        ]
      },
      "properties": {
        "name": "Thiruvananthapuram Restaurant #1455",
        "type": "restaurant",
        "category": "restaurant",
        "city": "Thiruvananthapuram",
        "rating": 4.7,
        "footfall": 5191,
        "revenue_index": 0.97,
        "value": 0.769
      }
    },
    {
      "type": "Feature",
      "geometry": {
        "type": "Point",
        "coordinates": [
          75.77127,
          11.26332
        ]
      },
      "properties": {
        "name": "Kozhikode Grocery #1456",
        "type": "grocery",
        "category": "grocery",
        "city": "Kozhikode",
        "rating": 4.5,
        "footfall": 4511,
        "revenue_index": 0.75,
        "value": 0.813
      }
    },
    {
      "type": "Feature",
      "geometry": {
        "type": "Point",
        "coordinates": [
          75.71804,
          11.29422
        ]
      },
      "properties": {
        "name": "Kozhikode Retail #1457",
        "type": "retail",
        "category": "retail",
        "city": "Kozhikode",
        "rating": 4.3,
        "footfall": 3007,
        "revenue_index": 0.72,
        "value": 0.822
      }
    },
    {
      "type": "Feature",
      "geometry": {
        "type": "Point",
        "coordinates": [
          75.79943,
          11.20392
        ]
      },
      "properties": {
        "name": "Kozhikode Gas Station #1458",
        "type": "gas_station",
        "category": "gas_station",
        "city": "Kozhikode",
        "rating": 4.2,
        "footfall": 2955,
        "revenue_index": 0.84,
        "value": 0.646
      }
    },
    {
      "type": "Feature",
      "geometry": {
        "type": "Point",
        "coordinates": [
          75.7854,
          11.24918
        ]
      },
      "properties": {
        "name": "Kozhikode Bank #1459",
        "type": "bank",
        "category": "bank",
        "city": "Kozhikode",
        "rating": 4.6,
        "footfall": 3745,
        "revenue_index": 0.72,
        "value": 0.771
      }
    },
    {
      "type": "Feature",
      "geometry": {
        "type": "Point",
        "coordinates": [
          91.76639,
          26.13921
        ]
      },
      "properties": {
        "name": "Guwahati Gateway City Grocery #1460",
        "type": "grocery",
        "category": "grocery",
        "city": "Guwahati Gateway City",
        "rating": 4.1,
        "footfall": 3540,
        "revenue_index": 0.74,
        "value": 0.443
      }
    },
    {
      "type": "Feature",
      "geometry": {
        "type": "Point",
        "coordinates": [
          91.70382,
          26.11116
        ]
      },
      "properties": {
        "name": "Guwahati Gateway City Bank #1461",
        "type": "bank",
        "category": "bank",
        "city": "Guwahati Gateway City",
        "rating": 3.8,
        "footfall": 3710,
        "revenue_index": 0.63,
        "value": 0.728
      }
    },
    {
      "type": "Feature",
      "geometry": {
        "type": "Point",
        "coordinates": [
          91.76064,
          26.12258
        ]
      },
      "properties": {
        "name": "Guwahati Gateway City Grocery #1462",
        "type": "grocery",
        "category": "grocery",
        "city": "Guwahati Gateway City",
        "rating": 3.7,
        "footfall": 1744,
        "revenue_index": 0.82,
        "value": 0.786
      }
    },
    {
      "type": "Feature",
      "geometry": {
        "type": "Point",
        "coordinates": [
          91.73658,
          26.1594
        ]
      },
      "properties": {
        "name": "Guwahati Gateway City Bank #1463",
        "type": "bank",
        "category": "bank",
        "city": "Guwahati Gateway City",
        "rating": 3.8,
        "footfall": 3863,
        "revenue_index": 0.93,
        "value": 0.889
      }
    },
    {
      "type": "Feature",
      "geometry": {
        "type": "Point",
        "coordinates": [
          91.78946,
          26.12361
        ]
      },
      "properties": {
        "name": "Guwahati Gateway City Bank #1464",
        "type": "bank",
        "category": "bank",
        "city": "Guwahati Gateway City",
        "rating": 3.9,
        "footfall": 4782,
        "revenue_index": 0.67,
        "value": 0.926
      }
    },
    {
      "type": "Feature",
      "geometry": {
        "type": "Point",
        "coordinates": [
          91.89685,
          25.58595
        ]
      },
      "properties": {
        "name": "Shillong Retail #1465",
        "type": "retail",
        "category": "retail",
        "city": "Shillong",
        "rating": 3.9,
        "footfall": 1122,
        "revenue_index": 0.73,
        "value": 0.587
      }
    },
    {
      "type": "Feature",
      "geometry": {
        "type": "Point",
        "coordinates": [
          91.91036,
          25.57289
        ]
      },
      "properties": {
        "name": "Shillong Hotel #1466",
        "type": "hotel",
        "category": "hotel",
        "city": "Shillong",
        "rating": 3.9,
        "footfall": 4920,
        "revenue_index": 0.76,
        "value": 0.407
      }
    },
    {
      "type": "Feature",
      "geometry": {
        "type": "Point",
        "coordinates": [
          91.90371,
          25.54736
        ]
      },
      "properties": {
        "name": "Shillong Ev Charging #1467",
        "type": "ev_charging",
        "category": "ev_charging",
        "city": "Shillong",
        "rating": 3.8,
        "footfall": 4129,
        "revenue_index": 0.61,
        "value": 0.541
      }
    },
    {
      "type": "Feature",
      "geometry": {
        "type": "Point",
        "coordinates": [
          91.90368,
          25.58779
        ]
      },
      "properties": {
        "name": "Shillong Grocery #1468",
        "type": "grocery",
        "category": "grocery",
        "city": "Shillong",
        "rating": 3.9,
        "footfall": 1244,
        "revenue_index": 0.46,
        "value": 0.915
      }
    },
    {
      "type": "Feature",
      "geometry": {
        "type": "Point",
        "coordinates": [
          91.27679,
          23.84052
        ]
      },
      "properties": {
        "name": "Agartala Bank #1469",
        "type": "bank",
        "category": "bank",
        "city": "Agartala",
        "rating": 3.9,
        "footfall": 4533,
        "revenue_index": 0.7,
        "value": 0.492
      }
    },
    {
      "type": "Feature",
      "geometry": {
        "type": "Point",
        "coordinates": [
          91.29496,
          23.82553
        ]
      },
      "properties": {
        "name": "Agartala Bank #1470",
        "type": "bank",
        "category": "bank",
        "city": "Agartala",
        "rating": 4.5,
        "footfall": 3728,
        "revenue_index": 0.67,
        "value": 0.933
      }
    },
    {
      "type": "Feature",
      "geometry": {
        "type": "Point",
        "coordinates": [
          91.26734,
          23.8471
        ]
      },
      "properties": {
        "name": "Agartala Retail #1471",
        "type": "retail",
        "category": "retail",
        "city": "Agartala",
        "rating": 3.9,
        "footfall": 2067,
        "revenue_index": 0.94,
        "value": 0.398
      }
    },
    {
      "type": "Feature",
      "geometry": {
        "type": "Point",
        "coordinates": [
          91.2826,
          23.82952
        ]
      },
      "properties": {
        "name": "Agartala Ev Charging #1472",
        "type": "ev_charging",
        "category": "ev_charging",
        "city": "Agartala",
        "rating": 4.3,
        "footfall": 2002,
        "revenue_index": 0.59,
        "value": 0.945
      }
    },
    {
      "type": "Feature",
      "geometry": {
        "type": "Point",
        "coordinates": [
          81.64055,
          21.23327
        ]
      },
      "properties": {
        "name": "Raipur Hotel #1473",
        "type": "hotel",
        "category": "hotel",
        "city": "Raipur",
        "rating": 3.7,
        "footfall": 2120,
        "revenue_index": 0.95,
        "value": 0.939
      }
    },
    {
      "type": "Feature",
      "geometry": {
        "type": "Point",
        "coordinates": [
          81.60533,
          21.2551
        ]
      },
      "properties": {
        "name": "Raipur Restaurant #1474",
        "type": "restaurant",
        "category": "restaurant",
        "city": "Raipur",
        "rating": 4.5,
        "footfall": 4405,
        "revenue_index": 0.74,
        "value": 0.557
      }
    },
    {
      "type": "Feature",
      "geometry": {
        "type": "Point",
        "coordinates": [
          81.59255,
          21.28674
        ]
      },
      "properties": {
        "name": "Raipur Retail #1475",
        "type": "retail",
        "category": "retail",
        "city": "Raipur",
        "rating": 4.7,
        "footfall": 4680,
        "revenue_index": 0.61,
        "value": 0.908
      }
    },
    {
      "type": "Feature",
      "geometry": {
        "type": "Point",
        "coordinates": [
          81.61901,
          21.25418
        ]
      },
      "properties": {
        "name": "Raipur Restaurant #1476",
        "type": "restaurant",
        "category": "restaurant",
        "city": "Raipur",
        "rating": 4.9,
        "footfall": 4938,
        "revenue_index": 0.97,
        "value": 0.558
      }
    },
    {
      "type": "Feature",
      "geometry": {
        "type": "Point",
        "coordinates": [
          81.57713,
          21.26993
        ]
      },
      "properties": {
        "name": "Raipur Hotel #1477",
        "type": "hotel",
        "category": "hotel",
        "city": "Raipur",
        "rating": 3.7,
        "footfall": 4174,
        "revenue_index": 0.63,
        "value": 0.741
      }
    },
    {
      "type": "Feature",
      "geometry": {
        "type": "Point",
        "coordinates": [
          82.15395,
          22.08276
        ]
      },
      "properties": {
        "name": "Bilaspur Hotel #1478",
        "type": "hotel",
        "category": "hotel",
        "city": "Bilaspur",
        "rating": 3.7,
        "footfall": 2205,
        "revenue_index": 0.61,
        "value": 0.83
      }
    },
    {
      "type": "Feature",
      "geometry": {
        "type": "Point",
        "coordinates": [
          82.12663,
          22.05591
        ]
      },
      "properties": {
        "name": "Bilaspur Bank #1479",
        "type": "bank",
        "category": "bank",
        "city": "Bilaspur",
        "rating": 4.6,
        "footfall": 854,
        "revenue_index": 0.98,
        "value": 0.955
      }
    },
    {
      "type": "Feature",
      "geometry": {
        "type": "Point",
        "coordinates": [
          82.14587,
          22.09419
        ]
      },
      "properties": {
        "name": "Bilaspur Gas Station #1480",
        "type": "gas_station",
        "category": "gas_station",
        "city": "Bilaspur",
        "rating": 3.8,
        "footfall": 1441,
        "revenue_index": 0.82,
        "value": 0.969
      }
    },
    {
      "type": "Feature",
      "geometry": {
        "type": "Point",
        "coordinates": [
          82.18489,
          22.10198
        ]
      },
      "properties": {
        "name": "Bilaspur Retail #1481",
        "type": "retail",
        "category": "retail",
        "city": "Bilaspur",
        "rating": 4.5,
        "footfall": 3430,
        "revenue_index": 0.75,
        "value": 0.819
      }
    },
    {
      "type": "Feature",
      "geometry": {
        "type": "Point",
        "coordinates": [
          86.24941,
          22.80671
        ]
      },
      "properties": {
        "name": "Jamshedpur Industrial City Retail #1482",
        "type": "retail",
        "category": "retail",
        "city": "Jamshedpur Industrial City",
        "rating": 4.7,
        "footfall": 1232,
        "revenue_index": 0.54,
        "value": 0.674
      }
    },
    {
      "type": "Feature",
      "geometry": {
        "type": "Point",
        "coordinates": [
          86.25224,
          22.83562
        ]
      },
      "properties": {
        "name": "Jamshedpur Industrial City Ev Charging #1483",
        "type": "ev_charging",
        "category": "ev_charging",
        "city": "Jamshedpur Industrial City",
        "rating": 3.7,
        "footfall": 1113,
        "revenue_index": 0.61,
        "value": 0.603
      }
    },
    {
      "type": "Feature",
      "geometry": {
        "type": "Point",
        "coordinates": [
          86.2135,
          22.808
        ]
      },
      "properties": {
        "name": "Jamshedpur Industrial City Bank #1484",
        "type": "bank",
        "category": "bank",
        "city": "Jamshedpur Industrial City",
        "rating": 4.1,
        "footfall": 2003,
        "revenue_index": 0.9,
        "value": 0.95
      }
    },
    {
      "type": "Feature",
      "geometry": {
        "type": "Point",
        "coordinates": [
          86.21037,
          22.80132
        ]
      },
      "properties": {
        "name": "Jamshedpur Industrial City Retail #1485",
        "type": "retail",
        "category": "retail",
        "city": "Jamshedpur Industrial City",
        "rating": 4.7,
        "footfall": 2831,
        "revenue_index": 0.46,
        "value": 0.628
      }
    },
    {
      "type": "Feature",
      "geometry": {
        "type": "Point",
        "coordinates": [
          86.22541,
          22.83825
        ]
      },
      "properties": {
        "name": "Jamshedpur Industrial City Retail #1486",
        "type": "retail",
        "category": "retail",
        "city": "Jamshedpur Industrial City",
        "rating": 4.4,
        "footfall": 3736,
        "revenue_index": 0.64,
        "value": 0.696
      }
    },
    {
      "type": "Feature",
      "geometry": {
        "type": "Point",
        "coordinates": [
          86.18471,
          22.79449
        ]
      },
      "properties": {
        "name": "Jamshedpur Industrial City Gas Station #1487",
        "type": "gas_station",
        "category": "gas_station",
        "city": "Jamshedpur Industrial City",
        "rating": 4.1,
        "footfall": 3940,
        "revenue_index": 0.58,
        "value": 0.854
      }
    },
    {
      "type": "Feature",
      "geometry": {
        "type": "Point",
        "coordinates": [
          85.36107,
          23.31982
        ]
      },
      "properties": {
        "name": "Ranchi Retail #1488",
        "type": "retail",
        "category": "retail",
        "city": "Ranchi",
        "rating": 4.6,
        "footfall": 1905,
        "revenue_index": 0.77,
        "value": 0.412
      }
    },
    {
      "type": "Feature",
      "geometry": {
        "type": "Point",
        "coordinates": [
          85.32994,
          23.31601
        ]
      },
      "properties": {
        "name": "Ranchi Grocery #1489",
        "type": "grocery",
        "category": "grocery",
        "city": "Ranchi",
        "rating": 3.9,
        "footfall": 1650,
        "revenue_index": 0.48,
        "value": 0.543
      }
    },
    {
      "type": "Feature",
      "geometry": {
        "type": "Point",
        "coordinates": [
          85.32784,
          23.37366
        ]
      },
      "properties": {
        "name": "Ranchi Bank #1490",
        "type": "bank",
        "category": "bank",
        "city": "Ranchi",
        "rating": 4.6,
        "footfall": 587,
        "revenue_index": 0.67,
        "value": 0.416
      }
    },
    {
      "type": "Feature",
      "geometry": {
        "type": "Point",
        "coordinates": [
          85.28654,
          23.33644
        ]
      },
      "properties": {
        "name": "Ranchi Bank #1491",
        "type": "bank",
        "category": "bank",
        "city": "Ranchi",
        "rating": 4.1,
        "footfall": 1164,
        "revenue_index": 0.46,
        "value": 0.914
      }
    },
    {
      "type": "Feature",
      "geometry": {
        "type": "Point",
        "coordinates": [
          85.27463,
          23.38202
        ]
      },
      "properties": {
        "name": "Ranchi Bank #1492",
        "type": "bank",
        "category": "bank",
        "city": "Ranchi",
        "rating": 4.3,
        "footfall": 1484,
        "revenue_index": 0.53,
        "value": 0.508
      }
    },
    {
      "type": "Feature",
      "geometry": {
        "type": "Point",
        "coordinates": [
          86.41775,
          23.79947
        ]
      },
      "properties": {
        "name": "Dhanbad Mining & Coal Hub Grocery #1493",
        "type": "grocery",
        "category": "grocery",
        "city": "Dhanbad Mining & Coal Hub",
        "rating": 3.8,
        "footfall": 4524,
        "revenue_index": 0.94,
        "value": 0.446
      }
    },
    {
      "type": "Feature",
      "geometry": {
        "type": "Point",
        "coordinates": [
          86.45588,
          23.83586
        ]
      },
      "properties": {
        "name": "Dhanbad Mining & Coal Hub Ev Charging #1494",
        "type": "ev_charging",
        "category": "ev_charging",
        "city": "Dhanbad Mining & Coal Hub",
        "rating": 4.8,
        "footfall": 3694,
        "revenue_index": 0.54,
        "value": 0.843
      }
    },
    {
      "type": "Feature",
      "geometry": {
        "type": "Point",
        "coordinates": [
          86.40101,
          23.81175
        ]
      },
      "properties": {
        "name": "Dhanbad Mining & Coal Hub Gas Station #1495",
        "type": "gas_station",
        "category": "gas_station",
        "city": "Dhanbad Mining & Coal Hub",
        "rating": 4.8,
        "footfall": 649,
        "revenue_index": 0.73,
        "value": 0.748
      }
    },
    {
      "type": "Feature",
      "geometry": {
        "type": "Point",
        "coordinates": [
          86.43147,
          23.75012
        ]
      },
      "properties": {
        "name": "Dhanbad Mining & Coal Hub Bank #1496",
        "type": "bank",
        "category": "bank",
        "city": "Dhanbad Mining & Coal Hub",
        "rating": 3.7,
        "footfall": 431,
        "revenue_index": 0.46,
        "value": 0.708
      }
    },
    {
      "type": "Feature",
      "geometry": {
        "type": "Point",
        "coordinates": [
          86.46862,
          23.82495
        ]
      },
      "properties": {
        "name": "Dhanbad Mining & Coal Hub Bank #1497",
        "type": "bank",
        "category": "bank",
        "city": "Dhanbad Mining & Coal Hub",
        "rating": 4.8,
        "footfall": 3281,
        "revenue_index": 0.71,
        "value": 0.829
      }
    },
    {
      "type": "Feature",
      "geometry": {
        "type": "Point",
        "coordinates": [
          86.42147,
          23.77122
        ]
      },
      "properties": {
        "name": "Dhanbad Mining & Coal Hub Bank #1498",
        "type": "bank",
        "category": "bank",
        "city": "Dhanbad Mining & Coal Hub",
        "rating": 3.9,
        "footfall": 1594,
        "revenue_index": 0.47,
        "value": 0.955
      }
    },
    {
      "type": "Feature",
      "geometry": {
        "type": "Point",
        "coordinates": [
          77.98126,
          30.28899
        ]
      },
      "properties": {
        "name": "Dehradun Ev Charging #1499",
        "type": "ev_charging",
        "category": "ev_charging",
        "city": "Dehradun",
        "rating": 4.3,
        "footfall": 4441,
        "revenue_index": 0.84,
        "value": 0.51
      }
    },
    {
      "type": "Feature",
      "geometry": {
        "type": "Point",
        "coordinates": [
          78.05878,
          30.32536
        ]
      },
      "properties": {
        "name": "Dehradun Retail #1500",
        "type": "retail",
        "category": "retail",
        "city": "Dehradun",
        "rating": 3.8,
        "footfall": 3264,
        "revenue_index": 0.5,
        "value": 0.561
      }
    },
    {
      "type": "Feature",
      "geometry": {
        "type": "Point",
        "coordinates": [
          78.00303,
          30.3516
        ]
      },
      "properties": {
        "name": "Dehradun Ev Charging #1501",
        "type": "ev_charging",
        "category": "ev_charging",
        "city": "Dehradun",
        "rating": 4.5,
        "footfall": 4592,
        "revenue_index": 0.92,
        "value": 0.856
      }
    },
    {
      "type": "Feature",
      "geometry": {
        "type": "Point",
        "coordinates": [
          78.04119,
          30.36968
        ]
      },
      "properties": {
        "name": "Dehradun Bank #1502",
        "type": "bank",
        "category": "bank",
        "city": "Dehradun",
        "rating": 4.8,
        "footfall": 3672,
        "revenue_index": 0.46,
        "value": 0.589
      }
    },
    {
      "type": "Feature",
      "geometry": {
        "type": "Point",
        "coordinates": [
          78.17136,
          29.94419
        ]
      },
      "properties": {
        "name": "Haridwar Hotel #1503",
        "type": "hotel",
        "category": "hotel",
        "city": "Haridwar",
        "rating": 4.8,
        "footfall": 1890,
        "revenue_index": 0.59,
        "value": 0.614
      }
    },
    {
      "type": "Feature",
      "geometry": {
        "type": "Point",
        "coordinates": [
          78.1796,
          29.93485
        ]
      },
      "properties": {
        "name": "Haridwar Gas Station #1504",
        "type": "gas_station",
        "category": "gas_station",
        "city": "Haridwar",
        "rating": 3.9,
        "footfall": 3669,
        "revenue_index": 0.82,
        "value": 0.732
      }
    },
    {
      "type": "Feature",
      "geometry": {
        "type": "Point",
        "coordinates": [
          78.19761,
          29.92705
        ]
      },
      "properties": {
        "name": "Haridwar Retail #1505",
        "type": "retail",
        "category": "retail",
        "city": "Haridwar",
        "rating": 3.9,
        "footfall": 1083,
        "revenue_index": 0.79,
        "value": 0.962
      }
    },
    {
      "type": "Feature",
      "geometry": {
        "type": "Point",
        "coordinates": [
          78.15356,
          29.92998
        ]
      },
      "properties": {
        "name": "Haridwar Gas Station #1506",
        "type": "gas_station",
        "category": "gas_station",
        "city": "Haridwar",
        "rating": 4.9,
        "footfall": 2526,
        "revenue_index": 0.56,
        "value": 0.409
      }
    },
    {
      "type": "Feature",
      "geometry": {
        "type": "Point",
        "coordinates": [
          77.19248,
          31.08532
        ]
      },
      "properties": {
        "name": "Shimla Ev Charging #1507",
        "type": "ev_charging",
        "category": "ev_charging",
        "city": "Shimla",
        "rating": 4.2,
        "footfall": 1502,
        "revenue_index": 0.57,
        "value": 0.702
      }
    },
    {
      "type": "Feature",
      "geometry": {
        "type": "Point",
        "coordinates": [
          77.16426,
          31.06495
        ]
      },
      "properties": {
        "name": "Shimla Gas Station #1508",
        "type": "gas_station",
        "category": "gas_station",
        "city": "Shimla",
        "rating": 4.5,
        "footfall": 3520,
        "revenue_index": 0.63,
        "value": 0.789
      }
    },
    {
      "type": "Feature",
      "geometry": {
        "type": "Point",
        "coordinates": [
          77.158,
          31.12596
        ]
      },
      "properties": {
        "name": "Shimla Hotel #1509",
        "type": "hotel",
        "category": "hotel",
        "city": "Shimla",
        "rating": 3.9,
        "footfall": 2087,
        "revenue_index": 0.66,
        "value": 0.954
      }
    },
    {
      "type": "Feature",
      "geometry": {
        "type": "Point",
        "coordinates": [
          77.17955,
          31.09567
        ]
      },
      "properties": {
        "name": "Shimla Restaurant #1510",
        "type": "restaurant",
        "category": "restaurant",
        "city": "Shimla",
        "rating": 4.7,
        "footfall": 588,
        "revenue_index": 0.92,
        "value": 0.975
      }
    },
    {
      "type": "Feature",
      "geometry": {
        "type": "Point",
        "coordinates": [
          74.73825,
          34.09937
        ]
      },
      "properties": {
        "name": "Srinagar Grocery #1511",
        "type": "grocery",
        "category": "grocery",
        "city": "Srinagar",
        "rating": 4.1,
        "footfall": 2689,
        "revenue_index": 0.71,
        "value": 0.721
      }
    },
    {
      "type": "Feature",
      "geometry": {
        "type": "Point",
        "coordinates": [
          74.77086,
          34.07082
        ]
      },
      "properties": {
        "name": "Srinagar Retail #1512",
        "type": "retail",
        "category": "retail",
        "city": "Srinagar",
        "rating": 4.6,
        "footfall": 526,
        "revenue_index": 0.56,
        "value": 0.361
      }
    },
    {
      "type": "Feature",
      "geometry": {
        "type": "Point",
        "coordinates": [
          74.84259,
          34.0633
        ]
      },
      "properties": {
        "name": "Srinagar Bank #1513",
        "type": "bank",
        "category": "bank",
        "city": "Srinagar",
        "rating": 3.9,
        "footfall": 4668,
        "revenue_index": 0.76,
        "value": 0.974
      }
    },
    {
      "type": "Feature",
      "geometry": {
        "type": "Point",
        "coordinates": [
          74.8156,
          34.07626
        ]
      },
      "properties": {
        "name": "Srinagar Restaurant #1514",
        "type": "restaurant",
        "category": "restaurant",
        "city": "Srinagar",
        "rating": 4.8,
        "footfall": 5065,
        "revenue_index": 0.6,
        "value": 0.396
      }
    },
    {
      "type": "Feature",
      "geometry": {
        "type": "Point",
        "coordinates": [
          74.84351,
          32.72378
        ]
      },
      "properties": {
        "name": "Jammu Gas Station #1515",
        "type": "gas_station",
        "category": "gas_station",
        "city": "Jammu",
        "rating": 4.7,
        "footfall": 791,
        "revenue_index": 0.96,
        "value": 0.497
      }
    },
    {
      "type": "Feature",
      "geometry": {
        "type": "Point",
        "coordinates": [
          74.86957,
          32.69964
        ]
      },
      "properties": {
        "name": "Jammu Grocery #1516",
        "type": "grocery",
        "category": "grocery",
        "city": "Jammu",
        "rating": 4.1,
        "footfall": 1161,
        "revenue_index": 0.96,
        "value": 0.608
      }
    },
    {
      "type": "Feature",
      "geometry": {
        "type": "Point",
        "coordinates": [
          74.86689,
          32.72846
        ]
      },
      "properties": {
        "name": "Jammu Grocery #1517",
        "type": "grocery",
        "category": "grocery",
        "city": "Jammu",
        "rating": 4.0,
        "footfall": 2210,
        "revenue_index": 0.52,
        "value": 0.81
      }
    },
    {
      "type": "Feature",
      "geometry": {
        "type": "Point",
        "coordinates": [
          74.85911,
          32.68369
        ]
      },
      "properties": {
        "name": "Jammu Ev Charging #1518",
        "type": "ev_charging",
        "category": "ev_charging",
        "city": "Jammu",
        "rating": 4.7,
        "footfall": 4635,
        "revenue_index": 0.66,
        "value": 0.745
      }
    },
    {
      "type": "Feature",
      "geometry": {
        "type": "Point",
        "coordinates": [
          73.80721,
          15.49068
        ]
      },
      "properties": {
        "name": "Panaji Capital Hotel #1519",
        "type": "hotel",
        "category": "hotel",
        "city": "Panaji Capital",
        "rating": 4.0,
        "footfall": 1622,
        "revenue_index": 0.76,
        "value": 0.455
      }
    },
    {
      "type": "Feature",
      "geometry": {
        "type": "Point",
        "coordinates": [
          73.78052,
          15.49791
        ]
      },
      "properties": {
        "name": "Panaji Capital Grocery #1520",
        "type": "grocery",
        "category": "grocery",
        "city": "Panaji Capital",
        "rating": 4.5,
        "footfall": 1701,
        "revenue_index": 0.73,
        "value": 0.454
      }
    },
    {
      "type": "Feature",
      "geometry": {
        "type": "Point",
        "coordinates": [
          73.82713,
          15.48814
        ]
      },
      "properties": {
        "name": "Panaji Capital Hotel #1521",
        "type": "hotel",
        "category": "hotel",
        "city": "Panaji Capital",
        "rating": 3.7,
        "footfall": 2188,
        "revenue_index": 0.53,
        "value": 0.585
      }
    },
    {
      "type": "Feature",
      "geometry": {
        "type": "Point",
        "coordinates": [
          73.83921,
          15.53188
        ]
      },
      "properties": {
        "name": "Panaji Capital Grocery #1522",
        "type": "grocery",
        "category": "grocery",
        "city": "Panaji Capital",
        "rating": 4.0,
        "footfall": 4784,
        "revenue_index": 0.84,
        "value": 0.779
      }
    },
    {
      "type": "Feature",
      "geometry": {
        "type": "Point",
        "coordinates": [
          73.96756,
          15.29335
        ]
      },
      "properties": {
        "name": "Margao Commercial Center Gas Station #1523",
        "type": "gas_station",
        "category": "gas_station",
        "city": "Margao Commercial Center",
        "rating": 4.4,
        "footfall": 4515,
        "revenue_index": 0.46,
        "value": 0.948
      }
    },
    {
      "type": "Feature",
      "geometry": {
        "type": "Point",
        "coordinates": [
          74.01967,
          15.27735
        ]
      },
      "properties": {
        "name": "Margao Commercial Center Restaurant #1524",
        "type": "restaurant",
        "category": "restaurant",
        "city": "Margao Commercial Center",
        "rating": 4.2,
        "footfall": 2602,
        "revenue_index": 0.84,
        "value": 0.712
      }
    },
    {
      "type": "Feature",
      "geometry": {
        "type": "Point",
        "coordinates": [
          73.96778,
          15.29311
        ]
      },
      "properties": {
        "name": "Margao Commercial Center Restaurant #1525",
        "type": "restaurant",
        "category": "restaurant",
        "city": "Margao Commercial Center",
        "rating": 3.7,
        "footfall": 3327,
        "revenue_index": 0.79,
        "value": 0.401
      }
    },
    {
      "type": "Feature",
      "geometry": {
        "type": "Point",
        "coordinates": [
          73.99179,
          15.2452
        ]
      },
      "properties": {
        "name": "Margao Commercial Center Bank #1526",
        "type": "bank",
        "category": "bank",
        "city": "Margao Commercial Center",
        "rating": 4.6,
        "footfall": 3101,
        "revenue_index": 0.77,
        "value": 0.45
      }
    }
  ]
}